{
  "data_generation/generate_single_record": {
    "current": {
      "mean": 0.6216593018291436,
      "stddev": 0.002082789100754038,
      "unit": "ns"
    },
    "new": {
      "mean": 0.6216593018291436,
      "stddev": 0.002082789100754038,
      "unit": "ns"
    }
  },
  "encryption/placeholder": {
    "current": {
      "mean": 1.2428244497824803,
      "stddev": 0.002662290705191893,
      "unit": "ns"
    },
    "new": {
      "mean": 1.2428244497824803,
      "stddev": 0.002662290705191893,
      "unit": "ns"
    }
  },
  "json_validation/complex": {
    "current": {
      "mean": 567.2265251997981,
      "stddev": 8.738979417641941,
      "unit": "ns"
    },
    "new": {
      "mean": 567.2265251997981,
      "stddev": 8.738979417641941,
      "unit": "ns"
    }
  },
  "json_validation/simple": {
    "current": {
      "mean": 99.04547214995924,
      "stddev": 1.2694933313496808,
      "unit": "ns"
    },
    "new": {
      "mean": 99.04547214995924,
      "stddev": 1.2694933313496808,
      "unit": "ns"
    }
  },
  "memory/deep_template_rendering": {
    "current": {
      "mean": 1477.1110056446205,
      "stddev": 1.6005806421183721,
      "unit": "ns"
    },
    "new": {
      "mean": 1477.1110056446205,
      "stddev": 1.6005806421183721,
      "unit": "ns"
    }
  },
  "memory/large_data_validation": {
    "current": {
      "mean": 104766.63504748893,
      "stddev": 437.0564952164771,
      "unit": "ns"
    },
    "new": {
      "mean": 104766.63504748893,
      "stddev": 437.0564952164771,
      "unit": "ns"
    }
  },
  "memory/large_spec_parsing": {
    "current": {
      "mean": 7014974.814583334,
      "stddev": 12971.585775764734,
      "unit": "ns"
    },
    "new": {
      "mean": 7014974.814583334,
      "stddev": 12971.585775764734,
      "unit": "ns"
    }
  },
  "openapi_parsing/medium_spec_10_paths": {
    "current": {
      "mean": 171126.1809998852,
      "stddev": 2219.8733345193114,
      "unit": "ns"
    },
    "new": {
      "mean": 171126.1809998852,
      "stddev": 2219.8733345193114,
      "unit": "ns"
    }
  },
  "openapi_parsing/small_spec": {
    "current": {
      "mean": 24294.919511083608,
      "stddev": 306.22307139696954,
      "unit": "ns"
    },
    "new": {
      "mean": 24294.919511083608,
      "stddev": 306.22307139696954,
      "unit": "ns"
    }
  },
  "template_rendering/arrays": {
    "current": {
      "mean": 317.2401501256786,
      "stddev": 8.420105829044626,
      "unit": "ns"
    },
    "new": {
      "mean": 317.2401501256786,
      "stddev": 8.420105829044626,
      "unit": "ns"
    }
  },
  "template_rendering/complex": {
    "current": {
      "mean": 383.92008830376335,
      "stddev": 13.259912557407322,
      "unit": "ns"
    },
    "new": {
      "mean": 383.92008830376335,
      "stddev": 13.259912557407322,
      "unit": "ns"
    }
  },
  "template_rendering/simple": {
    "current": {
      "mean": 449.7764025066924,
      "stddev": 5.01203930835317,
      "unit": "ns"
    },
    "new": {
      "mean": 449.7764025066924,
      "stddev": 5.01203930835317,
      "unit": "ns"
    }
  }
}