{
  "data_generation/generate_single_record": {
    "current": {
      "mean": 775.181392094457,
      "stddev": 6.307362475325116,
      "unit": "ns"
    },
    "new": {
      "mean": 775.181392094457,
      "stddev": 6.307362475325116,
      "unit": "ns"
    }
  },
  "encryption/aes256_gcm": {
    "current": {
      "mean": 1108.4807221139404,
      "stddev": 5.006896499654007,
      "unit": "ns"
    },
    "new": {
      "mean": 1108.4807221139404,
      "stddev": 5.006896499654007,
      "unit": "ns"
    }
  },
  "encryption/chacha20_poly1305": {
    "current": {
      "mean": 4169.934101815688,
      "stddev": 31.144419784670085,
      "unit": "ns"
    },
    "new": {
      "mean": 4169.934101815688,
      "stddev": 31.144419784670085,
      "unit": "ns"
    }
  },
  "json_validation/complex": {
    "current": {
      "mean": 577.5157006229101,
      "stddev": 7.373638986042079,
      "unit": "ns"
    },
    "new": {
      "mean": 577.5157006229101,
      "stddev": 7.373638986042079,
      "unit": "ns"
    }
  },
  "json_validation/simple": {
    "current": {
      "mean": 98.52381535736464,
      "stddev": 0.8995539281521584,
      "unit": "ns"
    },
    "new": {
      "mean": 98.52381535736464,
      "stddev": 0.8995539281521584,
      "unit": "ns"
    }
  },
  "memory/deep_template_rendering": {
    "current": {
      "mean": 1446.3726800615016,
      "stddev": 1.1783406369805918,
      "unit": "ns"
    },
    "new": {
      "mean": 1446.3726800615016,
      "stddev": 1.1783406369805918,
      "unit": "ns"
    }
  },
  "memory/large_data_validation": {
    "current": {
      "mean": 104525.41782439934,
      "stddev": 384.52337303600626,
      "unit": "ns"
    },
    "new": {
      "mean": 104525.41782439934,
      "stddev": 384.52337303600626,
      "unit": "ns"
    }
  },
  "memory/large_spec_parsing": {
    "current": {
      "mean": 6997141.745244709,
      "stddev": 9698.638086593943,
      "unit": "ns"
    },
    "new": {
      "mean": 6997141.745244709,
      "stddev": 9698.638086593943,
      "unit": "ns"
    }
  },
  "openapi_parsing/medium_spec_10_paths": {
    "current": {
      "mean": 172097.50130810987,
      "stddev": 2518.2742644329196,
      "unit": "ns"
    },
    "new": {
      "mean": 172097.50130810987,
      "stddev": 2518.2742644329196,
      "unit": "ns"
    }
  },
  "openapi_parsing/small_spec": {
    "current": {
      "mean": 24036.772037074712,
      "stddev": 364.5852867037539,
      "unit": "ns"
    },
    "new": {
      "mean": 24036.772037074712,
      "stddev": 364.5852867037539,
      "unit": "ns"
    }
  },
  "template_rendering/arrays": {
    "current": {
      "mean": 311.34349894629895,
      "stddev": 4.150034768009483,
      "unit": "ns"
    },
    "new": {
      "mean": 311.34349894629895,
      "stddev": 4.150034768009483,
      "unit": "ns"
    }
  },
  "template_rendering/complex": {
    "current": {
      "mean": 376.2989608523037,
      "stddev": 5.691045614988616,
      "unit": "ns"
    },
    "new": {
      "mean": 376.2989608523037,
      "stddev": 5.691045614988616,
      "unit": "ns"
    }
  },
  "template_rendering/simple": {
    "current": {
      "mean": 886.3667700893836,
      "stddev": 13.879217119788827,
      "unit": "ns"
    },
    "new": {
      "mean": 886.3667700893836,
      "stddev": 13.879217119788827,
      "unit": "ns"
    }
  }
}