{
  "data_generation/generate_single_record": {
    "current": {
      "mean": 783.8448308649993,
      "stddev": 7.669218036415574,
      "unit": "ns"
    },
    "new": {
      "mean": 783.8448308649993,
      "stddev": 7.669218036415574,
      "unit": "ns"
    }
  },
  "encryption/aes256_gcm": {
    "current": {
      "mean": 1126.8890133983487,
      "stddev": 11.606841931513602,
      "unit": "ns"
    },
    "new": {
      "mean": 1126.8890133983487,
      "stddev": 11.606841931513602,
      "unit": "ns"
    }
  },
  "encryption/chacha20_poly1305": {
    "current": {
      "mean": 4160.05172929077,
      "stddev": 11.093914698975055,
      "unit": "ns"
    },
    "new": {
      "mean": 4160.05172929077,
      "stddev": 11.093914698975055,
      "unit": "ns"
    }
  },
  "json_validation/complex": {
    "current": {
      "mean": 588.2081606411798,
      "stddev": 10.062028394324827,
      "unit": "ns"
    },
    "new": {
      "mean": 588.2081606411798,
      "stddev": 10.062028394324827,
      "unit": "ns"
    }
  },
  "json_validation/simple": {
    "current": {
      "mean": 103.83552795816578,
      "stddev": 4.6703272119858035,
      "unit": "ns"
    },
    "new": {
      "mean": 103.83552795816578,
      "stddev": 4.6703272119858035,
      "unit": "ns"
    }
  },
  "memory/deep_template_rendering": {
    "current": {
      "mean": 1508.9648940842892,
      "stddev": 11.775856733986863,
      "unit": "ns"
    },
    "new": {
      "mean": 1508.9648940842892,
      "stddev": 11.775856733986863,
      "unit": "ns"
    }
  },
  "memory/large_data_validation": {
    "current": {
      "mean": 106043.21708557347,
      "stddev": 351.2051159390137,
      "unit": "ns"
    },
    "new": {
      "mean": 106043.21708557347,
      "stddev": 351.2051159390137,
      "unit": "ns"
    }
  },
  "memory/large_spec_parsing": {
    "current": {
      "mean": 7155541.3690331895,
      "stddev": 81200.64233458697,
      "unit": "ns"
    },
    "new": {
      "mean": 7155541.3690331895,
      "stddev": 81200.64233458697,
      "unit": "ns"
    }
  },
  "openapi_parsing/medium_spec_10_paths": {
    "current": {
      "mean": 170077.7342535671,
      "stddev": 1600.1237137902217,
      "unit": "ns"
    },
    "new": {
      "mean": 170077.7342535671,
      "stddev": 1600.1237137902217,
      "unit": "ns"
    }
  },
  "openapi_parsing/small_spec": {
    "current": {
      "mean": 24280.07915236783,
      "stddev": 289.42375608745164,
      "unit": "ns"
    },
    "new": {
      "mean": 24280.07915236783,
      "stddev": 289.42375608745164,
      "unit": "ns"
    }
  },
  "template_rendering/arrays": {
    "current": {
      "mean": 318.39133681637924,
      "stddev": 2.687874669283645,
      "unit": "ns"
    },
    "new": {
      "mean": 318.39133681637924,
      "stddev": 2.687874669283645,
      "unit": "ns"
    }
  },
  "template_rendering/complex": {
    "current": {
      "mean": 388.22172607071735,
      "stddev": 53.16978653876728,
      "unit": "ns"
    },
    "new": {
      "mean": 388.22172607071735,
      "stddev": 53.16978653876728,
      "unit": "ns"
    }
  },
  "template_rendering/simple": {
    "current": {
      "mean": 932.69619734394,
      "stddev": 28.310313797906616,
      "unit": "ns"
    },
    "new": {
      "mean": 932.69619734394,
      "stddev": 28.310313797906616,
      "unit": "ns"
    }
  }
}