{
  "data_generation/generate_single_record": {
    "current": {
      "mean": 749.9573703700007,
      "stddev": 7.223209273365349,
      "unit": "ns"
    },
    "new": {
      "mean": 749.9573703700007,
      "stddev": 7.223209273365349,
      "unit": "ns"
    }
  },
  "encryption/aes256_gcm": {
    "current": {
      "mean": 1105.8384022533191,
      "stddev": 9.980948177117282,
      "unit": "ns"
    },
    "new": {
      "mean": 1105.8384022533191,
      "stddev": 9.980948177117282,
      "unit": "ns"
    }
  },
  "encryption/chacha20_poly1305": {
    "current": {
      "mean": 4195.045121811986,
      "stddev": 17.213652731996365,
      "unit": "ns"
    },
    "new": {
      "mean": 4195.045121811986,
      "stddev": 17.213652731996365,
      "unit": "ns"
    }
  },
  "json_validation/complex": {
    "current": {
      "mean": 574.3215692676357,
      "stddev": 3.701125032711527,
      "unit": "ns"
    },
    "new": {
      "mean": 574.3215692676357,
      "stddev": 3.701125032711527,
      "unit": "ns"
    }
  },
  "json_validation/simple": {
    "current": {
      "mean": 107.08630454435857,
      "stddev": 1.7189919788302084,
      "unit": "ns"
    },
    "new": {
      "mean": 107.08630454435857,
      "stddev": 1.7189919788302084,
      "unit": "ns"
    }
  },
  "memory/deep_template_rendering": {
    "current": {
      "mean": 1433.761240702966,
      "stddev": 1.6771148437491732,
      "unit": "ns"
    },
    "new": {
      "mean": 1433.761240702966,
      "stddev": 1.6771148437491732,
      "unit": "ns"
    }
  },
  "memory/large_data_validation": {
    "current": {
      "mean": 105285.11927906417,
      "stddev": 160.20319151727304,
      "unit": "ns"
    },
    "new": {
      "mean": 105285.11927906417,
      "stddev": 160.20319151727304,
      "unit": "ns"
    }
  },
  "memory/large_spec_parsing": {
    "current": {
      "mean": 6835168.97426918,
      "stddev": 17984.358499668753,
      "unit": "ns"
    },
    "new": {
      "mean": 6835168.97426918,
      "stddev": 17984.358499668753,
      "unit": "ns"
    }
  },
  "openapi_parsing/medium_spec_10_paths": {
    "current": {
      "mean": 175428.96365726818,
      "stddev": 1806.6245744531993,
      "unit": "ns"
    },
    "new": {
      "mean": 175428.96365726818,
      "stddev": 1806.6245744531993,
      "unit": "ns"
    }
  },
  "openapi_parsing/small_spec": {
    "current": {
      "mean": 23897.632285810985,
      "stddev": 190.92693626039394,
      "unit": "ns"
    },
    "new": {
      "mean": 23897.632285810985,
      "stddev": 190.92693626039394,
      "unit": "ns"
    }
  },
  "template_rendering/arrays": {
    "current": {
      "mean": 321.0132990928075,
      "stddev": 2.6778232319393926,
      "unit": "ns"
    },
    "new": {
      "mean": 321.0132990928075,
      "stddev": 2.6778232319393926,
      "unit": "ns"
    }
  },
  "template_rendering/complex": {
    "current": {
      "mean": 379.6471834182858,
      "stddev": 2.790055823421556,
      "unit": "ns"
    },
    "new": {
      "mean": 379.6471834182858,
      "stddev": 2.790055823421556,
      "unit": "ns"
    }
  },
  "template_rendering/simple": {
    "current": {
      "mean": 903.2129016567818,
      "stddev": 14.948643927926415,
      "unit": "ns"
    },
    "new": {
      "mean": 903.2129016567818,
      "stddev": 14.948643927926415,
      "unit": "ns"
    }
  }
}