{
  "data_generation/generate_single_record": {
    "current": {
      "mean": 750.9869677533203,
      "stddev": 13.575838451796537,
      "unit": "ns"
    },
    "new": {
      "mean": 750.9869677533203,
      "stddev": 13.575838451796537,
      "unit": "ns"
    }
  },
  "encryption/aes256_gcm": {
    "current": {
      "mean": 1141.4949704946512,
      "stddev": 10.796250295654952,
      "unit": "ns"
    },
    "new": {
      "mean": 1141.4949704946512,
      "stddev": 10.796250295654952,
      "unit": "ns"
    }
  },
  "encryption/chacha20_poly1305": {
    "current": {
      "mean": 4265.59718224969,
      "stddev": 288.97877962210265,
      "unit": "ns"
    },
    "new": {
      "mean": 4265.59718224969,
      "stddev": 288.97877962210265,
      "unit": "ns"
    }
  },
  "json_validation/complex": {
    "current": {
      "mean": 567.6746884583902,
      "stddev": 7.296711594574893,
      "unit": "ns"
    },
    "new": {
      "mean": 567.6746884583902,
      "stddev": 7.296711594574893,
      "unit": "ns"
    }
  },
  "json_validation/simple": {
    "current": {
      "mean": 99.69195373971627,
      "stddev": 1.516629423520809,
      "unit": "ns"
    },
    "new": {
      "mean": 99.69195373971627,
      "stddev": 1.516629423520809,
      "unit": "ns"
    }
  },
  "memory/deep_template_rendering": {
    "current": {
      "mean": 1496.7792975965788,
      "stddev": 2.1776825463127154,
      "unit": "ns"
    },
    "new": {
      "mean": 1496.7792975965788,
      "stddev": 2.1776825463127154,
      "unit": "ns"
    }
  },
  "memory/large_data_validation": {
    "current": {
      "mean": 103793.16049931175,
      "stddev": 267.04528426791063,
      "unit": "ns"
    },
    "new": {
      "mean": 103793.16049931175,
      "stddev": 267.04528426791063,
      "unit": "ns"
    }
  },
  "memory/large_spec_parsing": {
    "current": {
      "mean": 7030364.393455687,
      "stddev": 19236.113396111446,
      "unit": "ns"
    },
    "new": {
      "mean": 7030364.393455687,
      "stddev": 19236.113396111446,
      "unit": "ns"
    }
  },
  "openapi_parsing/medium_spec_10_paths": {
    "current": {
      "mean": 172299.07586082778,
      "stddev": 2818.0638145984667,
      "unit": "ns"
    },
    "new": {
      "mean": 172299.07586082778,
      "stddev": 2818.0638145984667,
      "unit": "ns"
    }
  },
  "openapi_parsing/small_spec": {
    "current": {
      "mean": 24340.984821458158,
      "stddev": 1225.4514728768024,
      "unit": "ns"
    },
    "new": {
      "mean": 24340.984821458158,
      "stddev": 1225.4514728768024,
      "unit": "ns"
    }
  },
  "template_rendering/arrays": {
    "current": {
      "mean": 320.6286246931132,
      "stddev": 2.4013912522880134,
      "unit": "ns"
    },
    "new": {
      "mean": 320.6286246931132,
      "stddev": 2.4013912522880134,
      "unit": "ns"
    }
  },
  "template_rendering/complex": {
    "current": {
      "mean": 386.86340736076164,
      "stddev": 6.099163406878755,
      "unit": "ns"
    },
    "new": {
      "mean": 386.86340736076164,
      "stddev": 6.099163406878755,
      "unit": "ns"
    }
  },
  "template_rendering/simple": {
    "current": {
      "mean": 919.0288076706361,
      "stddev": 42.313819413700294,
      "unit": "ns"
    },
    "new": {
      "mean": 919.0288076706361,
      "stddev": 42.313819413700294,
      "unit": "ns"
    }
  }
}