{
  "data_generation/generate_single_record": {
    "current": {
      "mean": 764.3745123626903,
      "stddev": 7.947555498811257,
      "unit": "ns"
    },
    "new": {
      "mean": 764.3745123626903,
      "stddev": 7.947555498811257,
      "unit": "ns"
    }
  },
  "encryption/aes256_gcm": {
    "current": {
      "mean": 1091.9550282016987,
      "stddev": 6.006480969408796,
      "unit": "ns"
    },
    "new": {
      "mean": 1091.9550282016987,
      "stddev": 6.006480969408796,
      "unit": "ns"
    }
  },
  "encryption/chacha20_poly1305": {
    "current": {
      "mean": 4182.843778787729,
      "stddev": 16.91556678099765,
      "unit": "ns"
    },
    "new": {
      "mean": 4182.843778787729,
      "stddev": 16.91556678099765,
      "unit": "ns"
    }
  },
  "json_validation/complex": {
    "current": {
      "mean": 595.65130065892,
      "stddev": 3.934745166155026,
      "unit": "ns"
    },
    "new": {
      "mean": 595.65130065892,
      "stddev": 3.934745166155026,
      "unit": "ns"
    }
  },
  "json_validation/simple": {
    "current": {
      "mean": 98.94077281660726,
      "stddev": 0.9492737006297781,
      "unit": "ns"
    },
    "new": {
      "mean": 98.94077281660726,
      "stddev": 0.9492737006297781,
      "unit": "ns"
    }
  },
  "memory/deep_template_rendering": {
    "current": {
      "mean": 1484.87113326547,
      "stddev": 1.6703341030482535,
      "unit": "ns"
    },
    "new": {
      "mean": 1484.87113326547,
      "stddev": 1.6703341030482535,
      "unit": "ns"
    }
  },
  "memory/large_data_validation": {
    "current": {
      "mean": 105564.95421475382,
      "stddev": 207.39720501425495,
      "unit": "ns"
    },
    "new": {
      "mean": 105564.95421475382,
      "stddev": 207.39720501425495,
      "unit": "ns"
    }
  },
  "memory/large_spec_parsing": {
    "current": {
      "mean": 6875756.637764549,
      "stddev": 24367.546775291165,
      "unit": "ns"
    },
    "new": {
      "mean": 6875756.637764549,
      "stddev": 24367.546775291165,
      "unit": "ns"
    }
  },
  "openapi_parsing/medium_spec_10_paths": {
    "current": {
      "mean": 167041.558961938,
      "stddev": 2185.2062168479542,
      "unit": "ns"
    },
    "new": {
      "mean": 167041.558961938,
      "stddev": 2185.2062168479542,
      "unit": "ns"
    }
  },
  "openapi_parsing/small_spec": {
    "current": {
      "mean": 23841.441482611364,
      "stddev": 179.8297037546951,
      "unit": "ns"
    },
    "new": {
      "mean": 23841.441482611364,
      "stddev": 179.8297037546951,
      "unit": "ns"
    }
  },
  "template_rendering/arrays": {
    "current": {
      "mean": 320.8306857452966,
      "stddev": 2.1690111087777377,
      "unit": "ns"
    },
    "new": {
      "mean": 320.8306857452966,
      "stddev": 2.1690111087777377,
      "unit": "ns"
    }
  },
  "template_rendering/complex": {
    "current": {
      "mean": 379.2741337854248,
      "stddev": 4.934041643400748,
      "unit": "ns"
    },
    "new": {
      "mean": 379.2741337854248,
      "stddev": 4.934041643400748,
      "unit": "ns"
    }
  },
  "template_rendering/simple": {
    "current": {
      "mean": 921.7927955668508,
      "stddev": 19.60718353214979,
      "unit": "ns"
    },
    "new": {
      "mean": 921.7927955668508,
      "stddev": 19.60718353214979,
      "unit": "ns"
    }
  }
}