{
  "data_generation/generate_single_record": {
    "current": {
      "mean": 752.5825342041312,
      "stddev": 12.79823928127428,
      "unit": "ns"
    },
    "new": {
      "mean": 752.5825342041312,
      "stddev": 12.79823928127428,
      "unit": "ns"
    }
  },
  "encryption/aes256_gcm": {
    "current": {
      "mean": 1079.9803473027232,
      "stddev": 6.269794672118232,
      "unit": "ns"
    },
    "new": {
      "mean": 1079.9803473027232,
      "stddev": 6.269794672118232,
      "unit": "ns"
    }
  },
  "encryption/chacha20_poly1305": {
    "current": {
      "mean": 4174.3814518175695,
      "stddev": 23.537950735571282,
      "unit": "ns"
    },
    "new": {
      "mean": 4174.3814518175695,
      "stddev": 23.537950735571282,
      "unit": "ns"
    }
  },
  "json_validation/complex": {
    "current": {
      "mean": 577.1573865203815,
      "stddev": 14.342402091959787,
      "unit": "ns"
    },
    "new": {
      "mean": 577.1573865203815,
      "stddev": 14.342402091959787,
      "unit": "ns"
    }
  },
  "json_validation/simple": {
    "current": {
      "mean": 104.55970114497136,
      "stddev": 2.1376615898854765,
      "unit": "ns"
    },
    "new": {
      "mean": 104.55970114497136,
      "stddev": 2.1376615898854765,
      "unit": "ns"
    }
  },
  "memory/deep_template_rendering": {
    "current": {
      "mean": 1418.1535904204825,
      "stddev": 4.582179683992383,
      "unit": "ns"
    },
    "new": {
      "mean": 1418.1535904204825,
      "stddev": 4.582179683992383,
      "unit": "ns"
    }
  },
  "memory/large_data_validation": {
    "current": {
      "mean": 106307.89452032093,
      "stddev": 399.6224688495964,
      "unit": "ns"
    },
    "new": {
      "mean": 106307.89452032093,
      "stddev": 399.6224688495964,
      "unit": "ns"
    }
  },
  "memory/large_spec_parsing": {
    "current": {
      "mean": 7258354.850300926,
      "stddev": 256832.64189751228,
      "unit": "ns"
    },
    "new": {
      "mean": 7258354.850300926,
      "stddev": 256832.64189751228,
      "unit": "ns"
    }
  },
  "openapi_parsing/medium_spec_10_paths": {
    "current": {
      "mean": 171164.167560653,
      "stddev": 1586.5095612649818,
      "unit": "ns"
    },
    "new": {
      "mean": 171164.167560653,
      "stddev": 1586.5095612649818,
      "unit": "ns"
    }
  },
  "openapi_parsing/small_spec": {
    "current": {
      "mean": 23942.85016938153,
      "stddev": 439.53001622365883,
      "unit": "ns"
    },
    "new": {
      "mean": 23942.85016938153,
      "stddev": 439.53001622365883,
      "unit": "ns"
    }
  },
  "template_rendering/arrays": {
    "current": {
      "mean": 329.51249800773536,
      "stddev": 9.562465109138309,
      "unit": "ns"
    },
    "new": {
      "mean": 329.51249800773536,
      "stddev": 9.562465109138309,
      "unit": "ns"
    }
  },
  "template_rendering/complex": {
    "current": {
      "mean": 373.358996649669,
      "stddev": 4.590333433670034,
      "unit": "ns"
    },
    "new": {
      "mean": 373.358996649669,
      "stddev": 4.590333433670034,
      "unit": "ns"
    }
  },
  "template_rendering/simple": {
    "current": {
      "mean": 1216.6795146355516,
      "stddev": 65.78049639942017,
      "unit": "ns"
    },
    "new": {
      "mean": 1216.6795146355516,
      "stddev": 65.78049639942017,
      "unit": "ns"
    }
  }
}