{
  "data_generation/generate_single_record": {
    "current": {
      "mean": 777.171374791715,
      "stddev": 14.690493872676479,
      "unit": "ns"
    },
    "new": {
      "mean": 777.171374791715,
      "stddev": 14.690493872676479,
      "unit": "ns"
    }
  },
  "encryption/aes256_gcm": {
    "current": {
      "mean": 1127.645781044835,
      "stddev": 15.106493384846933,
      "unit": "ns"
    },
    "new": {
      "mean": 1127.645781044835,
      "stddev": 15.106493384846933,
      "unit": "ns"
    }
  },
  "encryption/chacha20_poly1305": {
    "current": {
      "mean": 4176.583094046326,
      "stddev": 21.183672215011985,
      "unit": "ns"
    },
    "new": {
      "mean": 4176.583094046326,
      "stddev": 21.183672215011985,
      "unit": "ns"
    }
  },
  "json_validation/complex": {
    "current": {
      "mean": 589.2879308800244,
      "stddev": 10.063500783173955,
      "unit": "ns"
    },
    "new": {
      "mean": 589.2879308800244,
      "stddev": 10.063500783173955,
      "unit": "ns"
    }
  },
  "json_validation/simple": {
    "current": {
      "mean": 99.12324417728932,
      "stddev": 1.6147912872235282,
      "unit": "ns"
    },
    "new": {
      "mean": 99.12324417728932,
      "stddev": 1.6147912872235282,
      "unit": "ns"
    }
  },
  "memory/deep_template_rendering": {
    "current": {
      "mean": 1456.5124831449225,
      "stddev": 1.1089658273431076,
      "unit": "ns"
    },
    "new": {
      "mean": 1456.5124831449225,
      "stddev": 1.1089658273431076,
      "unit": "ns"
    }
  },
  "memory/large_data_validation": {
    "current": {
      "mean": 105374.24769128738,
      "stddev": 253.0949952116664,
      "unit": "ns"
    },
    "new": {
      "mean": 105374.24769128738,
      "stddev": 253.0949952116664,
      "unit": "ns"
    }
  },
  "memory/large_spec_parsing": {
    "current": {
      "mean": 7261469.456583694,
      "stddev": 148618.45825660645,
      "unit": "ns"
    },
    "new": {
      "mean": 7261469.456583694,
      "stddev": 148618.45825660645,
      "unit": "ns"
    }
  },
  "openapi_parsing/medium_spec_10_paths": {
    "current": {
      "mean": 171201.67553646668,
      "stddev": 2296.02770187829,
      "unit": "ns"
    },
    "new": {
      "mean": 171201.67553646668,
      "stddev": 2296.02770187829,
      "unit": "ns"
    }
  },
  "openapi_parsing/small_spec": {
    "current": {
      "mean": 24429.52140162582,
      "stddev": 647.0682585985965,
      "unit": "ns"
    },
    "new": {
      "mean": 24429.52140162582,
      "stddev": 647.0682585985965,
      "unit": "ns"
    }
  },
  "template_rendering/arrays": {
    "current": {
      "mean": 314.10294982679704,
      "stddev": 4.4850668677041465,
      "unit": "ns"
    },
    "new": {
      "mean": 314.10294982679704,
      "stddev": 4.4850668677041465,
      "unit": "ns"
    }
  },
  "template_rendering/complex": {
    "current": {
      "mean": 375.3070379013683,
      "stddev": 12.731212798805903,
      "unit": "ns"
    },
    "new": {
      "mean": 375.3070379013683,
      "stddev": 12.731212798805903,
      "unit": "ns"
    }
  },
  "template_rendering/simple": {
    "current": {
      "mean": 910.058738191937,
      "stddev": 25.983945154509676,
      "unit": "ns"
    },
    "new": {
      "mean": 910.058738191937,
      "stddev": 25.983945154509676,
      "unit": "ns"
    }
  }
}