{
  "data_generation/generate_single_record": {
    "current": {
      "mean": 763.0849834843688,
      "stddev": 11.202736642825453,
      "unit": "ns"
    },
    "new": {
      "mean": 763.0849834843688,
      "stddev": 11.202736642825453,
      "unit": "ns"
    }
  },
  "encryption/aes256_gcm": {
    "current": {
      "mean": 1098.9219653919072,
      "stddev": 15.912279297244318,
      "unit": "ns"
    },
    "new": {
      "mean": 1098.9219653919072,
      "stddev": 15.912279297244318,
      "unit": "ns"
    }
  },
  "encryption/chacha20_poly1305": {
    "current": {
      "mean": 4129.998300051399,
      "stddev": 11.851395137747428,
      "unit": "ns"
    },
    "new": {
      "mean": 4129.998300051399,
      "stddev": 11.851395137747428,
      "unit": "ns"
    }
  },
  "json_validation/complex": {
    "current": {
      "mean": 606.7367111835206,
      "stddev": 24.02660917573565,
      "unit": "ns"
    },
    "new": {
      "mean": 606.7367111835206,
      "stddev": 24.02660917573565,
      "unit": "ns"
    }
  },
  "json_validation/simple": {
    "current": {
      "mean": 100.68222346699454,
      "stddev": 0.7684061699102844,
      "unit": "ns"
    },
    "new": {
      "mean": 100.68222346699454,
      "stddev": 0.7684061699102844,
      "unit": "ns"
    }
  },
  "memory/deep_template_rendering": {
    "current": {
      "mean": 1456.8333253024707,
      "stddev": 1.9750419191701587,
      "unit": "ns"
    },
    "new": {
      "mean": 1456.8333253024707,
      "stddev": 1.9750419191701587,
      "unit": "ns"
    }
  },
  "memory/large_data_validation": {
    "current": {
      "mean": 105754.91383939474,
      "stddev": 368.5381627736392,
      "unit": "ns"
    },
    "new": {
      "mean": 105754.91383939474,
      "stddev": 368.5381627736392,
      "unit": "ns"
    }
  },
  "memory/large_spec_parsing": {
    "current": {
      "mean": 6898899.759566799,
      "stddev": 22837.77017361811,
      "unit": "ns"
    },
    "new": {
      "mean": 6898899.759566799,
      "stddev": 22837.77017361811,
      "unit": "ns"
    }
  },
  "openapi_parsing/medium_spec_10_paths": {
    "current": {
      "mean": 170956.4930880959,
      "stddev": 1764.4997190666693,
      "unit": "ns"
    },
    "new": {
      "mean": 170956.4930880959,
      "stddev": 1764.4997190666693,
      "unit": "ns"
    }
  },
  "openapi_parsing/small_spec": {
    "current": {
      "mean": 24147.190452546085,
      "stddev": 612.8676530242341,
      "unit": "ns"
    },
    "new": {
      "mean": 24147.190452546085,
      "stddev": 612.8676530242341,
      "unit": "ns"
    }
  },
  "template_rendering/arrays": {
    "current": {
      "mean": 311.91548285178766,
      "stddev": 3.613766813178587,
      "unit": "ns"
    },
    "new": {
      "mean": 311.91548285178766,
      "stddev": 3.613766813178587,
      "unit": "ns"
    }
  },
  "template_rendering/complex": {
    "current": {
      "mean": 368.1769164257449,
      "stddev": 6.345974074779621,
      "unit": "ns"
    },
    "new": {
      "mean": 368.1769164257449,
      "stddev": 6.345974074779621,
      "unit": "ns"
    }
  },
  "template_rendering/simple": {
    "current": {
      "mean": 913.2644811428654,
      "stddev": 19.057642297928496,
      "unit": "ns"
    },
    "new": {
      "mean": 913.2644811428654,
      "stddev": 19.057642297928496,
      "unit": "ns"
    }
  }
}