{
  "data_generation/generate_single_record": {
    "current": {
      "mean": 763.1022726661048,
      "stddev": 11.713296378914734,
      "unit": "ns"
    },
    "new": {
      "mean": 763.1022726661048,
      "stddev": 11.713296378914734,
      "unit": "ns"
    }
  },
  "encryption/aes256_gcm": {
    "current": {
      "mean": 1130.3004463077998,
      "stddev": 4.087806910757499,
      "unit": "ns"
    },
    "new": {
      "mean": 1130.3004463077998,
      "stddev": 4.087806910757499,
      "unit": "ns"
    }
  },
  "encryption/chacha20_poly1305": {
    "current": {
      "mean": 4187.056817785262,
      "stddev": 17.46515039691179,
      "unit": "ns"
    },
    "new": {
      "mean": 4187.056817785262,
      "stddev": 17.46515039691179,
      "unit": "ns"
    }
  },
  "json_validation/complex": {
    "current": {
      "mean": 577.4443621485391,
      "stddev": 4.390122777121842,
      "unit": "ns"
    },
    "new": {
      "mean": 577.4443621485391,
      "stddev": 4.390122777121842,
      "unit": "ns"
    }
  },
  "json_validation/simple": {
    "current": {
      "mean": 99.15968663325448,
      "stddev": 1.4724620308769254,
      "unit": "ns"
    },
    "new": {
      "mean": 99.15968663325448,
      "stddev": 1.4724620308769254,
      "unit": "ns"
    }
  },
  "memory/deep_template_rendering": {
    "current": {
      "mean": 1514.3992691036644,
      "stddev": 1.4290106283081292,
      "unit": "ns"
    },
    "new": {
      "mean": 1514.3992691036644,
      "stddev": 1.4290106283081292,
      "unit": "ns"
    }
  },
  "memory/large_data_validation": {
    "current": {
      "mean": 105015.84946079715,
      "stddev": 386.07133024621385,
      "unit": "ns"
    },
    "new": {
      "mean": 105015.84946079715,
      "stddev": 386.07133024621385,
      "unit": "ns"
    }
  },
  "memory/large_spec_parsing": {
    "current": {
      "mean": 7431956.825346321,
      "stddev": 119886.56243774385,
      "unit": "ns"
    },
    "new": {
      "mean": 7431956.825346321,
      "stddev": 119886.56243774385,
      "unit": "ns"
    }
  },
  "openapi_parsing/medium_spec_10_paths": {
    "current": {
      "mean": 173692.6491382927,
      "stddev": 2558.615174884985,
      "unit": "ns"
    },
    "new": {
      "mean": 173692.6491382927,
      "stddev": 2558.615174884985,
      "unit": "ns"
    }
  },
  "openapi_parsing/small_spec": {
    "current": {
      "mean": 24822.5420099289,
      "stddev": 340.1343739907857,
      "unit": "ns"
    },
    "new": {
      "mean": 24822.5420099289,
      "stddev": 340.1343739907857,
      "unit": "ns"
    }
  },
  "template_rendering/arrays": {
    "current": {
      "mean": 322.8980783388334,
      "stddev": 5.565442374445955,
      "unit": "ns"
    },
    "new": {
      "mean": 322.8980783388334,
      "stddev": 5.565442374445955,
      "unit": "ns"
    }
  },
  "template_rendering/complex": {
    "current": {
      "mean": 387.74264251074425,
      "stddev": 3.2986175756451903,
      "unit": "ns"
    },
    "new": {
      "mean": 387.74264251074425,
      "stddev": 3.2986175756451903,
      "unit": "ns"
    }
  },
  "template_rendering/simple": {
    "current": {
      "mean": 903.2530149552792,
      "stddev": 15.416384602198578,
      "unit": "ns"
    },
    "new": {
      "mean": 903.2530149552792,
      "stddev": 15.416384602198578,
      "unit": "ns"
    }
  }
}