{
  "data_generation/generate_single_record": {
    "current": {
      "mean": 759.1005973665904,
      "stddev": 13.978173501724303,
      "unit": "ns"
    },
    "new": {
      "mean": 759.1005973665904,
      "stddev": 13.978173501724303,
      "unit": "ns"
    }
  },
  "encryption/aes256_gcm": {
    "current": {
      "mean": 1090.1738409392842,
      "stddev": 10.434626211563723,
      "unit": "ns"
    },
    "new": {
      "mean": 1090.1738409392842,
      "stddev": 10.434626211563723,
      "unit": "ns"
    }
  },
  "encryption/chacha20_poly1305": {
    "current": {
      "mean": 4142.34446555675,
      "stddev": 33.64429150860777,
      "unit": "ns"
    },
    "new": {
      "mean": 4142.34446555675,
      "stddev": 33.64429150860777,
      "unit": "ns"
    }
  },
  "json_validation/complex": {
    "current": {
      "mean": 584.2109493200459,
      "stddev": 14.16419521053458,
      "unit": "ns"
    },
    "new": {
      "mean": 584.2109493200459,
      "stddev": 14.16419521053458,
      "unit": "ns"
    }
  },
  "json_validation/simple": {
    "current": {
      "mean": 101.32647002107181,
      "stddev": 1.917753504975812,
      "unit": "ns"
    },
    "new": {
      "mean": 101.32647002107181,
      "stddev": 1.917753504975812,
      "unit": "ns"
    }
  },
  "memory/deep_template_rendering": {
    "current": {
      "mean": 1454.4148208821337,
      "stddev": 1.0566311605262206,
      "unit": "ns"
    },
    "new": {
      "mean": 1454.4148208821337,
      "stddev": 1.0566311605262206,
      "unit": "ns"
    }
  },
  "memory/large_data_validation": {
    "current": {
      "mean": 106291.96674777605,
      "stddev": 1759.9254033019538,
      "unit": "ns"
    },
    "new": {
      "mean": 106291.96674777605,
      "stddev": 1759.9254033019538,
      "unit": "ns"
    }
  },
  "memory/large_spec_parsing": {
    "current": {
      "mean": 7794785.116484126,
      "stddev": 132544.21988333703,
      "unit": "ns"
    },
    "new": {
      "mean": 7794785.116484126,
      "stddev": 132544.21988333703,
      "unit": "ns"
    }
  },
  "openapi_parsing/medium_spec_10_paths": {
    "current": {
      "mean": 175999.71198544,
      "stddev": 1885.8922056341269,
      "unit": "ns"
    },
    "new": {
      "mean": 175999.71198544,
      "stddev": 1885.8922056341269,
      "unit": "ns"
    }
  },
  "openapi_parsing/small_spec": {
    "current": {
      "mean": 24527.562346524457,
      "stddev": 467.3865578858116,
      "unit": "ns"
    },
    "new": {
      "mean": 24527.562346524457,
      "stddev": 467.3865578858116,
      "unit": "ns"
    }
  },
  "template_rendering/arrays": {
    "current": {
      "mean": 319.83955579951964,
      "stddev": 9.64159486632694,
      "unit": "ns"
    },
    "new": {
      "mean": 319.83955579951964,
      "stddev": 9.64159486632694,
      "unit": "ns"
    }
  },
  "template_rendering/complex": {
    "current": {
      "mean": 380.8022841354591,
      "stddev": 4.519989369687188,
      "unit": "ns"
    },
    "new": {
      "mean": 380.8022841354591,
      "stddev": 4.519989369687188,
      "unit": "ns"
    }
  },
  "template_rendering/simple": {
    "current": {
      "mean": 1280.718930348801,
      "stddev": 85.05821176981183,
      "unit": "ns"
    },
    "new": {
      "mean": 1280.718930348801,
      "stddev": 85.05821176981183,
      "unit": "ns"
    }
  }
}