{
  "data_generation/generate_single_record": {
    "current": {
      "mean": 799.1124816370623,
      "stddev": 6.789003558729078,
      "unit": "ns"
    },
    "new": {
      "mean": 799.1124816370623,
      "stddev": 6.789003558729078,
      "unit": "ns"
    }
  },
  "encryption/aes256_gcm": {
    "current": {
      "mean": 1100.6052267627076,
      "stddev": 11.28165675614299,
      "unit": "ns"
    },
    "new": {
      "mean": 1100.6052267627076,
      "stddev": 11.28165675614299,
      "unit": "ns"
    }
  },
  "encryption/chacha20_poly1305": {
    "current": {
      "mean": 4170.29413228014,
      "stddev": 24.225150887589486,
      "unit": "ns"
    },
    "new": {
      "mean": 4170.29413228014,
      "stddev": 24.225150887589486,
      "unit": "ns"
    }
  },
  "json_validation/complex": {
    "current": {
      "mean": 599.9637510725095,
      "stddev": 10.418627012367066,
      "unit": "ns"
    },
    "new": {
      "mean": 599.9637510725095,
      "stddev": 10.418627012367066,
      "unit": "ns"
    }
  },
  "json_validation/simple": {
    "current": {
      "mean": 100.62393382908594,
      "stddev": 1.0374154472438306,
      "unit": "ns"
    },
    "new": {
      "mean": 100.62393382908594,
      "stddev": 1.0374154472438306,
      "unit": "ns"
    }
  },
  "memory/deep_template_rendering": {
    "current": {
      "mean": 1474.8960964883154,
      "stddev": 3.193284458945892,
      "unit": "ns"
    },
    "new": {
      "mean": 1474.8960964883154,
      "stddev": 3.193284458945892,
      "unit": "ns"
    }
  },
  "memory/large_data_validation": {
    "current": {
      "mean": 105524.80100702576,
      "stddev": 1965.6800463011434,
      "unit": "ns"
    },
    "new": {
      "mean": 105524.80100702576,
      "stddev": 1965.6800463011434,
      "unit": "ns"
    }
  },
  "memory/large_spec_parsing": {
    "current": {
      "mean": 7107742.57832672,
      "stddev": 20165.880482649634,
      "unit": "ns"
    },
    "new": {
      "mean": 7107742.57832672,
      "stddev": 20165.880482649634,
      "unit": "ns"
    }
  },
  "openapi_parsing/medium_spec_10_paths": {
    "current": {
      "mean": 172412.21674529955,
      "stddev": 2917.1158732899266,
      "unit": "ns"
    },
    "new": {
      "mean": 172412.21674529955,
      "stddev": 2917.1158732899266,
      "unit": "ns"
    }
  },
  "openapi_parsing/small_spec": {
    "current": {
      "mean": 24904.38440588843,
      "stddev": 410.451123298301,
      "unit": "ns"
    },
    "new": {
      "mean": 24904.38440588843,
      "stddev": 410.451123298301,
      "unit": "ns"
    }
  },
  "template_rendering/arrays": {
    "current": {
      "mean": 327.2057743268776,
      "stddev": 3.315610570380151,
      "unit": "ns"
    },
    "new": {
      "mean": 327.2057743268776,
      "stddev": 3.315610570380151,
      "unit": "ns"
    }
  },
  "template_rendering/complex": {
    "current": {
      "mean": 393.74963341931584,
      "stddev": 8.155007392994497,
      "unit": "ns"
    },
    "new": {
      "mean": 393.74963341931584,
      "stddev": 8.155007392994497,
      "unit": "ns"
    }
  },
  "template_rendering/simple": {
    "current": {
      "mean": 1232.7184300203687,
      "stddev": 12.625364560412013,
      "unit": "ns"
    },
    "new": {
      "mean": 1232.7184300203687,
      "stddev": 12.625364560412013,
      "unit": "ns"
    }
  }
}