{
  "data_generation/generate_single_record": {
    "current": {
      "mean": 776.8304538146426,
      "stddev": 5.730852868264681,
      "unit": "ns"
    },
    "new": {
      "mean": 776.8304538146426,
      "stddev": 5.730852868264681,
      "unit": "ns"
    }
  },
  "encryption/aes256_gcm": {
    "current": {
      "mean": 1131.4576512918875,
      "stddev": 21.70991285984784,
      "unit": "ns"
    },
    "new": {
      "mean": 1131.4576512918875,
      "stddev": 21.70991285984784,
      "unit": "ns"
    }
  },
  "encryption/chacha20_poly1305": {
    "current": {
      "mean": 4209.08022860165,
      "stddev": 81.10106250874257,
      "unit": "ns"
    },
    "new": {
      "mean": 4209.08022860165,
      "stddev": 81.10106250874257,
      "unit": "ns"
    }
  },
  "json_validation/complex": {
    "current": {
      "mean": 575.2250294490923,
      "stddev": 10.719021320716713,
      "unit": "ns"
    },
    "new": {
      "mean": 575.2250294490923,
      "stddev": 10.719021320716713,
      "unit": "ns"
    }
  },
  "json_validation/simple": {
    "current": {
      "mean": 99.94510725754583,
      "stddev": 2.160705790086477,
      "unit": "ns"
    },
    "new": {
      "mean": 99.94510725754583,
      "stddev": 2.160705790086477,
      "unit": "ns"
    }
  },
  "memory/deep_template_rendering": {
    "current": {
      "mean": 1479.3930319136218,
      "stddev": 3.1501907727214804,
      "unit": "ns"
    },
    "new": {
      "mean": 1479.3930319136218,
      "stddev": 3.1501907727214804,
      "unit": "ns"
    }
  },
  "memory/large_data_validation": {
    "current": {
      "mean": 106161.76659670295,
      "stddev": 300.0635796278454,
      "unit": "ns"
    },
    "new": {
      "mean": 106161.76659670295,
      "stddev": 300.0635796278454,
      "unit": "ns"
    }
  },
  "memory/large_spec_parsing": {
    "current": {
      "mean": 7290152.26742785,
      "stddev": 136600.91185510537,
      "unit": "ns"
    },
    "new": {
      "mean": 7290152.26742785,
      "stddev": 136600.91185510537,
      "unit": "ns"
    }
  },
  "openapi_parsing/medium_spec_10_paths": {
    "current": {
      "mean": 170769.25428989966,
      "stddev": 2617.5469075081155,
      "unit": "ns"
    },
    "new": {
      "mean": 170769.25428989966,
      "stddev": 2617.5469075081155,
      "unit": "ns"
    }
  },
  "openapi_parsing/small_spec": {
    "current": {
      "mean": 24450.61474510246,
      "stddev": 276.6758455033349,
      "unit": "ns"
    },
    "new": {
      "mean": 24450.61474510246,
      "stddev": 276.6758455033349,
      "unit": "ns"
    }
  },
  "template_rendering/arrays": {
    "current": {
      "mean": 317.89780518733016,
      "stddev": 12.652280099106846,
      "unit": "ns"
    },
    "new": {
      "mean": 317.89780518733016,
      "stddev": 12.652280099106846,
      "unit": "ns"
    }
  },
  "template_rendering/complex": {
    "current": {
      "mean": 386.1746093047846,
      "stddev": 5.831278178749344,
      "unit": "ns"
    },
    "new": {
      "mean": 386.1746093047846,
      "stddev": 5.831278178749344,
      "unit": "ns"
    }
  },
  "template_rendering/simple": {
    "current": {
      "mean": 1215.7653857720125,
      "stddev": 86.11844620682439,
      "unit": "ns"
    },
    "new": {
      "mean": 1215.7653857720125,
      "stddev": 86.11844620682439,
      "unit": "ns"
    }
  }
}