{
  "data_generation/generate_single_record": {
    "current": {
      "mean": 816.2048407663143,
      "stddev": 12.781530321625988,
      "unit": "ns"
    },
    "new": {
      "mean": 816.2048407663143,
      "stddev": 12.781530321625988,
      "unit": "ns"
    }
  },
  "encryption/aes256_gcm": {
    "current": {
      "mean": 1081.3929960003893,
      "stddev": 6.224705362984604,
      "unit": "ns"
    },
    "new": {
      "mean": 1081.3929960003893,
      "stddev": 6.224705362984604,
      "unit": "ns"
    }
  },
  "encryption/chacha20_poly1305": {
    "current": {
      "mean": 4144.86830662722,
      "stddev": 86.92545827938923,
      "unit": "ns"
    },
    "new": {
      "mean": 4144.86830662722,
      "stddev": 86.92545827938923,
      "unit": "ns"
    }
  },
  "json_validation/complex": {
    "current": {
      "mean": 585.9282676898424,
      "stddev": 9.481633386213716,
      "unit": "ns"
    },
    "new": {
      "mean": 585.9282676898424,
      "stddev": 9.481633386213716,
      "unit": "ns"
    }
  },
  "json_validation/simple": {
    "current": {
      "mean": 98.57844275560957,
      "stddev": 0.8270726043762457,
      "unit": "ns"
    },
    "new": {
      "mean": 98.57844275560957,
      "stddev": 0.8270726043762457,
      "unit": "ns"
    }
  },
  "memory/deep_template_rendering": {
    "current": {
      "mean": 1491.420244160274,
      "stddev": 3.8619932548070404,
      "unit": "ns"
    },
    "new": {
      "mean": 1491.420244160274,
      "stddev": 3.8619932548070404,
      "unit": "ns"
    }
  },
  "memory/large_data_validation": {
    "current": {
      "mean": 107760.00702690454,
      "stddev": 310.43584224604564,
      "unit": "ns"
    },
    "new": {
      "mean": 107760.00702690454,
      "stddev": 310.43584224604564,
      "unit": "ns"
    }
  },
  "memory/large_spec_parsing": {
    "current": {
      "mean": 6978557.183716932,
      "stddev": 51942.86718258554,
      "unit": "ns"
    },
    "new": {
      "mean": 6978557.183716932,
      "stddev": 51942.86718258554,
      "unit": "ns"
    }
  },
  "openapi_parsing/medium_spec_10_paths": {
    "current": {
      "mean": 169982.82341537767,
      "stddev": 3248.947431707288,
      "unit": "ns"
    },
    "new": {
      "mean": 169982.82341537767,
      "stddev": 3248.947431707288,
      "unit": "ns"
    }
  },
  "openapi_parsing/small_spec": {
    "current": {
      "mean": 24199.484068352467,
      "stddev": 256.2417867426723,
      "unit": "ns"
    },
    "new": {
      "mean": 24199.484068352467,
      "stddev": 256.2417867426723,
      "unit": "ns"
    }
  },
  "template_rendering/arrays": {
    "current": {
      "mean": 333.00543917911455,
      "stddev": 14.047331739733025,
      "unit": "ns"
    },
    "new": {
      "mean": 333.00543917911455,
      "stddev": 14.047331739733025,
      "unit": "ns"
    }
  },
  "template_rendering/complex": {
    "current": {
      "mean": 377.15734573283294,
      "stddev": 5.33657014312064,
      "unit": "ns"
    },
    "new": {
      "mean": 377.15734573283294,
      "stddev": 5.33657014312064,
      "unit": "ns"
    }
  },
  "template_rendering/simple": {
    "current": {
      "mean": 1194.1208837923573,
      "stddev": 14.739395844841319,
      "unit": "ns"
    },
    "new": {
      "mean": 1194.1208837923573,
      "stddev": 14.739395844841319,
      "unit": "ns"
    }
  }
}