{
  "data_generation/generate_single_record": {
    "current": {
      "mean": 766.2486855938309,
      "stddev": 12.415463195921294,
      "unit": "ns"
    },
    "new": {
      "mean": 766.2486855938309,
      "stddev": 12.415463195921294,
      "unit": "ns"
    }
  },
  "encryption/aes256_gcm": {
    "current": {
      "mean": 1112.8372877031993,
      "stddev": 9.86493420585022,
      "unit": "ns"
    },
    "new": {
      "mean": 1112.8372877031993,
      "stddev": 9.86493420585022,
      "unit": "ns"
    }
  },
  "encryption/chacha20_poly1305": {
    "current": {
      "mean": 4211.590096065706,
      "stddev": 21.86875947790544,
      "unit": "ns"
    },
    "new": {
      "mean": 4211.590096065706,
      "stddev": 21.86875947790544,
      "unit": "ns"
    }
  },
  "json_validation/complex": {
    "current": {
      "mean": 584.4287471254145,
      "stddev": 6.153304554353077,
      "unit": "ns"
    },
    "new": {
      "mean": 584.4287471254145,
      "stddev": 6.153304554353077,
      "unit": "ns"
    }
  },
  "json_validation/simple": {
    "current": {
      "mean": 100.84658536626922,
      "stddev": 1.620622377949542,
      "unit": "ns"
    },
    "new": {
      "mean": 100.84658536626922,
      "stddev": 1.620622377949542,
      "unit": "ns"
    }
  },
  "memory/deep_template_rendering": {
    "current": {
      "mean": 1439.602687154204,
      "stddev": 2.377669876775288,
      "unit": "ns"
    },
    "new": {
      "mean": 1439.602687154204,
      "stddev": 2.377669876775288,
      "unit": "ns"
    }
  },
  "memory/large_data_validation": {
    "current": {
      "mean": 105466.9635247689,
      "stddev": 428.8302855535239,
      "unit": "ns"
    },
    "new": {
      "mean": 105466.9635247689,
      "stddev": 428.8302855535239,
      "unit": "ns"
    }
  },
  "memory/large_spec_parsing": {
    "current": {
      "mean": 7218497.452355701,
      "stddev": 141115.47205840543,
      "unit": "ns"
    },
    "new": {
      "mean": 7218497.452355701,
      "stddev": 141115.47205840543,
      "unit": "ns"
    }
  },
  "openapi_parsing/medium_spec_10_paths": {
    "current": {
      "mean": 170824.24030642546,
      "stddev": 3275.5112910016464,
      "unit": "ns"
    },
    "new": {
      "mean": 170824.24030642546,
      "stddev": 3275.5112910016464,
      "unit": "ns"
    }
  },
  "openapi_parsing/small_spec": {
    "current": {
      "mean": 24423.193551065167,
      "stddev": 189.96632215362249,
      "unit": "ns"
    },
    "new": {
      "mean": 24423.193551065167,
      "stddev": 189.96632215362249,
      "unit": "ns"
    }
  },
  "template_rendering/arrays": {
    "current": {
      "mean": 304.8384896366847,
      "stddev": 3.853670000734922,
      "unit": "ns"
    },
    "new": {
      "mean": 304.8384896366847,
      "stddev": 3.853670000734922,
      "unit": "ns"
    }
  },
  "template_rendering/complex": {
    "current": {
      "mean": 370.5831305851024,
      "stddev": 7.405702751040245,
      "unit": "ns"
    },
    "new": {
      "mean": 370.5831305851024,
      "stddev": 7.405702751040245,
      "unit": "ns"
    }
  },
  "template_rendering/simple": {
    "current": {
      "mean": 885.4131390413021,
      "stddev": 16.402359221009576,
      "unit": "ns"
    },
    "new": {
      "mean": 885.4131390413021,
      "stddev": 16.402359221009576,
      "unit": "ns"
    }
  }
}