{
  "data_generation/generate_single_record": {
    "current": {
      "mean": 809.1367560163426,
      "stddev": 10.36484574423899,
      "unit": "ns"
    },
    "new": {
      "mean": 809.1367560163426,
      "stddev": 10.36484574423899,
      "unit": "ns"
    }
  },
  "encryption/aes256_gcm": {
    "current": {
      "mean": 1125.1095233337496,
      "stddev": 14.727833162506016,
      "unit": "ns"
    },
    "new": {
      "mean": 1125.1095233337496,
      "stddev": 14.727833162506016,
      "unit": "ns"
    }
  },
  "encryption/chacha20_poly1305": {
    "current": {
      "mean": 4645.063227984461,
      "stddev": 29.145528301684504,
      "unit": "ns"
    },
    "new": {
      "mean": 4645.063227984461,
      "stddev": 29.145528301684504,
      "unit": "ns"
    }
  },
  "json_validation/complex": {
    "current": {
      "mean": 575.2437744784143,
      "stddev": 7.725258171781709,
      "unit": "ns"
    },
    "new": {
      "mean": 575.2437744784143,
      "stddev": 7.725258171781709,
      "unit": "ns"
    }
  },
  "json_validation/simple": {
    "current": {
      "mean": 109.56496740151456,
      "stddev": 1.5013473688230672,
      "unit": "ns"
    },
    "new": {
      "mean": 109.56496740151456,
      "stddev": 1.5013473688230672,
      "unit": "ns"
    }
  },
  "memory/deep_template_rendering": {
    "current": {
      "mean": 1401.2450420684304,
      "stddev": 1.2401412516639274,
      "unit": "ns"
    },
    "new": {
      "mean": 1401.2450420684304,
      "stddev": 1.2401412516639274,
      "unit": "ns"
    }
  },
  "memory/large_data_validation": {
    "current": {
      "mean": 103037.88825352238,
      "stddev": 256.85313086357456,
      "unit": "ns"
    },
    "new": {
      "mean": 103037.88825352238,
      "stddev": 256.85313086357456,
      "unit": "ns"
    }
  },
  "memory/large_spec_parsing": {
    "current": {
      "mean": 7374283.114223985,
      "stddev": 81744.3578646942,
      "unit": "ns"
    },
    "new": {
      "mean": 7374283.114223985,
      "stddev": 81744.3578646942,
      "unit": "ns"
    }
  },
  "openapi_parsing/medium_spec_10_paths": {
    "current": {
      "mean": 173725.8271431367,
      "stddev": 4803.5272126720065,
      "unit": "ns"
    },
    "new": {
      "mean": 173725.8271431367,
      "stddev": 4803.5272126720065,
      "unit": "ns"
    }
  },
  "openapi_parsing/small_spec": {
    "current": {
      "mean": 24158.546824739264,
      "stddev": 357.2296969425741,
      "unit": "ns"
    },
    "new": {
      "mean": 24158.546824739264,
      "stddev": 357.2296969425741,
      "unit": "ns"
    }
  },
  "template_rendering/arrays": {
    "current": {
      "mean": 303.15744539373446,
      "stddev": 4.963675337764837,
      "unit": "ns"
    },
    "new": {
      "mean": 303.15744539373446,
      "stddev": 4.963675337764837,
      "unit": "ns"
    }
  },
  "template_rendering/complex": {
    "current": {
      "mean": 370.0205736646243,
      "stddev": 5.458003346573041,
      "unit": "ns"
    },
    "new": {
      "mean": 370.0205736646243,
      "stddev": 5.458003346573041,
      "unit": "ns"
    }
  },
  "template_rendering/simple": {
    "current": {
      "mean": 985.655267284849,
      "stddev": 16.117601762334463,
      "unit": "ns"
    },
    "new": {
      "mean": 985.655267284849,
      "stddev": 16.117601762334463,
      "unit": "ns"
    }
  }
}