{
  "data_generation/generate_single_record": {
    "current": {
      "mean": 774.4092994546686,
      "stddev": 15.558549116188374,
      "unit": "ns"
    },
    "new": {
      "mean": 774.4092994546686,
      "stddev": 15.558549116188374,
      "unit": "ns"
    }
  },
  "encryption/aes256_gcm": {
    "current": {
      "mean": 911.8727063871348,
      "stddev": 15.149060817682498,
      "unit": "ns"
    },
    "new": {
      "mean": 911.8727063871348,
      "stddev": 15.149060817682498,
      "unit": "ns"
    }
  },
  "encryption/chacha20_poly1305": {
    "current": {
      "mean": 3550.893365224827,
      "stddev": 82.02250660424387,
      "unit": "ns"
    },
    "new": {
      "mean": 3550.893365224827,
      "stddev": 82.02250660424387,
      "unit": "ns"
    }
  },
  "json_validation/complex": {
    "current": {
      "mean": 688.5918030608315,
      "stddev": 27.085782704217582,
      "unit": "ns"
    },
    "new": {
      "mean": 688.5918030608315,
      "stddev": 27.085782704217582,
      "unit": "ns"
    }
  },
  "json_validation/simple": {
    "current": {
      "mean": 88.22030346568135,
      "stddev": 0.5479709495936649,
      "unit": "ns"
    },
    "new": {
      "mean": 88.22030346568135,
      "stddev": 0.5479709495936649,
      "unit": "ns"
    }
  },
  "memory/deep_template_rendering": {
    "current": {
      "mean": 1513.612008280346,
      "stddev": 2.370884800393091,
      "unit": "ns"
    },
    "new": {
      "mean": 1513.612008280346,
      "stddev": 2.370884800393091,
      "unit": "ns"
    }
  },
  "memory/large_data_validation": {
    "current": {
      "mean": 101877.42671863447,
      "stddev": 378.7155668951855,
      "unit": "ns"
    },
    "new": {
      "mean": 101877.42671863447,
      "stddev": 378.7155668951855,
      "unit": "ns"
    }
  },
  "memory/large_spec_parsing": {
    "current": {
      "mean": 7325864.956515151,
      "stddev": 134801.88554643476,
      "unit": "ns"
    },
    "new": {
      "mean": 7325864.956515151,
      "stddev": 134801.88554643476,
      "unit": "ns"
    }
  },
  "openapi_parsing/medium_spec_10_paths": {
    "current": {
      "mean": 166395.82601083192,
      "stddev": 3790.039120258548,
      "unit": "ns"
    },
    "new": {
      "mean": 166395.82601083192,
      "stddev": 3790.039120258548,
      "unit": "ns"
    }
  },
  "openapi_parsing/small_spec": {
    "current": {
      "mean": 23060.375395308485,
      "stddev": 445.563492768597,
      "unit": "ns"
    },
    "new": {
      "mean": 23060.375395308485,
      "stddev": 445.563492768597,
      "unit": "ns"
    }
  },
  "template_rendering/arrays": {
    "current": {
      "mean": 313.65841214523886,
      "stddev": 8.54091984738361,
      "unit": "ns"
    },
    "new": {
      "mean": 313.65841214523886,
      "stddev": 8.54091984738361,
      "unit": "ns"
    }
  },
  "template_rendering/complex": {
    "current": {
      "mean": 358.4946941816632,
      "stddev": 8.457503429085124,
      "unit": "ns"
    },
    "new": {
      "mean": 358.4946941816632,
      "stddev": 8.457503429085124,
      "unit": "ns"
    }
  },
  "template_rendering/simple": {
    "current": {
      "mean": 723.7583006076,
      "stddev": 22.185899896538864,
      "unit": "ns"
    },
    "new": {
      "mean": 723.7583006076,
      "stddev": 22.185899896538864,
      "unit": "ns"
    }
  }
}