{
  "data_generation/generate_single_record": {
    "current": {
      "mean": 769.8510618446287,
      "stddev": 10.023717845304116,
      "unit": "ns"
    },
    "new": {
      "mean": 769.8510618446287,
      "stddev": 10.023717845304116,
      "unit": "ns"
    }
  },
  "encryption/aes256_gcm": {
    "current": {
      "mean": 1131.7883938606947,
      "stddev": 9.972284052199099,
      "unit": "ns"
    },
    "new": {
      "mean": 1131.7883938606947,
      "stddev": 9.972284052199099,
      "unit": "ns"
    }
  },
  "encryption/chacha20_poly1305": {
    "current": {
      "mean": 4203.544408849597,
      "stddev": 10.631165971006258,
      "unit": "ns"
    },
    "new": {
      "mean": 4203.544408849597,
      "stddev": 10.631165971006258,
      "unit": "ns"
    }
  },
  "json_validation/complex": {
    "current": {
      "mean": 588.0850192994516,
      "stddev": 14.356950759461286,
      "unit": "ns"
    },
    "new": {
      "mean": 588.0850192994516,
      "stddev": 14.356950759461286,
      "unit": "ns"
    }
  },
  "json_validation/simple": {
    "current": {
      "mean": 101.5142992226206,
      "stddev": 3.86883566409718,
      "unit": "ns"
    },
    "new": {
      "mean": 101.5142992226206,
      "stddev": 3.86883566409718,
      "unit": "ns"
    }
  },
  "memory/deep_template_rendering": {
    "current": {
      "mean": 1432.942838715161,
      "stddev": 2.4538659361838824,
      "unit": "ns"
    },
    "new": {
      "mean": 1432.942838715161,
      "stddev": 2.4538659361838824,
      "unit": "ns"
    }
  },
  "memory/large_data_validation": {
    "current": {
      "mean": 107094.02632073604,
      "stddev": 680.3933042392072,
      "unit": "ns"
    },
    "new": {
      "mean": 107094.02632073604,
      "stddev": 680.3933042392072,
      "unit": "ns"
    }
  },
  "memory/large_spec_parsing": {
    "current": {
      "mean": 6949439.892073412,
      "stddev": 8032.753620622397,
      "unit": "ns"
    },
    "new": {
      "mean": 6949439.892073412,
      "stddev": 8032.753620622397,
      "unit": "ns"
    }
  },
  "openapi_parsing/medium_spec_10_paths": {
    "current": {
      "mean": 173546.85248806208,
      "stddev": 2851.187249049458,
      "unit": "ns"
    },
    "new": {
      "mean": 173546.85248806208,
      "stddev": 2851.187249049458,
      "unit": "ns"
    }
  },
  "openapi_parsing/small_spec": {
    "current": {
      "mean": 24033.15836623283,
      "stddev": 340.63742958098095,
      "unit": "ns"
    },
    "new": {
      "mean": 24033.15836623283,
      "stddev": 340.63742958098095,
      "unit": "ns"
    }
  },
  "template_rendering/arrays": {
    "current": {
      "mean": 319.5874268907457,
      "stddev": 8.261512590474839,
      "unit": "ns"
    },
    "new": {
      "mean": 319.5874268907457,
      "stddev": 8.261512590474839,
      "unit": "ns"
    }
  },
  "template_rendering/complex": {
    "current": {
      "mean": 377.16590195579835,
      "stddev": 3.0266512897387736,
      "unit": "ns"
    },
    "new": {
      "mean": 377.16590195579835,
      "stddev": 3.0266512897387736,
      "unit": "ns"
    }
  },
  "template_rendering/simple": {
    "current": {
      "mean": 906.7559724528667,
      "stddev": 11.782497548124784,
      "unit": "ns"
    },
    "new": {
      "mean": 906.7559724528667,
      "stddev": 11.782497548124784,
      "unit": "ns"
    }
  }
}