{
  "data_generation/generate_single_record": {
    "current": {
      "mean": 776.5644923960623,
      "stddev": 14.19361230028911,
      "unit": "ns"
    },
    "new": {
      "mean": 776.5644923960623,
      "stddev": 14.19361230028911,
      "unit": "ns"
    }
  },
  "encryption/aes256_gcm": {
    "current": {
      "mean": 1099.9696338529966,
      "stddev": 7.367252749162857,
      "unit": "ns"
    },
    "new": {
      "mean": 1099.9696338529966,
      "stddev": 7.367252749162857,
      "unit": "ns"
    }
  },
  "encryption/chacha20_poly1305": {
    "current": {
      "mean": 4170.255548344279,
      "stddev": 21.146712447148907,
      "unit": "ns"
    },
    "new": {
      "mean": 4170.255548344279,
      "stddev": 21.146712447148907,
      "unit": "ns"
    }
  },
  "json_validation/complex": {
    "current": {
      "mean": 577.892179510517,
      "stddev": 10.008568018736778,
      "unit": "ns"
    },
    "new": {
      "mean": 577.892179510517,
      "stddev": 10.008568018736778,
      "unit": "ns"
    }
  },
  "json_validation/simple": {
    "current": {
      "mean": 99.42534989505644,
      "stddev": 0.7884720012426809,
      "unit": "ns"
    },
    "new": {
      "mean": 99.42534989505644,
      "stddev": 0.7884720012426809,
      "unit": "ns"
    }
  },
  "memory/deep_template_rendering": {
    "current": {
      "mean": 1460.1302729932115,
      "stddev": 2.538707902727267,
      "unit": "ns"
    },
    "new": {
      "mean": 1460.1302729932115,
      "stddev": 2.538707902727267,
      "unit": "ns"
    }
  },
  "memory/large_data_validation": {
    "current": {
      "mean": 106220.98312074043,
      "stddev": 557.1519123604417,
      "unit": "ns"
    },
    "new": {
      "mean": 106220.98312074043,
      "stddev": 557.1519123604417,
      "unit": "ns"
    }
  },
  "memory/large_spec_parsing": {
    "current": {
      "mean": 7431730.916868687,
      "stddev": 160060.52608968463,
      "unit": "ns"
    },
    "new": {
      "mean": 7431730.916868687,
      "stddev": 160060.52608968463,
      "unit": "ns"
    }
  },
  "openapi_parsing/medium_spec_10_paths": {
    "current": {
      "mean": 173087.04047474448,
      "stddev": 6208.791562739842,
      "unit": "ns"
    },
    "new": {
      "mean": 173087.04047474448,
      "stddev": 6208.791562739842,
      "unit": "ns"
    }
  },
  "openapi_parsing/small_spec": {
    "current": {
      "mean": 24757.61525257303,
      "stddev": 233.52958643382652,
      "unit": "ns"
    },
    "new": {
      "mean": 24757.61525257303,
      "stddev": 233.52958643382652,
      "unit": "ns"
    }
  },
  "template_rendering/arrays": {
    "current": {
      "mean": 307.363767964882,
      "stddev": 11.228387814775784,
      "unit": "ns"
    },
    "new": {
      "mean": 307.363767964882,
      "stddev": 11.228387814775784,
      "unit": "ns"
    }
  },
  "template_rendering/complex": {
    "current": {
      "mean": 376.3931731352537,
      "stddev": 2.557634241370475,
      "unit": "ns"
    },
    "new": {
      "mean": 376.3931731352537,
      "stddev": 2.557634241370475,
      "unit": "ns"
    }
  },
  "template_rendering/simple": {
    "current": {
      "mean": 892.3180904623367,
      "stddev": 10.75432331764366,
      "unit": "ns"
    },
    "new": {
      "mean": 892.3180904623367,
      "stddev": 10.75432331764366,
      "unit": "ns"
    }
  }
}