{
  "data_generation/generate_single_record": {
    "current": {
      "mean": 779.1834097947757,
      "stddev": 7.828656021306531,
      "unit": "ns"
    },
    "new": {
      "mean": 779.1834097947757,
      "stddev": 7.828656021306531,
      "unit": "ns"
    }
  },
  "encryption/aes256_gcm": {
    "current": {
      "mean": 1100.8656900442556,
      "stddev": 12.744293769126449,
      "unit": "ns"
    },
    "new": {
      "mean": 1100.8656900442556,
      "stddev": 12.744293769126449,
      "unit": "ns"
    }
  },
  "encryption/chacha20_poly1305": {
    "current": {
      "mean": 4186.323631507976,
      "stddev": 21.538228786802883,
      "unit": "ns"
    },
    "new": {
      "mean": 4186.323631507976,
      "stddev": 21.538228786802883,
      "unit": "ns"
    }
  },
  "json_validation/complex": {
    "current": {
      "mean": 579.8690409948318,
      "stddev": 8.427746870547757,
      "unit": "ns"
    },
    "new": {
      "mean": 579.8690409948318,
      "stddev": 8.427746870547757,
      "unit": "ns"
    }
  },
  "json_validation/simple": {
    "current": {
      "mean": 101.48429792676943,
      "stddev": 1.3436380660965588,
      "unit": "ns"
    },
    "new": {
      "mean": 101.48429792676943,
      "stddev": 1.3436380660965588,
      "unit": "ns"
    }
  },
  "memory/deep_template_rendering": {
    "current": {
      "mean": 1453.0233130744741,
      "stddev": 1.2565216416647362,
      "unit": "ns"
    },
    "new": {
      "mean": 1453.0233130744741,
      "stddev": 1.2565216416647362,
      "unit": "ns"
    }
  },
  "memory/large_data_validation": {
    "current": {
      "mean": 109347.41296977938,
      "stddev": 292.37598167927337,
      "unit": "ns"
    },
    "new": {
      "mean": 109347.41296977938,
      "stddev": 292.37598167927337,
      "unit": "ns"
    }
  },
  "memory/large_spec_parsing": {
    "current": {
      "mean": 6828540.096623677,
      "stddev": 12532.881774458057,
      "unit": "ns"
    },
    "new": {
      "mean": 6828540.096623677,
      "stddev": 12532.881774458057,
      "unit": "ns"
    }
  },
  "openapi_parsing/medium_spec_10_paths": {
    "current": {
      "mean": 166470.78230831484,
      "stddev": 1374.4377187350613,
      "unit": "ns"
    },
    "new": {
      "mean": 166470.78230831484,
      "stddev": 1374.4377187350613,
      "unit": "ns"
    }
  },
  "openapi_parsing/small_spec": {
    "current": {
      "mean": 23592.024590246234,
      "stddev": 157.37085733051126,
      "unit": "ns"
    },
    "new": {
      "mean": 23592.024590246234,
      "stddev": 157.37085733051126,
      "unit": "ns"
    }
  },
  "template_rendering/arrays": {
    "current": {
      "mean": 323.8970586120789,
      "stddev": 4.122206150400931,
      "unit": "ns"
    },
    "new": {
      "mean": 323.8970586120789,
      "stddev": 4.122206150400931,
      "unit": "ns"
    }
  },
  "template_rendering/complex": {
    "current": {
      "mean": 369.4996634809132,
      "stddev": 2.3363169705299875,
      "unit": "ns"
    },
    "new": {
      "mean": 369.4996634809132,
      "stddev": 2.3363169705299875,
      "unit": "ns"
    }
  },
  "template_rendering/simple": {
    "current": {
      "mean": 918.7202659672557,
      "stddev": 125.22136644572456,
      "unit": "ns"
    },
    "new": {
      "mean": 918.7202659672557,
      "stddev": 125.22136644572456,
      "unit": "ns"
    }
  }
}