{
  "data_generation/generate_single_record": {
    "current": {
      "mean": 757.0682476599773,
      "stddev": 5.828543004064971,
      "unit": "ns"
    },
    "new": {
      "mean": 757.0682476599773,
      "stddev": 5.828543004064971,
      "unit": "ns"
    }
  },
  "encryption/aes256_gcm": {
    "current": {
      "mean": 1095.2994925847374,
      "stddev": 4.808490321652977,
      "unit": "ns"
    },
    "new": {
      "mean": 1095.2994925847374,
      "stddev": 4.808490321652977,
      "unit": "ns"
    }
  },
  "encryption/chacha20_poly1305": {
    "current": {
      "mean": 4167.461315751652,
      "stddev": 8.519489772149656,
      "unit": "ns"
    },
    "new": {
      "mean": 4167.461315751652,
      "stddev": 8.519489772149656,
      "unit": "ns"
    }
  },
  "json_validation/complex": {
    "current": {
      "mean": 580.6050605791374,
      "stddev": 4.087317484428161,
      "unit": "ns"
    },
    "new": {
      "mean": 580.6050605791374,
      "stddev": 4.087317484428161,
      "unit": "ns"
    }
  },
  "json_validation/simple": {
    "current": {
      "mean": 98.9354776683349,
      "stddev": 0.9193074770136127,
      "unit": "ns"
    },
    "new": {
      "mean": 98.9354776683349,
      "stddev": 0.9193074770136127,
      "unit": "ns"
    }
  },
  "memory/deep_template_rendering": {
    "current": {
      "mean": 1445.2328716938314,
      "stddev": 1.7682445999461534,
      "unit": "ns"
    },
    "new": {
      "mean": 1445.2328716938314,
      "stddev": 1.7682445999461534,
      "unit": "ns"
    }
  },
  "memory/large_data_validation": {
    "current": {
      "mean": 106627.02620613175,
      "stddev": 423.4285570826208,
      "unit": "ns"
    },
    "new": {
      "mean": 106627.02620613175,
      "stddev": 423.4285570826208,
      "unit": "ns"
    }
  },
  "memory/large_spec_parsing": {
    "current": {
      "mean": 7046711.67422078,
      "stddev": 58709.014223410166,
      "unit": "ns"
    },
    "new": {
      "mean": 7046711.67422078,
      "stddev": 58709.014223410166,
      "unit": "ns"
    }
  },
  "openapi_parsing/medium_spec_10_paths": {
    "current": {
      "mean": 172301.0606002109,
      "stddev": 3352.987438225118,
      "unit": "ns"
    },
    "new": {
      "mean": 172301.0606002109,
      "stddev": 3352.987438225118,
      "unit": "ns"
    }
  },
  "openapi_parsing/small_spec": {
    "current": {
      "mean": 24065.096337313065,
      "stddev": 232.91636115391205,
      "unit": "ns"
    },
    "new": {
      "mean": 24065.096337313065,
      "stddev": 232.91636115391205,
      "unit": "ns"
    }
  },
  "template_rendering/arrays": {
    "current": {
      "mean": 331.7122776683611,
      "stddev": 14.868326838312493,
      "unit": "ns"
    },
    "new": {
      "mean": 331.7122776683611,
      "stddev": 14.868326838312493,
      "unit": "ns"
    }
  },
  "template_rendering/complex": {
    "current": {
      "mean": 380.01376987679885,
      "stddev": 2.5502766851980536,
      "unit": "ns"
    },
    "new": {
      "mean": 380.01376987679885,
      "stddev": 2.5502766851980536,
      "unit": "ns"
    }
  },
  "template_rendering/simple": {
    "current": {
      "mean": 923.2103688980709,
      "stddev": 7.4960217098978275,
      "unit": "ns"
    },
    "new": {
      "mean": 923.2103688980709,
      "stddev": 7.4960217098978275,
      "unit": "ns"
    }
  }
}