{
  "data_generation/generate_single_record": {
    "current": {
      "mean": 769.5521885271091,
      "stddev": 14.226534602847156,
      "unit": "ns"
    },
    "new": {
      "mean": 769.5521885271091,
      "stddev": 14.226534602847156,
      "unit": "ns"
    }
  },
  "encryption/aes256_gcm": {
    "current": {
      "mean": 905.4839672761946,
      "stddev": 25.181382399713268,
      "unit": "ns"
    },
    "new": {
      "mean": 905.4839672761946,
      "stddev": 25.181382399713268,
      "unit": "ns"
    }
  },
  "encryption/chacha20_poly1305": {
    "current": {
      "mean": 3531.353457149607,
      "stddev": 45.58183801863351,
      "unit": "ns"
    },
    "new": {
      "mean": 3531.353457149607,
      "stddev": 45.58183801863351,
      "unit": "ns"
    }
  },
  "json_validation/complex": {
    "current": {
      "mean": 640.3130592030626,
      "stddev": 3.9922171069406627,
      "unit": "ns"
    },
    "new": {
      "mean": 640.3130592030626,
      "stddev": 3.9922171069406627,
      "unit": "ns"
    }
  },
  "json_validation/simple": {
    "current": {
      "mean": 84.58830473185833,
      "stddev": 0.9476246907843677,
      "unit": "ns"
    },
    "new": {
      "mean": 84.58830473185833,
      "stddev": 0.9476246907843677,
      "unit": "ns"
    }
  },
  "memory/deep_template_rendering": {
    "current": {
      "mean": 1527.7785826227162,
      "stddev": 1.0462678995272574,
      "unit": "ns"
    },
    "new": {
      "mean": 1527.7785826227162,
      "stddev": 1.0462678995272574,
      "unit": "ns"
    }
  },
  "memory/large_data_validation": {
    "current": {
      "mean": 102092.82653322867,
      "stddev": 511.4292392240134,
      "unit": "ns"
    },
    "new": {
      "mean": 102092.82653322867,
      "stddev": 511.4292392240134,
      "unit": "ns"
    }
  },
  "memory/large_spec_parsing": {
    "current": {
      "mean": 7138487.214393941,
      "stddev": 93425.76659692464,
      "unit": "ns"
    },
    "new": {
      "mean": 7138487.214393941,
      "stddev": 93425.76659692464,
      "unit": "ns"
    }
  },
  "openapi_parsing/medium_spec_10_paths": {
    "current": {
      "mean": 162519.20167996318,
      "stddev": 2883.762270284911,
      "unit": "ns"
    },
    "new": {
      "mean": 162519.20167996318,
      "stddev": 2883.762270284911,
      "unit": "ns"
    }
  },
  "openapi_parsing/small_spec": {
    "current": {
      "mean": 22912.36976339995,
      "stddev": 152.0417924192046,
      "unit": "ns"
    },
    "new": {
      "mean": 22912.36976339995,
      "stddev": 152.0417924192046,
      "unit": "ns"
    }
  },
  "template_rendering/arrays": {
    "current": {
      "mean": 300.14409384766515,
      "stddev": 2.3349031977107315,
      "unit": "ns"
    },
    "new": {
      "mean": 300.14409384766515,
      "stddev": 2.3349031977107315,
      "unit": "ns"
    }
  },
  "template_rendering/complex": {
    "current": {
      "mean": 357.50705661417834,
      "stddev": 2.8311701975573524,
      "unit": "ns"
    },
    "new": {
      "mean": 357.50705661417834,
      "stddev": 2.8311701975573524,
      "unit": "ns"
    }
  },
  "template_rendering/simple": {
    "current": {
      "mean": 707.7859441764593,
      "stddev": 15.105381774660287,
      "unit": "ns"
    },
    "new": {
      "mean": 707.7859441764593,
      "stddev": 15.105381774660287,
      "unit": "ns"
    }
  }
}