{
  "data_generation/generate_single_record": {
    "current": {
      "mean": 779.4384240499651,
      "stddev": 17.785496666200785,
      "unit": "ns"
    },
    "new": {
      "mean": 779.4384240499651,
      "stddev": 17.785496666200785,
      "unit": "ns"
    }
  },
  "encryption/aes256_gcm": {
    "current": {
      "mean": 906.9963978851458,
      "stddev": 5.693069598400103,
      "unit": "ns"
    },
    "new": {
      "mean": 906.9963978851458,
      "stddev": 5.693069598400103,
      "unit": "ns"
    }
  },
  "encryption/chacha20_poly1305": {
    "current": {
      "mean": 3551.6632182105136,
      "stddev": 77.8832635030254,
      "unit": "ns"
    },
    "new": {
      "mean": 3551.6632182105136,
      "stddev": 77.8832635030254,
      "unit": "ns"
    }
  },
  "json_validation/complex": {
    "current": {
      "mean": 652.8912014823233,
      "stddev": 26.45568262305364,
      "unit": "ns"
    },
    "new": {
      "mean": 652.8912014823233,
      "stddev": 26.45568262305364,
      "unit": "ns"
    }
  },
  "json_validation/simple": {
    "current": {
      "mean": 86.5870434624368,
      "stddev": 3.094538725005104,
      "unit": "ns"
    },
    "new": {
      "mean": 86.5870434624368,
      "stddev": 3.094538725005104,
      "unit": "ns"
    }
  },
  "memory/deep_template_rendering": {
    "current": {
      "mean": 1495.9675529341043,
      "stddev": 2.6106593676323957,
      "unit": "ns"
    },
    "new": {
      "mean": 1495.9675529341043,
      "stddev": 2.6106593676323957,
      "unit": "ns"
    }
  },
  "memory/large_data_validation": {
    "current": {
      "mean": 103818.88890778003,
      "stddev": 759.2007032069089,
      "unit": "ns"
    },
    "new": {
      "mean": 103818.88890778003,
      "stddev": 759.2007032069089,
      "unit": "ns"
    }
  },
  "memory/large_spec_parsing": {
    "current": {
      "mean": 7519493.770575397,
      "stddev": 122833.62890498342,
      "unit": "ns"
    },
    "new": {
      "mean": 7519493.770575397,
      "stddev": 122833.62890498342,
      "unit": "ns"
    }
  },
  "openapi_parsing/medium_spec_10_paths": {
    "current": {
      "mean": 162104.899457377,
      "stddev": 2589.7576427291815,
      "unit": "ns"
    },
    "new": {
      "mean": 162104.899457377,
      "stddev": 2589.7576427291815,
      "unit": "ns"
    }
  },
  "openapi_parsing/small_spec": {
    "current": {
      "mean": 23082.53178732461,
      "stddev": 516.7306816038911,
      "unit": "ns"
    },
    "new": {
      "mean": 23082.53178732461,
      "stddev": 516.7306816038911,
      "unit": "ns"
    }
  },
  "template_rendering/arrays": {
    "current": {
      "mean": 322.37190429086496,
      "stddev": 14.29847343912552,
      "unit": "ns"
    },
    "new": {
      "mean": 322.37190429086496,
      "stddev": 14.29847343912552,
      "unit": "ns"
    }
  },
  "template_rendering/complex": {
    "current": {
      "mean": 357.60297455057605,
      "stddev": 9.347329514729484,
      "unit": "ns"
    },
    "new": {
      "mean": 357.60297455057605,
      "stddev": 9.347329514729484,
      "unit": "ns"
    }
  },
  "template_rendering/simple": {
    "current": {
      "mean": 724.3784449607634,
      "stddev": 32.88495509799638,
      "unit": "ns"
    },
    "new": {
      "mean": 724.3784449607634,
      "stddev": 32.88495509799638,
      "unit": "ns"
    }
  }
}