{
  "data_generation/generate_single_record": {
    "current": {
      "mean": 772.2959539721561,
      "stddev": 9.704988414768248,
      "unit": "ns"
    },
    "new": {
      "mean": 772.2959539721561,
      "stddev": 9.704988414768248,
      "unit": "ns"
    }
  },
  "encryption/aes256_gcm": {
    "current": {
      "mean": 1109.1757858259082,
      "stddev": 11.136381819233174,
      "unit": "ns"
    },
    "new": {
      "mean": 1109.1757858259082,
      "stddev": 11.136381819233174,
      "unit": "ns"
    }
  },
  "encryption/chacha20_poly1305": {
    "current": {
      "mean": 4147.010873677073,
      "stddev": 15.73647743697733,
      "unit": "ns"
    },
    "new": {
      "mean": 4147.010873677073,
      "stddev": 15.73647743697733,
      "unit": "ns"
    }
  },
  "json_validation/complex": {
    "current": {
      "mean": 598.220091484522,
      "stddev": 9.65488931580824,
      "unit": "ns"
    },
    "new": {
      "mean": 598.220091484522,
      "stddev": 9.65488931580824,
      "unit": "ns"
    }
  },
  "json_validation/simple": {
    "current": {
      "mean": 99.41328286440061,
      "stddev": 1.962734262497503,
      "unit": "ns"
    },
    "new": {
      "mean": 99.41328286440061,
      "stddev": 1.962734262497503,
      "unit": "ns"
    }
  },
  "memory/deep_template_rendering": {
    "current": {
      "mean": 1464.6010529582668,
      "stddev": 1.732289524496993,
      "unit": "ns"
    },
    "new": {
      "mean": 1464.6010529582668,
      "stddev": 1.732289524496993,
      "unit": "ns"
    }
  },
  "memory/large_data_validation": {
    "current": {
      "mean": 105917.23612092275,
      "stddev": 841.4959122925727,
      "unit": "ns"
    },
    "new": {
      "mean": 105917.23612092275,
      "stddev": 841.4959122925727,
      "unit": "ns"
    }
  },
  "memory/large_spec_parsing": {
    "current": {
      "mean": 6902976.626435186,
      "stddev": 14590.54008133417,
      "unit": "ns"
    },
    "new": {
      "mean": 6902976.626435186,
      "stddev": 14590.54008133417,
      "unit": "ns"
    }
  },
  "openapi_parsing/medium_spec_10_paths": {
    "current": {
      "mean": 173050.07993113578,
      "stddev": 3497.4748170071275,
      "unit": "ns"
    },
    "new": {
      "mean": 173050.07993113578,
      "stddev": 3497.4748170071275,
      "unit": "ns"
    }
  },
  "openapi_parsing/small_spec": {
    "current": {
      "mean": 24464.619006567882,
      "stddev": 414.17046697674044,
      "unit": "ns"
    },
    "new": {
      "mean": 24464.619006567882,
      "stddev": 414.17046697674044,
      "unit": "ns"
    }
  },
  "template_rendering/arrays": {
    "current": {
      "mean": 312.845553007757,
      "stddev": 9.0889135216478,
      "unit": "ns"
    },
    "new": {
      "mean": 312.845553007757,
      "stddev": 9.0889135216478,
      "unit": "ns"
    }
  },
  "template_rendering/complex": {
    "current": {
      "mean": 381.19739251197285,
      "stddev": 6.898013417091429,
      "unit": "ns"
    },
    "new": {
      "mean": 381.19739251197285,
      "stddev": 6.898013417091429,
      "unit": "ns"
    }
  },
  "template_rendering/simple": {
    "current": {
      "mean": 1256.128701443843,
      "stddev": 57.98634240412395,
      "unit": "ns"
    },
    "new": {
      "mean": 1256.128701443843,
      "stddev": 57.98634240412395,
      "unit": "ns"
    }
  }
}