{
  "data_generation/generate_single_record": {
    "current": {
      "mean": 766.9273653518228,
      "stddev": 13.276307632072838,
      "unit": "ns"
    },
    "new": {
      "mean": 766.9273653518228,
      "stddev": 13.276307632072838,
      "unit": "ns"
    }
  },
  "encryption/aes256_gcm": {
    "current": {
      "mean": 1088.3203864788659,
      "stddev": 8.562809157539984,
      "unit": "ns"
    },
    "new": {
      "mean": 1088.3203864788659,
      "stddev": 8.562809157539984,
      "unit": "ns"
    }
  },
  "encryption/chacha20_poly1305": {
    "current": {
      "mean": 4208.543640018635,
      "stddev": 383.5444095491472,
      "unit": "ns"
    },
    "new": {
      "mean": 4208.543640018635,
      "stddev": 383.5444095491472,
      "unit": "ns"
    }
  },
  "json_validation/complex": {
    "current": {
      "mean": 585.2425107552375,
      "stddev": 12.519570420845918,
      "unit": "ns"
    },
    "new": {
      "mean": 585.2425107552375,
      "stddev": 12.519570420845918,
      "unit": "ns"
    }
  },
  "json_validation/simple": {
    "current": {
      "mean": 99.80594239438726,
      "stddev": 1.8015782244670773,
      "unit": "ns"
    },
    "new": {
      "mean": 99.80594239438726,
      "stddev": 1.8015782244670773,
      "unit": "ns"
    }
  },
  "memory/deep_template_rendering": {
    "current": {
      "mean": 1435.2286476500774,
      "stddev": 5.274666813861288,
      "unit": "ns"
    },
    "new": {
      "mean": 1435.2286476500774,
      "stddev": 5.274666813861288,
      "unit": "ns"
    }
  },
  "memory/large_data_validation": {
    "current": {
      "mean": 106692.01164923706,
      "stddev": 246.81028804958027,
      "unit": "ns"
    },
    "new": {
      "mean": 106692.01164923706,
      "stddev": 246.81028804958027,
      "unit": "ns"
    }
  },
  "memory/large_spec_parsing": {
    "current": {
      "mean": 7058417.42855339,
      "stddev": 87844.31350525234,
      "unit": "ns"
    },
    "new": {
      "mean": 7058417.42855339,
      "stddev": 87844.31350525234,
      "unit": "ns"
    }
  },
  "openapi_parsing/medium_spec_10_paths": {
    "current": {
      "mean": 170240.30170088576,
      "stddev": 5698.300382474204,
      "unit": "ns"
    },
    "new": {
      "mean": 170240.30170088576,
      "stddev": 5698.300382474204,
      "unit": "ns"
    }
  },
  "openapi_parsing/small_spec": {
    "current": {
      "mean": 24041.037935942215,
      "stddev": 422.9672224574901,
      "unit": "ns"
    },
    "new": {
      "mean": 24041.037935942215,
      "stddev": 422.9672224574901,
      "unit": "ns"
    }
  },
  "template_rendering/arrays": {
    "current": {
      "mean": 312.92947681940115,
      "stddev": 3.4511553001539985,
      "unit": "ns"
    },
    "new": {
      "mean": 312.92947681940115,
      "stddev": 3.4511553001539985,
      "unit": "ns"
    }
  },
  "template_rendering/complex": {
    "current": {
      "mean": 374.6609092162666,
      "stddev": 24.365293161252705,
      "unit": "ns"
    },
    "new": {
      "mean": 374.6609092162666,
      "stddev": 24.365293161252705,
      "unit": "ns"
    }
  },
  "template_rendering/simple": {
    "current": {
      "mean": 1220.7562808897042,
      "stddev": 20.18399614486311,
      "unit": "ns"
    },
    "new": {
      "mean": 1220.7562808897042,
      "stddev": 20.18399614486311,
      "unit": "ns"
    }
  }
}