{
  "data_generation/generate_single_record": {
    "current": {
      "mean": 807.9278856966479,
      "stddev": 6.697709157113428,
      "unit": "ns"
    },
    "new": {
      "mean": 807.9278856966479,
      "stddev": 6.697709157113428,
      "unit": "ns"
    }
  },
  "encryption/aes256_gcm": {
    "current": {
      "mean": 1126.7167706010455,
      "stddev": 119.13901660886565,
      "unit": "ns"
    },
    "new": {
      "mean": 1126.7167706010455,
      "stddev": 119.13901660886565,
      "unit": "ns"
    }
  },
  "encryption/chacha20_poly1305": {
    "current": {
      "mean": 4165.403140061095,
      "stddev": 25.72796451263749,
      "unit": "ns"
    },
    "new": {
      "mean": 4165.403140061095,
      "stddev": 25.72796451263749,
      "unit": "ns"
    }
  },
  "json_validation/complex": {
    "current": {
      "mean": 574.035784184929,
      "stddev": 8.056504135512467,
      "unit": "ns"
    },
    "new": {
      "mean": 574.035784184929,
      "stddev": 8.056504135512467,
      "unit": "ns"
    }
  },
  "json_validation/simple": {
    "current": {
      "mean": 107.74640650241598,
      "stddev": 1.7966259869185284,
      "unit": "ns"
    },
    "new": {
      "mean": 107.74640650241598,
      "stddev": 1.7966259869185284,
      "unit": "ns"
    }
  },
  "memory/deep_template_rendering": {
    "current": {
      "mean": 1484.126499352847,
      "stddev": 1.247713936490498,
      "unit": "ns"
    },
    "new": {
      "mean": 1484.126499352847,
      "stddev": 1.247713936490498,
      "unit": "ns"
    }
  },
  "memory/large_data_validation": {
    "current": {
      "mean": 107028.35060245311,
      "stddev": 382.60818931417657,
      "unit": "ns"
    },
    "new": {
      "mean": 107028.35060245311,
      "stddev": 382.60818931417657,
      "unit": "ns"
    }
  },
  "memory/large_spec_parsing": {
    "current": {
      "mean": 7312492.992247475,
      "stddev": 90433.25799251803,
      "unit": "ns"
    },
    "new": {
      "mean": 7312492.992247475,
      "stddev": 90433.25799251803,
      "unit": "ns"
    }
  },
  "openapi_parsing/medium_spec_10_paths": {
    "current": {
      "mean": 172013.38218481067,
      "stddev": 3392.9774085665945,
      "unit": "ns"
    },
    "new": {
      "mean": 172013.38218481067,
      "stddev": 3392.9774085665945,
      "unit": "ns"
    }
  },
  "openapi_parsing/small_spec": {
    "current": {
      "mean": 23996.049218013988,
      "stddev": 223.88467342805922,
      "unit": "ns"
    },
    "new": {
      "mean": 23996.049218013988,
      "stddev": 223.88467342805922,
      "unit": "ns"
    }
  },
  "template_rendering/arrays": {
    "current": {
      "mean": 324.9884321101629,
      "stddev": 9.4085076341373,
      "unit": "ns"
    },
    "new": {
      "mean": 324.9884321101629,
      "stddev": 9.4085076341373,
      "unit": "ns"
    }
  },
  "template_rendering/complex": {
    "current": {
      "mean": 381.25330151773306,
      "stddev": 14.442594834617077,
      "unit": "ns"
    },
    "new": {
      "mean": 381.25330151773306,
      "stddev": 14.442594834617077,
      "unit": "ns"
    }
  },
  "template_rendering/simple": {
    "current": {
      "mean": 916.6402949354083,
      "stddev": 31.827878176252334,
      "unit": "ns"
    },
    "new": {
      "mean": 916.6402949354083,
      "stddev": 31.827878176252334,
      "unit": "ns"
    }
  }
}