{
  "data_generation/generate_single_record": {
    "current": {
      "mean": 790.6806449604043,
      "stddev": 10.80547931357584,
      "unit": "ns"
    },
    "new": {
      "mean": 790.6806449604043,
      "stddev": 10.80547931357584,
      "unit": "ns"
    }
  },
  "encryption/aes256_gcm": {
    "current": {
      "mean": 1094.0413065266557,
      "stddev": 11.32470475200023,
      "unit": "ns"
    },
    "new": {
      "mean": 1094.0413065266557,
      "stddev": 11.32470475200023,
      "unit": "ns"
    }
  },
  "encryption/chacha20_poly1305": {
    "current": {
      "mean": 4195.690727779308,
      "stddev": 10.037890768054131,
      "unit": "ns"
    },
    "new": {
      "mean": 4195.690727779308,
      "stddev": 10.037890768054131,
      "unit": "ns"
    }
  },
  "json_validation/complex": {
    "current": {
      "mean": 579.9284833322026,
      "stddev": 3.0752447822346687,
      "unit": "ns"
    },
    "new": {
      "mean": 579.9284833322026,
      "stddev": 3.0752447822346687,
      "unit": "ns"
    }
  },
  "json_validation/simple": {
    "current": {
      "mean": 100.6812251838506,
      "stddev": 0.8455696464059127,
      "unit": "ns"
    },
    "new": {
      "mean": 100.6812251838506,
      "stddev": 0.8455696464059127,
      "unit": "ns"
    }
  },
  "memory/deep_template_rendering": {
    "current": {
      "mean": 1470.7079394428467,
      "stddev": 5.046843821484489,
      "unit": "ns"
    },
    "new": {
      "mean": 1470.7079394428467,
      "stddev": 5.046843821484489,
      "unit": "ns"
    }
  },
  "memory/large_data_validation": {
    "current": {
      "mean": 104290.31467882606,
      "stddev": 206.5574339458348,
      "unit": "ns"
    },
    "new": {
      "mean": 104290.31467882606,
      "stddev": 206.5574339458348,
      "unit": "ns"
    }
  },
  "memory/large_spec_parsing": {
    "current": {
      "mean": 6998317.846796537,
      "stddev": 53918.570517037726,
      "unit": "ns"
    },
    "new": {
      "mean": 6998317.846796537,
      "stddev": 53918.570517037726,
      "unit": "ns"
    }
  },
  "openapi_parsing/medium_spec_10_paths": {
    "current": {
      "mean": 171410.0016941867,
      "stddev": 1997.725812803689,
      "unit": "ns"
    },
    "new": {
      "mean": 171410.0016941867,
      "stddev": 1997.725812803689,
      "unit": "ns"
    }
  },
  "openapi_parsing/small_spec": {
    "current": {
      "mean": 24551.50678002347,
      "stddev": 354.4306844987633,
      "unit": "ns"
    },
    "new": {
      "mean": 24551.50678002347,
      "stddev": 354.4306844987633,
      "unit": "ns"
    }
  },
  "template_rendering/arrays": {
    "current": {
      "mean": 327.2343929151451,
      "stddev": 8.441113166242896,
      "unit": "ns"
    },
    "new": {
      "mean": 327.2343929151451,
      "stddev": 8.441113166242896,
      "unit": "ns"
    }
  },
  "template_rendering/complex": {
    "current": {
      "mean": 389.07302875999477,
      "stddev": 9.910948757360275,
      "unit": "ns"
    },
    "new": {
      "mean": 389.07302875999477,
      "stddev": 9.910948757360275,
      "unit": "ns"
    }
  },
  "template_rendering/simple": {
    "current": {
      "mean": 915.6099892512456,
      "stddev": 18.360257087458653,
      "unit": "ns"
    },
    "new": {
      "mean": 915.6099892512456,
      "stddev": 18.360257087458653,
      "unit": "ns"
    }
  }
}