{
  "data_generation/generate_single_record": {
    "current": {
      "mean": 820.4592171988303,
      "stddev": 69.88376920765533,
      "unit": "ns"
    },
    "new": {
      "mean": 820.4592171988303,
      "stddev": 69.88376920765533,
      "unit": "ns"
    }
  },
  "encryption/aes256_gcm": {
    "current": {
      "mean": 1144.4433144259503,
      "stddev": 60.005379924323684,
      "unit": "ns"
    },
    "new": {
      "mean": 1144.4433144259503,
      "stddev": 60.005379924323684,
      "unit": "ns"
    }
  },
  "encryption/chacha20_poly1305": {
    "current": {
      "mean": 4352.572720527338,
      "stddev": 156.08448987683983,
      "unit": "ns"
    },
    "new": {
      "mean": 4352.572720527338,
      "stddev": 156.08448987683983,
      "unit": "ns"
    }
  },
  "json_validation/complex": {
    "current": {
      "mean": 635.1247966035289,
      "stddev": 67.90890450629468,
      "unit": "ns"
    },
    "new": {
      "mean": 635.1247966035289,
      "stddev": 67.90890450629468,
      "unit": "ns"
    }
  },
  "json_validation/simple": {
    "current": {
      "mean": 108.66374958134904,
      "stddev": 13.476476306686902,
      "unit": "ns"
    },
    "new": {
      "mean": 108.66374958134904,
      "stddev": 13.476476306686902,
      "unit": "ns"
    }
  },
  "memory/deep_template_rendering": {
    "current": {
      "mean": 1743.2478329755133,
      "stddev": 164.14119192999692,
      "unit": "ns"
    },
    "new": {
      "mean": 1743.2478329755133,
      "stddev": 164.14119192999692,
      "unit": "ns"
    }
  },
  "memory/large_data_validation": {
    "current": {
      "mean": 119623.35713207917,
      "stddev": 5362.289796468284,
      "unit": "ns"
    },
    "new": {
      "mean": 119623.35713207917,
      "stddev": 5362.289796468284,
      "unit": "ns"
    }
  },
  "memory/large_spec_parsing": {
    "current": {
      "mean": 8846137.945820106,
      "stddev": 707484.1864061559,
      "unit": "ns"
    },
    "new": {
      "mean": 8846137.945820106,
      "stddev": 707484.1864061559,
      "unit": "ns"
    }
  },
  "openapi_parsing/medium_spec_10_paths": {
    "current": {
      "mean": 179810.38420097288,
      "stddev": 12662.918125737731,
      "unit": "ns"
    },
    "new": {
      "mean": 179810.38420097288,
      "stddev": 12662.918125737731,
      "unit": "ns"
    }
  },
  "openapi_parsing/small_spec": {
    "current": {
      "mean": 27499.632283702216,
      "stddev": 2653.247569029084,
      "unit": "ns"
    },
    "new": {
      "mean": 27499.632283702216,
      "stddev": 2653.247569029084,
      "unit": "ns"
    }
  },
  "template_rendering/arrays": {
    "current": {
      "mean": 368.8302955130319,
      "stddev": 46.760074546403125,
      "unit": "ns"
    },
    "new": {
      "mean": 368.8302955130319,
      "stddev": 46.760074546403125,
      "unit": "ns"
    }
  },
  "template_rendering/complex": {
    "current": {
      "mean": 431.3634314910827,
      "stddev": 34.75082825353578,
      "unit": "ns"
    },
    "new": {
      "mean": 431.3634314910827,
      "stddev": 34.75082825353578,
      "unit": "ns"
    }
  },
  "template_rendering/simple": {
    "current": {
      "mean": 752.8319573516014,
      "stddev": 58.78343080517515,
      "unit": "ns"
    },
    "new": {
      "mean": 752.8319573516014,
      "stddev": 58.78343080517515,
      "unit": "ns"
    }
  }
}