{
  "data_generation/generate_single_record": {
    "current": {
      "mean": 761.3181687605917,
      "stddev": 3.9035835595038306,
      "unit": "ns"
    },
    "new": {
      "mean": 761.3181687605917,
      "stddev": 3.9035835595038306,
      "unit": "ns"
    }
  },
  "encryption/aes256_gcm": {
    "current": {
      "mean": 1099.6980333833735,
      "stddev": 11.749527422887159,
      "unit": "ns"
    },
    "new": {
      "mean": 1099.6980333833735,
      "stddev": 11.749527422887159,
      "unit": "ns"
    }
  },
  "encryption/chacha20_poly1305": {
    "current": {
      "mean": 4162.593983183475,
      "stddev": 17.596835090793107,
      "unit": "ns"
    },
    "new": {
      "mean": 4162.593983183475,
      "stddev": 17.596835090793107,
      "unit": "ns"
    }
  },
  "json_validation/complex": {
    "current": {
      "mean": 591.2507675929046,
      "stddev": 9.126001772116037,
      "unit": "ns"
    },
    "new": {
      "mean": 591.2507675929046,
      "stddev": 9.126001772116037,
      "unit": "ns"
    }
  },
  "json_validation/simple": {
    "current": {
      "mean": 99.795601572991,
      "stddev": 1.5639245912332953,
      "unit": "ns"
    },
    "new": {
      "mean": 99.795601572991,
      "stddev": 1.5639245912332953,
      "unit": "ns"
    }
  },
  "memory/deep_template_rendering": {
    "current": {
      "mean": 1459.347490223095,
      "stddev": 2.7943086025837074,
      "unit": "ns"
    },
    "new": {
      "mean": 1459.347490223095,
      "stddev": 2.7943086025837074,
      "unit": "ns"
    }
  },
  "memory/large_data_validation": {
    "current": {
      "mean": 106795.38351706893,
      "stddev": 130.6694628563509,
      "unit": "ns"
    },
    "new": {
      "mean": 106795.38351706893,
      "stddev": 130.6694628563509,
      "unit": "ns"
    }
  },
  "memory/large_spec_parsing": {
    "current": {
      "mean": 6875981.6942724865,
      "stddev": 53003.01965043095,
      "unit": "ns"
    },
    "new": {
      "mean": 6875981.6942724865,
      "stddev": 53003.01965043095,
      "unit": "ns"
    }
  },
  "openapi_parsing/medium_spec_10_paths": {
    "current": {
      "mean": 173703.22109742768,
      "stddev": 3145.311500598296,
      "unit": "ns"
    },
    "new": {
      "mean": 173703.22109742768,
      "stddev": 3145.311500598296,
      "unit": "ns"
    }
  },
  "openapi_parsing/small_spec": {
    "current": {
      "mean": 23969.251540152007,
      "stddev": 425.87382197658485,
      "unit": "ns"
    },
    "new": {
      "mean": 23969.251540152007,
      "stddev": 425.87382197658485,
      "unit": "ns"
    }
  },
  "template_rendering/arrays": {
    "current": {
      "mean": 311.5768173443193,
      "stddev": 2.9932139160444127,
      "unit": "ns"
    },
    "new": {
      "mean": 311.5768173443193,
      "stddev": 2.9932139160444127,
      "unit": "ns"
    }
  },
  "template_rendering/complex": {
    "current": {
      "mean": 374.8979592352614,
      "stddev": 6.447386554434458,
      "unit": "ns"
    },
    "new": {
      "mean": 374.8979592352614,
      "stddev": 6.447386554434458,
      "unit": "ns"
    }
  },
  "template_rendering/simple": {
    "current": {
      "mean": 1216.649955422387,
      "stddev": 18.39533948019255,
      "unit": "ns"
    },
    "new": {
      "mean": 1216.649955422387,
      "stddev": 18.39533948019255,
      "unit": "ns"
    }
  }
}