{
  "data_generation/generate_single_record": {
    "current": {
      "mean": 756.7185863459507,
      "stddev": 13.714392032177017,
      "unit": "ns"
    },
    "new": {
      "mean": 756.7185863459507,
      "stddev": 13.714392032177017,
      "unit": "ns"
    }
  },
  "encryption/aes256_gcm": {
    "current": {
      "mean": 1092.8609674527413,
      "stddev": 11.307675718477176,
      "unit": "ns"
    },
    "new": {
      "mean": 1092.8609674527413,
      "stddev": 11.307675718477176,
      "unit": "ns"
    }
  },
  "encryption/chacha20_poly1305": {
    "current": {
      "mean": 4168.953305508978,
      "stddev": 23.236571532052963,
      "unit": "ns"
    },
    "new": {
      "mean": 4168.953305508978,
      "stddev": 23.236571532052963,
      "unit": "ns"
    }
  },
  "json_validation/complex": {
    "current": {
      "mean": 597.7343541431779,
      "stddev": 9.294894687563172,
      "unit": "ns"
    },
    "new": {
      "mean": 597.7343541431779,
      "stddev": 9.294894687563172,
      "unit": "ns"
    }
  },
  "json_validation/simple": {
    "current": {
      "mean": 101.7669885698975,
      "stddev": 1.158684326137084,
      "unit": "ns"
    },
    "new": {
      "mean": 101.7669885698975,
      "stddev": 1.158684326137084,
      "unit": "ns"
    }
  },
  "memory/deep_template_rendering": {
    "current": {
      "mean": 1430.0585882200526,
      "stddev": 4.854167370879457,
      "unit": "ns"
    },
    "new": {
      "mean": 1430.0585882200526,
      "stddev": 4.854167370879457,
      "unit": "ns"
    }
  },
  "memory/large_data_validation": {
    "current": {
      "mean": 106886.683505291,
      "stddev": 505.8498824856747,
      "unit": "ns"
    },
    "new": {
      "mean": 106886.683505291,
      "stddev": 505.8498824856747,
      "unit": "ns"
    }
  },
  "memory/large_spec_parsing": {
    "current": {
      "mean": 7118930.343997113,
      "stddev": 49578.59241119642,
      "unit": "ns"
    },
    "new": {
      "mean": 7118930.343997113,
      "stddev": 49578.59241119642,
      "unit": "ns"
    }
  },
  "openapi_parsing/medium_spec_10_paths": {
    "current": {
      "mean": 172599.75262196935,
      "stddev": 2895.6819391881672,
      "unit": "ns"
    },
    "new": {
      "mean": 172599.75262196935,
      "stddev": 2895.6819391881672,
      "unit": "ns"
    }
  },
  "openapi_parsing/small_spec": {
    "current": {
      "mean": 24634.73693465143,
      "stddev": 557.5486425300669,
      "unit": "ns"
    },
    "new": {
      "mean": 24634.73693465143,
      "stddev": 557.5486425300669,
      "unit": "ns"
    }
  },
  "template_rendering/arrays": {
    "current": {
      "mean": 316.09339662223005,
      "stddev": 2.870134220434058,
      "unit": "ns"
    },
    "new": {
      "mean": 316.09339662223005,
      "stddev": 2.870134220434058,
      "unit": "ns"
    }
  },
  "template_rendering/complex": {
    "current": {
      "mean": 367.2507863810006,
      "stddev": 5.603068062866737,
      "unit": "ns"
    },
    "new": {
      "mean": 367.2507863810006,
      "stddev": 5.603068062866737,
      "unit": "ns"
    }
  },
  "template_rendering/simple": {
    "current": {
      "mean": 908.3555773616591,
      "stddev": 7.171018872708023,
      "unit": "ns"
    },
    "new": {
      "mean": 908.3555773616591,
      "stddev": 7.171018872708023,
      "unit": "ns"
    }
  }
}