{
  "data_generation/generate_single_record": {
    "current": {
      "mean": 835.9686401392443,
      "stddev": 68.28192796622712,
      "unit": "ns"
    },
    "new": {
      "mean": 835.9686401392443,
      "stddev": 68.28192796622712,
      "unit": "ns"
    }
  },
  "encryption/aes256_gcm": {
    "current": {
      "mean": 1177.887499294779,
      "stddev": 93.28557649785562,
      "unit": "ns"
    },
    "new": {
      "mean": 1177.887499294779,
      "stddev": 93.28557649785562,
      "unit": "ns"
    }
  },
  "encryption/chacha20_poly1305": {
    "current": {
      "mean": 4321.079551698186,
      "stddev": 113.77736216818003,
      "unit": "ns"
    },
    "new": {
      "mean": 4321.079551698186,
      "stddev": 113.77736216818003,
      "unit": "ns"
    }
  },
  "json_validation/complex": {
    "current": {
      "mean": 621.3127166994632,
      "stddev": 44.14412239885244,
      "unit": "ns"
    },
    "new": {
      "mean": 621.3127166994632,
      "stddev": 44.14412239885244,
      "unit": "ns"
    }
  },
  "json_validation/simple": {
    "current": {
      "mean": 105.52812074960633,
      "stddev": 9.294274951034106,
      "unit": "ns"
    },
    "new": {
      "mean": 105.52812074960633,
      "stddev": 9.294274951034106,
      "unit": "ns"
    }
  },
  "memory/deep_template_rendering": {
    "current": {
      "mean": 1648.6078724524712,
      "stddev": 46.44152363349408,
      "unit": "ns"
    },
    "new": {
      "mean": 1648.6078724524712,
      "stddev": 46.44152363349408,
      "unit": "ns"
    }
  },
  "memory/large_data_validation": {
    "current": {
      "mean": 114577.56071366761,
      "stddev": 5076.6528352284695,
      "unit": "ns"
    },
    "new": {
      "mean": 114577.56071366761,
      "stddev": 5076.6528352284695,
      "unit": "ns"
    }
  },
  "memory/large_spec_parsing": {
    "current": {
      "mean": 8483541.953988096,
      "stddev": 611694.0884954226,
      "unit": "ns"
    },
    "new": {
      "mean": 8483541.953988096,
      "stddev": 611694.0884954226,
      "unit": "ns"
    }
  },
  "openapi_parsing/medium_spec_10_paths": {
    "current": {
      "mean": 186027.502896416,
      "stddev": 12777.481081348644,
      "unit": "ns"
    },
    "new": {
      "mean": 186027.502896416,
      "stddev": 12777.481081348644,
      "unit": "ns"
    }
  },
  "openapi_parsing/small_spec": {
    "current": {
      "mean": 27176.35166963791,
      "stddev": 2655.289905888481,
      "unit": "ns"
    },
    "new": {
      "mean": 27176.35166963791,
      "stddev": 2655.289905888481,
      "unit": "ns"
    }
  },
  "template_rendering/arrays": {
    "current": {
      "mean": 347.01301255142494,
      "stddev": 38.145844671734615,
      "unit": "ns"
    },
    "new": {
      "mean": 347.01301255142494,
      "stddev": 38.145844671734615,
      "unit": "ns"
    }
  },
  "template_rendering/complex": {
    "current": {
      "mean": 427.6760832768042,
      "stddev": 27.177552487871136,
      "unit": "ns"
    },
    "new": {
      "mean": 427.6760832768042,
      "stddev": 27.177552487871136,
      "unit": "ns"
    }
  },
  "template_rendering/simple": {
    "current": {
      "mean": 779.9368753466837,
      "stddev": 85.031961724873,
      "unit": "ns"
    },
    "new": {
      "mean": 779.9368753466837,
      "stddev": 85.031961724873,
      "unit": "ns"
    }
  }
}