{
  "data_generation/generate_single_record": {
    "current": {
      "mean": 818.14463820958,
      "stddev": 18.06823872646859,
      "unit": "ns"
    },
    "new": {
      "mean": 818.14463820958,
      "stddev": 18.06823872646859,
      "unit": "ns"
    }
  },
  "encryption/aes256_gcm": {
    "current": {
      "mean": 1113.0986781684164,
      "stddev": 5.4594186287635225,
      "unit": "ns"
    },
    "new": {
      "mean": 1113.0986781684164,
      "stddev": 5.4594186287635225,
      "unit": "ns"
    }
  },
  "encryption/chacha20_poly1305": {
    "current": {
      "mean": 4632.1698042941825,
      "stddev": 47.44801576557226,
      "unit": "ns"
    },
    "new": {
      "mean": 4632.1698042941825,
      "stddev": 47.44801576557226,
      "unit": "ns"
    }
  },
  "json_validation/complex": {
    "current": {
      "mean": 569.8311847378626,
      "stddev": 13.726692790872368,
      "unit": "ns"
    },
    "new": {
      "mean": 569.8311847378626,
      "stddev": 13.726692790872368,
      "unit": "ns"
    }
  },
  "json_validation/simple": {
    "current": {
      "mean": 109.79515590133308,
      "stddev": 5.240706435383999,
      "unit": "ns"
    },
    "new": {
      "mean": 109.79515590133308,
      "stddev": 5.240706435383999,
      "unit": "ns"
    }
  },
  "memory/deep_template_rendering": {
    "current": {
      "mean": 1462.7933488042368,
      "stddev": 2.3690392469218313,
      "unit": "ns"
    },
    "new": {
      "mean": 1462.7933488042368,
      "stddev": 2.3690392469218313,
      "unit": "ns"
    }
  },
  "memory/large_data_validation": {
    "current": {
      "mean": 104681.51602165912,
      "stddev": 242.68609438715237,
      "unit": "ns"
    },
    "new": {
      "mean": 104681.51602165912,
      "stddev": 242.68609438715237,
      "unit": "ns"
    }
  },
  "memory/large_spec_parsing": {
    "current": {
      "mean": 7269331.4190115435,
      "stddev": 80655.7424900099,
      "unit": "ns"
    },
    "new": {
      "mean": 7269331.4190115435,
      "stddev": 80655.7424900099,
      "unit": "ns"
    }
  },
  "openapi_parsing/medium_spec_10_paths": {
    "current": {
      "mean": 171379.6477422536,
      "stddev": 3764.721349625112,
      "unit": "ns"
    },
    "new": {
      "mean": 171379.6477422536,
      "stddev": 3764.721349625112,
      "unit": "ns"
    }
  },
  "openapi_parsing/small_spec": {
    "current": {
      "mean": 23925.043832161402,
      "stddev": 445.6009022560803,
      "unit": "ns"
    },
    "new": {
      "mean": 23925.043832161402,
      "stddev": 445.6009022560803,
      "unit": "ns"
    }
  },
  "template_rendering/arrays": {
    "current": {
      "mean": 308.370267625798,
      "stddev": 6.107273790556943,
      "unit": "ns"
    },
    "new": {
      "mean": 308.370267625798,
      "stddev": 6.107273790556943,
      "unit": "ns"
    }
  },
  "template_rendering/complex": {
    "current": {
      "mean": 378.8008750430796,
      "stddev": 8.47006946267899,
      "unit": "ns"
    },
    "new": {
      "mean": 378.8008750430796,
      "stddev": 8.47006946267899,
      "unit": "ns"
    }
  },
  "template_rendering/simple": {
    "current": {
      "mean": 991.675597730215,
      "stddev": 71.73087584084952,
      "unit": "ns"
    },
    "new": {
      "mean": 991.675597730215,
      "stddev": 71.73087584084952,
      "unit": "ns"
    }
  }
}