{
  "data_generation/generate_single_record": {
    "current": {
      "mean": 771.8367043028087,
      "stddev": 5.524608857655206,
      "unit": "ns"
    },
    "new": {
      "mean": 771.8367043028087,
      "stddev": 5.524608857655206,
      "unit": "ns"
    }
  },
  "encryption/aes256_gcm": {
    "current": {
      "mean": 1089.9845640925564,
      "stddev": 25.21990388522842,
      "unit": "ns"
    },
    "new": {
      "mean": 1089.9845640925564,
      "stddev": 25.21990388522842,
      "unit": "ns"
    }
  },
  "encryption/chacha20_poly1305": {
    "current": {
      "mean": 4174.134603439462,
      "stddev": 8.435376861978275,
      "unit": "ns"
    },
    "new": {
      "mean": 4174.134603439462,
      "stddev": 8.435376861978275,
      "unit": "ns"
    }
  },
  "json_validation/complex": {
    "current": {
      "mean": 594.551464642433,
      "stddev": 24.343511714468942,
      "unit": "ns"
    },
    "new": {
      "mean": 594.551464642433,
      "stddev": 24.343511714468942,
      "unit": "ns"
    }
  },
  "json_validation/simple": {
    "current": {
      "mean": 104.10524687073334,
      "stddev": 0.8664886993348165,
      "unit": "ns"
    },
    "new": {
      "mean": 104.10524687073334,
      "stddev": 0.8664886993348165,
      "unit": "ns"
    }
  },
  "memory/deep_template_rendering": {
    "current": {
      "mean": 1462.692491196299,
      "stddev": 3.1547802566726846,
      "unit": "ns"
    },
    "new": {
      "mean": 1462.692491196299,
      "stddev": 3.1547802566726846,
      "unit": "ns"
    }
  },
  "memory/large_data_validation": {
    "current": {
      "mean": 107174.6711948616,
      "stddev": 224.6204425772843,
      "unit": "ns"
    },
    "new": {
      "mean": 107174.6711948616,
      "stddev": 224.6204425772843,
      "unit": "ns"
    }
  },
  "memory/large_spec_parsing": {
    "current": {
      "mean": 6961579.476550926,
      "stddev": 54834.690416621735,
      "unit": "ns"
    },
    "new": {
      "mean": 6961579.476550926,
      "stddev": 54834.690416621735,
      "unit": "ns"
    }
  },
  "openapi_parsing/medium_spec_10_paths": {
    "current": {
      "mean": 168820.51435752507,
      "stddev": 1661.730365048515,
      "unit": "ns"
    },
    "new": {
      "mean": 168820.51435752507,
      "stddev": 1661.730365048515,
      "unit": "ns"
    }
  },
  "openapi_parsing/small_spec": {
    "current": {
      "mean": 24015.685679815888,
      "stddev": 509.94101666385984,
      "unit": "ns"
    },
    "new": {
      "mean": 24015.685679815888,
      "stddev": 509.94101666385984,
      "unit": "ns"
    }
  },
  "template_rendering/arrays": {
    "current": {
      "mean": 317.4830644129573,
      "stddev": 4.756476823927426,
      "unit": "ns"
    },
    "new": {
      "mean": 317.4830644129573,
      "stddev": 4.756476823927426,
      "unit": "ns"
    }
  },
  "template_rendering/complex": {
    "current": {
      "mean": 377.39850542276844,
      "stddev": 6.293286878058666,
      "unit": "ns"
    },
    "new": {
      "mean": 377.39850542276844,
      "stddev": 6.293286878058666,
      "unit": "ns"
    }
  },
  "template_rendering/simple": {
    "current": {
      "mean": 917.346049081437,
      "stddev": 11.640921696193143,
      "unit": "ns"
    },
    "new": {
      "mean": 917.346049081437,
      "stddev": 11.640921696193143,
      "unit": "ns"
    }
  }
}