{
  "data_generation/generate_single_record": {
    "current": {
      "mean": 757.4463571478525,
      "stddev": 4.23403655808289,
      "unit": "ns"
    },
    "new": {
      "mean": 757.4463571478525,
      "stddev": 4.23403655808289,
      "unit": "ns"
    }
  },
  "encryption/aes256_gcm": {
    "current": {
      "mean": 1106.5745592024066,
      "stddev": 4.689241041253906,
      "unit": "ns"
    },
    "new": {
      "mean": 1106.5745592024066,
      "stddev": 4.689241041253906,
      "unit": "ns"
    }
  },
  "encryption/chacha20_poly1305": {
    "current": {
      "mean": 4189.415200301653,
      "stddev": 22.243882940619486,
      "unit": "ns"
    },
    "new": {
      "mean": 4189.415200301653,
      "stddev": 22.243882940619486,
      "unit": "ns"
    }
  },
  "json_validation/complex": {
    "current": {
      "mean": 582.7661978643335,
      "stddev": 9.44761541577411,
      "unit": "ns"
    },
    "new": {
      "mean": 582.7661978643335,
      "stddev": 9.44761541577411,
      "unit": "ns"
    }
  },
  "json_validation/simple": {
    "current": {
      "mean": 106.02138392303951,
      "stddev": 5.516456541855766,
      "unit": "ns"
    },
    "new": {
      "mean": 106.02138392303951,
      "stddev": 5.516456541855766,
      "unit": "ns"
    }
  },
  "memory/deep_template_rendering": {
    "current": {
      "mean": 1439.5561931853044,
      "stddev": 1.4085528450404854,
      "unit": "ns"
    },
    "new": {
      "mean": 1439.5561931853044,
      "stddev": 1.4085528450404854,
      "unit": "ns"
    }
  },
  "memory/large_data_validation": {
    "current": {
      "mean": 106439.26673522929,
      "stddev": 705.7612607315278,
      "unit": "ns"
    },
    "new": {
      "mean": 106439.26673522929,
      "stddev": 705.7612607315278,
      "unit": "ns"
    }
  },
  "memory/large_spec_parsing": {
    "current": {
      "mean": 7301158.821240982,
      "stddev": 52352.94620810808,
      "unit": "ns"
    },
    "new": {
      "mean": 7301158.821240982,
      "stddev": 52352.94620810808,
      "unit": "ns"
    }
  },
  "openapi_parsing/medium_spec_10_paths": {
    "current": {
      "mean": 173212.01994776953,
      "stddev": 3585.6526212113995,
      "unit": "ns"
    },
    "new": {
      "mean": 173212.01994776953,
      "stddev": 3585.6526212113995,
      "unit": "ns"
    }
  },
  "openapi_parsing/small_spec": {
    "current": {
      "mean": 24449.755732086855,
      "stddev": 352.52674757814157,
      "unit": "ns"
    },
    "new": {
      "mean": 24449.755732086855,
      "stddev": 352.52674757814157,
      "unit": "ns"
    }
  },
  "template_rendering/arrays": {
    "current": {
      "mean": 319.13511262795964,
      "stddev": 3.438767151157924,
      "unit": "ns"
    },
    "new": {
      "mean": 319.13511262795964,
      "stddev": 3.438767151157924,
      "unit": "ns"
    }
  },
  "template_rendering/complex": {
    "current": {
      "mean": 376.96164807836715,
      "stddev": 2.550614019200367,
      "unit": "ns"
    },
    "new": {
      "mean": 376.96164807836715,
      "stddev": 2.550614019200367,
      "unit": "ns"
    }
  },
  "template_rendering/simple": {
    "current": {
      "mean": 907.6199546306893,
      "stddev": 11.63330505262855,
      "unit": "ns"
    },
    "new": {
      "mean": 907.6199546306893,
      "stddev": 11.63330505262855,
      "unit": "ns"
    }
  }
}