{
  "data_generation/generate_single_record": {
    "current": {
      "mean": 774.6551400571824,
      "stddev": 12.650416275607773,
      "unit": "ns"
    },
    "new": {
      "mean": 774.6551400571824,
      "stddev": 12.650416275607773,
      "unit": "ns"
    }
  },
  "encryption/aes256_gcm": {
    "current": {
      "mean": 1131.8316886705463,
      "stddev": 11.665661124771544,
      "unit": "ns"
    },
    "new": {
      "mean": 1131.8316886705463,
      "stddev": 11.665661124771544,
      "unit": "ns"
    }
  },
  "encryption/chacha20_poly1305": {
    "current": {
      "mean": 4180.55371379916,
      "stddev": 16.268172192369793,
      "unit": "ns"
    },
    "new": {
      "mean": 4180.55371379916,
      "stddev": 16.268172192369793,
      "unit": "ns"
    }
  },
  "json_validation/complex": {
    "current": {
      "mean": 580.1594115523142,
      "stddev": 3.756881023530067,
      "unit": "ns"
    },
    "new": {
      "mean": 580.1594115523142,
      "stddev": 3.756881023530067,
      "unit": "ns"
    }
  },
  "json_validation/simple": {
    "current": {
      "mean": 100.29288013950307,
      "stddev": 0.7909744448134981,
      "unit": "ns"
    },
    "new": {
      "mean": 100.29288013950307,
      "stddev": 0.7909744448134981,
      "unit": "ns"
    }
  },
  "memory/deep_template_rendering": {
    "current": {
      "mean": 1464.4257328584645,
      "stddev": 3.356357929277104,
      "unit": "ns"
    },
    "new": {
      "mean": 1464.4257328584645,
      "stddev": 3.356357929277104,
      "unit": "ns"
    }
  },
  "memory/large_data_validation": {
    "current": {
      "mean": 106084.10585986143,
      "stddev": 704.6993217298291,
      "unit": "ns"
    },
    "new": {
      "mean": 106084.10585986143,
      "stddev": 704.6993217298291,
      "unit": "ns"
    }
  },
  "memory/large_spec_parsing": {
    "current": {
      "mean": 6879426.29703373,
      "stddev": 31181.96376300142,
      "unit": "ns"
    },
    "new": {
      "mean": 6879426.29703373,
      "stddev": 31181.96376300142,
      "unit": "ns"
    }
  },
  "openapi_parsing/medium_spec_10_paths": {
    "current": {
      "mean": 169662.49537366442,
      "stddev": 3346.083652728441,
      "unit": "ns"
    },
    "new": {
      "mean": 169662.49537366442,
      "stddev": 3346.083652728441,
      "unit": "ns"
    }
  },
  "openapi_parsing/small_spec": {
    "current": {
      "mean": 24585.41641735476,
      "stddev": 1524.554201612652,
      "unit": "ns"
    },
    "new": {
      "mean": 24585.41641735476,
      "stddev": 1524.554201612652,
      "unit": "ns"
    }
  },
  "template_rendering/arrays": {
    "current": {
      "mean": 311.7642790993677,
      "stddev": 2.8102444361725145,
      "unit": "ns"
    },
    "new": {
      "mean": 311.7642790993677,
      "stddev": 2.8102444361725145,
      "unit": "ns"
    }
  },
  "template_rendering/complex": {
    "current": {
      "mean": 374.79592009082234,
      "stddev": 23.412001188355095,
      "unit": "ns"
    },
    "new": {
      "mean": 374.79592009082234,
      "stddev": 23.412001188355095,
      "unit": "ns"
    }
  },
  "template_rendering/simple": {
    "current": {
      "mean": 953.6081825294671,
      "stddev": 47.98491376429504,
      "unit": "ns"
    },
    "new": {
      "mean": 953.6081825294671,
      "stddev": 47.98491376429504,
      "unit": "ns"
    }
  }
}