{
  "data_generation/generate_single_record": {
    "current": {
      "mean": 765.0840924199356,
      "stddev": 13.683166236059451,
      "unit": "ns"
    },
    "new": {
      "mean": 765.0840924199356,
      "stddev": 13.683166236059451,
      "unit": "ns"
    }
  },
  "encryption/aes256_gcm": {
    "current": {
      "mean": 1133.2765984750386,
      "stddev": 25.220839967798835,
      "unit": "ns"
    },
    "new": {
      "mean": 1133.2765984750386,
      "stddev": 25.220839967798835,
      "unit": "ns"
    }
  },
  "encryption/chacha20_poly1305": {
    "current": {
      "mean": 4209.223933494081,
      "stddev": 22.280375091926867,
      "unit": "ns"
    },
    "new": {
      "mean": 4209.223933494081,
      "stddev": 22.280375091926867,
      "unit": "ns"
    }
  },
  "json_validation/complex": {
    "current": {
      "mean": 580.240913313581,
      "stddev": 12.477069763481651,
      "unit": "ns"
    },
    "new": {
      "mean": 580.240913313581,
      "stddev": 12.477069763481651,
      "unit": "ns"
    }
  },
  "json_validation/simple": {
    "current": {
      "mean": 99.43956578938729,
      "stddev": 0.7427630495226784,
      "unit": "ns"
    },
    "new": {
      "mean": 99.43956578938729,
      "stddev": 0.7427630495226784,
      "unit": "ns"
    }
  },
  "memory/deep_template_rendering": {
    "current": {
      "mean": 1498.0180437002452,
      "stddev": 17.260735236953963,
      "unit": "ns"
    },
    "new": {
      "mean": 1498.0180437002452,
      "stddev": 17.260735236953963,
      "unit": "ns"
    }
  },
  "memory/large_data_validation": {
    "current": {
      "mean": 104168.69880569767,
      "stddev": 455.92860482931275,
      "unit": "ns"
    },
    "new": {
      "mean": 104168.69880569767,
      "stddev": 455.92860482931275,
      "unit": "ns"
    }
  },
  "memory/large_spec_parsing": {
    "current": {
      "mean": 7497939.7610595245,
      "stddev": 65616.77718409411,
      "unit": "ns"
    },
    "new": {
      "mean": 7497939.7610595245,
      "stddev": 65616.77718409411,
      "unit": "ns"
    }
  },
  "openapi_parsing/medium_spec_10_paths": {
    "current": {
      "mean": 173991.64270909977,
      "stddev": 1717.08537781014,
      "unit": "ns"
    },
    "new": {
      "mean": 173991.64270909977,
      "stddev": 1717.08537781014,
      "unit": "ns"
    }
  },
  "openapi_parsing/small_spec": {
    "current": {
      "mean": 24973.185120642353,
      "stddev": 1109.5449417782438,
      "unit": "ns"
    },
    "new": {
      "mean": 24973.185120642353,
      "stddev": 1109.5449417782438,
      "unit": "ns"
    }
  },
  "template_rendering/arrays": {
    "current": {
      "mean": 321.6942695744751,
      "stddev": 6.64779649514134,
      "unit": "ns"
    },
    "new": {
      "mean": 321.6942695744751,
      "stddev": 6.64779649514134,
      "unit": "ns"
    }
  },
  "template_rendering/complex": {
    "current": {
      "mean": 385.5915793100178,
      "stddev": 2.6260547731471013,
      "unit": "ns"
    },
    "new": {
      "mean": 385.5915793100178,
      "stddev": 2.6260547731471013,
      "unit": "ns"
    }
  },
  "template_rendering/simple": {
    "current": {
      "mean": 902.8568019075791,
      "stddev": 12.50707830295521,
      "unit": "ns"
    },
    "new": {
      "mean": 902.8568019075791,
      "stddev": 12.50707830295521,
      "unit": "ns"
    }
  }
}