{
  "data_generation/generate_single_record": {
    "current": {
      "mean": 825.6169380169321,
      "stddev": 12.669770045306441,
      "unit": "ns"
    },
    "new": {
      "mean": 825.6169380169321,
      "stddev": 12.669770045306441,
      "unit": "ns"
    }
  },
  "encryption/aes256_gcm": {
    "current": {
      "mean": 1163.5188602640249,
      "stddev": 7.346069069247576,
      "unit": "ns"
    },
    "new": {
      "mean": 1163.5188602640249,
      "stddev": 7.346069069247576,
      "unit": "ns"
    }
  },
  "encryption/chacha20_poly1305": {
    "current": {
      "mean": 4162.890178733572,
      "stddev": 9.479462220776954,
      "unit": "ns"
    },
    "new": {
      "mean": 4162.890178733572,
      "stddev": 9.479462220776954,
      "unit": "ns"
    }
  },
  "json_validation/complex": {
    "current": {
      "mean": 578.0474974341545,
      "stddev": 9.808688119305607,
      "unit": "ns"
    },
    "new": {
      "mean": 578.0474974341545,
      "stddev": 9.808688119305607,
      "unit": "ns"
    }
  },
  "json_validation/simple": {
    "current": {
      "mean": 104.03803491820054,
      "stddev": 0.943722704815791,
      "unit": "ns"
    },
    "new": {
      "mean": 104.03803491820054,
      "stddev": 0.943722704815791,
      "unit": "ns"
    }
  },
  "memory/deep_template_rendering": {
    "current": {
      "mean": 1477.3491048272188,
      "stddev": 16.000727426918992,
      "unit": "ns"
    },
    "new": {
      "mean": 1477.3491048272188,
      "stddev": 16.000727426918992,
      "unit": "ns"
    }
  },
  "memory/large_data_validation": {
    "current": {
      "mean": 105234.89542658729,
      "stddev": 393.1362986041427,
      "unit": "ns"
    },
    "new": {
      "mean": 105234.89542658729,
      "stddev": 393.1362986041427,
      "unit": "ns"
    }
  },
  "memory/large_spec_parsing": {
    "current": {
      "mean": 6901026.788535053,
      "stddev": 14993.070571662993,
      "unit": "ns"
    },
    "new": {
      "mean": 6901026.788535053,
      "stddev": 14993.070571662993,
      "unit": "ns"
    }
  },
  "openapi_parsing/medium_spec_10_paths": {
    "current": {
      "mean": 168372.12855722875,
      "stddev": 2849.0775525179142,
      "unit": "ns"
    },
    "new": {
      "mean": 168372.12855722875,
      "stddev": 2849.0775525179142,
      "unit": "ns"
    }
  },
  "openapi_parsing/small_spec": {
    "current": {
      "mean": 24124.799699948173,
      "stddev": 443.007942527764,
      "unit": "ns"
    },
    "new": {
      "mean": 24124.799699948173,
      "stddev": 443.007942527764,
      "unit": "ns"
    }
  },
  "template_rendering/arrays": {
    "current": {
      "mean": 317.8265010915621,
      "stddev": 1.7104861617908105,
      "unit": "ns"
    },
    "new": {
      "mean": 317.8265010915621,
      "stddev": 1.7104861617908105,
      "unit": "ns"
    }
  },
  "template_rendering/complex": {
    "current": {
      "mean": 387.5068704383725,
      "stddev": 6.095868628696523,
      "unit": "ns"
    },
    "new": {
      "mean": 387.5068704383725,
      "stddev": 6.095868628696523,
      "unit": "ns"
    }
  },
  "template_rendering/simple": {
    "current": {
      "mean": 912.2274035552456,
      "stddev": 13.426054730171517,
      "unit": "ns"
    },
    "new": {
      "mean": 912.2274035552456,
      "stddev": 13.426054730171517,
      "unit": "ns"
    }
  }
}