{
  "data_generation/generate_single_record": {
    "current": {
      "mean": 754.2415402554607,
      "stddev": 5.759291138418262,
      "unit": "ns"
    },
    "new": {
      "mean": 754.2415402554607,
      "stddev": 5.759291138418262,
      "unit": "ns"
    }
  },
  "encryption/aes256_gcm": {
    "current": {
      "mean": 1088.16141942963,
      "stddev": 6.453740439099416,
      "unit": "ns"
    },
    "new": {
      "mean": 1088.16141942963,
      "stddev": 6.453740439099416,
      "unit": "ns"
    }
  },
  "encryption/chacha20_poly1305": {
    "current": {
      "mean": 4169.385056680134,
      "stddev": 17.76689486668926,
      "unit": "ns"
    },
    "new": {
      "mean": 4169.385056680134,
      "stddev": 17.76689486668926,
      "unit": "ns"
    }
  },
  "json_validation/complex": {
    "current": {
      "mean": 583.3918887599162,
      "stddev": 39.23507377866747,
      "unit": "ns"
    },
    "new": {
      "mean": 583.3918887599162,
      "stddev": 39.23507377866747,
      "unit": "ns"
    }
  },
  "json_validation/simple": {
    "current": {
      "mean": 105.38819554652912,
      "stddev": 1.847663791439941,
      "unit": "ns"
    },
    "new": {
      "mean": 105.38819554652912,
      "stddev": 1.847663791439941,
      "unit": "ns"
    }
  },
  "memory/deep_template_rendering": {
    "current": {
      "mean": 1476.4891973314507,
      "stddev": 1.9365688203994411,
      "unit": "ns"
    },
    "new": {
      "mean": 1476.4891973314507,
      "stddev": 1.9365688203994411,
      "unit": "ns"
    }
  },
  "memory/large_data_validation": {
    "current": {
      "mean": 105615.76797814744,
      "stddev": 553.9739846084773,
      "unit": "ns"
    },
    "new": {
      "mean": 105615.76797814744,
      "stddev": 553.9739846084773,
      "unit": "ns"
    }
  },
  "memory/large_spec_parsing": {
    "current": {
      "mean": 6957781.4857209,
      "stddev": 63090.495057060965,
      "unit": "ns"
    },
    "new": {
      "mean": 6957781.4857209,
      "stddev": 63090.495057060965,
      "unit": "ns"
    }
  },
  "openapi_parsing/medium_spec_10_paths": {
    "current": {
      "mean": 170093.9227594181,
      "stddev": 3162.781751751396,
      "unit": "ns"
    },
    "new": {
      "mean": 170093.9227594181,
      "stddev": 3162.781751751396,
      "unit": "ns"
    }
  },
  "openapi_parsing/small_spec": {
    "current": {
      "mean": 23899.172802449684,
      "stddev": 427.8254586200801,
      "unit": "ns"
    },
    "new": {
      "mean": 23899.172802449684,
      "stddev": 427.8254586200801,
      "unit": "ns"
    }
  },
  "template_rendering/arrays": {
    "current": {
      "mean": 314.63261048673763,
      "stddev": 3.7762456108931413,
      "unit": "ns"
    },
    "new": {
      "mean": 314.63261048673763,
      "stddev": 3.7762456108931413,
      "unit": "ns"
    }
  },
  "template_rendering/complex": {
    "current": {
      "mean": 375.4182550472392,
      "stddev": 3.946683462003395,
      "unit": "ns"
    },
    "new": {
      "mean": 375.4182550472392,
      "stddev": 3.946683462003395,
      "unit": "ns"
    }
  },
  "template_rendering/simple": {
    "current": {
      "mean": 1207.1543314514497,
      "stddev": 8.610964381167088,
      "unit": "ns"
    },
    "new": {
      "mean": 1207.1543314514497,
      "stddev": 8.610964381167088,
      "unit": "ns"
    }
  }
}