{
  "data_generation/generate_single_record": {
    "current": {
      "mean": 799.6110220621167,
      "stddev": 58.1859922752978,
      "unit": "ns"
    },
    "new": {
      "mean": 799.6110220621167,
      "stddev": 58.1859922752978,
      "unit": "ns"
    }
  },
  "encryption/aes256_gcm": {
    "current": {
      "mean": 1144.5849970808945,
      "stddev": 43.881495751561104,
      "unit": "ns"
    },
    "new": {
      "mean": 1144.5849970808945,
      "stddev": 43.881495751561104,
      "unit": "ns"
    }
  },
  "encryption/chacha20_poly1305": {
    "current": {
      "mean": 4349.318143492058,
      "stddev": 105.92376044312275,
      "unit": "ns"
    },
    "new": {
      "mean": 4349.318143492058,
      "stddev": 105.92376044312275,
      "unit": "ns"
    }
  },
  "json_validation/complex": {
    "current": {
      "mean": 619.2672668587209,
      "stddev": 36.11514900600027,
      "unit": "ns"
    },
    "new": {
      "mean": 619.2672668587209,
      "stddev": 36.11514900600027,
      "unit": "ns"
    }
  },
  "json_validation/simple": {
    "current": {
      "mean": 108.79715092730925,
      "stddev": 11.488401295611613,
      "unit": "ns"
    },
    "new": {
      "mean": 108.79715092730925,
      "stddev": 11.488401295611613,
      "unit": "ns"
    }
  },
  "memory/deep_template_rendering": {
    "current": {
      "mean": 1607.9630990456674,
      "stddev": 37.16927512534321,
      "unit": "ns"
    },
    "new": {
      "mean": 1607.9630990456674,
      "stddev": 37.16927512534321,
      "unit": "ns"
    }
  },
  "memory/large_data_validation": {
    "current": {
      "mean": 110595.76797595569,
      "stddev": 2280.4762823372207,
      "unit": "ns"
    },
    "new": {
      "mean": 110595.76797595569,
      "stddev": 2280.4762823372207,
      "unit": "ns"
    }
  },
  "memory/large_spec_parsing": {
    "current": {
      "mean": 8827249.175656965,
      "stddev": 543281.5815584409,
      "unit": "ns"
    },
    "new": {
      "mean": 8827249.175656965,
      "stddev": 543281.5815584409,
      "unit": "ns"
    }
  },
  "openapi_parsing/medium_spec_10_paths": {
    "current": {
      "mean": 182528.75500967668,
      "stddev": 12153.322733956526,
      "unit": "ns"
    },
    "new": {
      "mean": 182528.75500967668,
      "stddev": 12153.322733956526,
      "unit": "ns"
    }
  },
  "openapi_parsing/small_spec": {
    "current": {
      "mean": 25879.852676022594,
      "stddev": 1586.4646726299563,
      "unit": "ns"
    },
    "new": {
      "mean": 25879.852676022594,
      "stddev": 1586.4646726299563,
      "unit": "ns"
    }
  },
  "template_rendering/arrays": {
    "current": {
      "mean": 351.70828374206775,
      "stddev": 44.94905179087246,
      "unit": "ns"
    },
    "new": {
      "mean": 351.70828374206775,
      "stddev": 44.94905179087246,
      "unit": "ns"
    }
  },
  "template_rendering/complex": {
    "current": {
      "mean": 420.82773589046184,
      "stddev": 32.377541808267544,
      "unit": "ns"
    },
    "new": {
      "mean": 420.82773589046184,
      "stddev": 32.377541808267544,
      "unit": "ns"
    }
  },
  "template_rendering/simple": {
    "current": {
      "mean": 739.433775798215,
      "stddev": 53.70558398883071,
      "unit": "ns"
    },
    "new": {
      "mean": 739.433775798215,
      "stddev": 53.70558398883071,
      "unit": "ns"
    }
  }
}