{
  "data_generation/generate_single_record": {
    "current": {
      "mean": 794.4935821682374,
      "stddev": 14.485746770040386,
      "unit": "ns"
    },
    "new": {
      "mean": 794.4935821682374,
      "stddev": 14.485746770040386,
      "unit": "ns"
    }
  },
  "encryption/aes256_gcm": {
    "current": {
      "mean": 1099.2229549261633,
      "stddev": 15.633117557441935,
      "unit": "ns"
    },
    "new": {
      "mean": 1099.2229549261633,
      "stddev": 15.633117557441935,
      "unit": "ns"
    }
  },
  "encryption/chacha20_poly1305": {
    "current": {
      "mean": 4121.252194171712,
      "stddev": 36.939998750078296,
      "unit": "ns"
    },
    "new": {
      "mean": 4121.252194171712,
      "stddev": 36.939998750078296,
      "unit": "ns"
    }
  },
  "json_validation/complex": {
    "current": {
      "mean": 589.6270659851854,
      "stddev": 11.558205778691374,
      "unit": "ns"
    },
    "new": {
      "mean": 589.6270659851854,
      "stddev": 11.558205778691374,
      "unit": "ns"
    }
  },
  "json_validation/simple": {
    "current": {
      "mean": 103.82354856952911,
      "stddev": 1.3554032935377307,
      "unit": "ns"
    },
    "new": {
      "mean": 103.82354856952911,
      "stddev": 1.3554032935377307,
      "unit": "ns"
    }
  },
  "memory/deep_template_rendering": {
    "current": {
      "mean": 1496.450888323576,
      "stddev": 0.9275190330598677,
      "unit": "ns"
    },
    "new": {
      "mean": 1496.450888323576,
      "stddev": 0.9275190330598677,
      "unit": "ns"
    }
  },
  "memory/large_data_validation": {
    "current": {
      "mean": 106553.59400364946,
      "stddev": 287.465036571493,
      "unit": "ns"
    },
    "new": {
      "mean": 106553.59400364946,
      "stddev": 287.465036571493,
      "unit": "ns"
    }
  },
  "memory/large_spec_parsing": {
    "current": {
      "mean": 7093901.1368506495,
      "stddev": 62112.39191715191,
      "unit": "ns"
    },
    "new": {
      "mean": 7093901.1368506495,
      "stddev": 62112.39191715191,
      "unit": "ns"
    }
  },
  "openapi_parsing/medium_spec_10_paths": {
    "current": {
      "mean": 169177.59188651695,
      "stddev": 3072.3292353619227,
      "unit": "ns"
    },
    "new": {
      "mean": 169177.59188651695,
      "stddev": 3072.3292353619227,
      "unit": "ns"
    }
  },
  "openapi_parsing/small_spec": {
    "current": {
      "mean": 24140.178885292422,
      "stddev": 435.8638158485854,
      "unit": "ns"
    },
    "new": {
      "mean": 24140.178885292422,
      "stddev": 435.8638158485854,
      "unit": "ns"
    }
  },
  "template_rendering/arrays": {
    "current": {
      "mean": 315.7394249441081,
      "stddev": 7.796225671564003,
      "unit": "ns"
    },
    "new": {
      "mean": 315.7394249441081,
      "stddev": 7.796225671564003,
      "unit": "ns"
    }
  },
  "template_rendering/complex": {
    "current": {
      "mean": 372.0496352305675,
      "stddev": 4.76212121766977,
      "unit": "ns"
    },
    "new": {
      "mean": 372.0496352305675,
      "stddev": 4.76212121766977,
      "unit": "ns"
    }
  },
  "template_rendering/simple": {
    "current": {
      "mean": 1212.0857371743323,
      "stddev": 15.497996565848563,
      "unit": "ns"
    },
    "new": {
      "mean": 1212.0857371743323,
      "stddev": 15.497996565848563,
      "unit": "ns"
    }
  }
}