{
  "data_generation/generate_single_record": {
    "current": {
      "mean": 801.5096941589463,
      "stddev": 12.343892098914427,
      "unit": "ns"
    },
    "new": {
      "mean": 801.5096941589463,
      "stddev": 12.343892098914427,
      "unit": "ns"
    }
  },
  "encryption/aes256_gcm": {
    "current": {
      "mean": 1091.8548949550777,
      "stddev": 4.976598013555865,
      "unit": "ns"
    },
    "new": {
      "mean": 1091.8548949550777,
      "stddev": 4.976598013555865,
      "unit": "ns"
    }
  },
  "encryption/chacha20_poly1305": {
    "current": {
      "mean": 4136.774599039163,
      "stddev": 25.922905488201955,
      "unit": "ns"
    },
    "new": {
      "mean": 4136.774599039163,
      "stddev": 25.922905488201955,
      "unit": "ns"
    }
  },
  "json_validation/complex": {
    "current": {
      "mean": 581.6154292775706,
      "stddev": 4.284903318933753,
      "unit": "ns"
    },
    "new": {
      "mean": 581.6154292775706,
      "stddev": 4.284903318933753,
      "unit": "ns"
    }
  },
  "json_validation/simple": {
    "current": {
      "mean": 104.80989671345259,
      "stddev": 1.390864215506115,
      "unit": "ns"
    },
    "new": {
      "mean": 104.80989671345259,
      "stddev": 1.390864215506115,
      "unit": "ns"
    }
  },
  "memory/deep_template_rendering": {
    "current": {
      "mean": 1612.0056839935546,
      "stddev": 1.4924104010761003,
      "unit": "ns"
    },
    "new": {
      "mean": 1612.0056839935546,
      "stddev": 1.4924104010761003,
      "unit": "ns"
    }
  },
  "memory/large_data_validation": {
    "current": {
      "mean": 104638.18651580918,
      "stddev": 293.1118385207032,
      "unit": "ns"
    },
    "new": {
      "mean": 104638.18651580918,
      "stddev": 293.1118385207032,
      "unit": "ns"
    }
  },
  "memory/large_spec_parsing": {
    "current": {
      "mean": 6885321.529778439,
      "stddev": 22552.804564302867,
      "unit": "ns"
    },
    "new": {
      "mean": 6885321.529778439,
      "stddev": 22552.804564302867,
      "unit": "ns"
    }
  },
  "openapi_parsing/medium_spec_10_paths": {
    "current": {
      "mean": 167392.55648457241,
      "stddev": 2486.7355671104883,
      "unit": "ns"
    },
    "new": {
      "mean": 167392.55648457241,
      "stddev": 2486.7355671104883,
      "unit": "ns"
    }
  },
  "openapi_parsing/small_spec": {
    "current": {
      "mean": 24419.463191625528,
      "stddev": 263.7696768298747,
      "unit": "ns"
    },
    "new": {
      "mean": 24419.463191625528,
      "stddev": 263.7696768298747,
      "unit": "ns"
    }
  },
  "template_rendering/arrays": {
    "current": {
      "mean": 323.1175035902995,
      "stddev": 12.787745722896453,
      "unit": "ns"
    },
    "new": {
      "mean": 323.1175035902995,
      "stddev": 12.787745722896453,
      "unit": "ns"
    }
  },
  "template_rendering/complex": {
    "current": {
      "mean": 389.1812669314521,
      "stddev": 5.85504656752014,
      "unit": "ns"
    },
    "new": {
      "mean": 389.1812669314521,
      "stddev": 5.85504656752014,
      "unit": "ns"
    }
  },
  "template_rendering/simple": {
    "current": {
      "mean": 911.6795467885931,
      "stddev": 15.279238427996493,
      "unit": "ns"
    },
    "new": {
      "mean": 911.6795467885931,
      "stddev": 15.279238427996493,
      "unit": "ns"
    }
  }
}