{
  "data_generation/generate_single_record": {
    "current": {
      "mean": 759.3548365684121,
      "stddev": 18.499671289639245,
      "unit": "ns"
    },
    "new": {
      "mean": 759.3548365684121,
      "stddev": 18.499671289639245,
      "unit": "ns"
    }
  },
  "encryption/aes256_gcm": {
    "current": {
      "mean": 910.1492207197995,
      "stddev": 18.019132806087715,
      "unit": "ns"
    },
    "new": {
      "mean": 910.1492207197995,
      "stddev": 18.019132806087715,
      "unit": "ns"
    }
  },
  "encryption/chacha20_poly1305": {
    "current": {
      "mean": 3522.8360117709644,
      "stddev": 8.69102983610817,
      "unit": "ns"
    },
    "new": {
      "mean": 3522.8360117709644,
      "stddev": 8.69102983610817,
      "unit": "ns"
    }
  },
  "json_validation/complex": {
    "current": {
      "mean": 627.0137427916775,
      "stddev": 5.8914527473546325,
      "unit": "ns"
    },
    "new": {
      "mean": 627.0137427916775,
      "stddev": 5.8914527473546325,
      "unit": "ns"
    }
  },
  "json_validation/simple": {
    "current": {
      "mean": 85.59696095590586,
      "stddev": 1.8437219764691088,
      "unit": "ns"
    },
    "new": {
      "mean": 85.59696095590586,
      "stddev": 1.8437219764691088,
      "unit": "ns"
    }
  },
  "memory/deep_template_rendering": {
    "current": {
      "mean": 1556.7136702428352,
      "stddev": 6.639751004920262,
      "unit": "ns"
    },
    "new": {
      "mean": 1556.7136702428352,
      "stddev": 6.639751004920262,
      "unit": "ns"
    }
  },
  "memory/large_data_validation": {
    "current": {
      "mean": 101661.0906635564,
      "stddev": 740.2499075132289,
      "unit": "ns"
    },
    "new": {
      "mean": 101661.0906635564,
      "stddev": 740.2499075132289,
      "unit": "ns"
    }
  },
  "memory/large_spec_parsing": {
    "current": {
      "mean": 7395807.768391053,
      "stddev": 61985.43475755138,
      "unit": "ns"
    },
    "new": {
      "mean": 7395807.768391053,
      "stddev": 61985.43475755138,
      "unit": "ns"
    }
  },
  "openapi_parsing/medium_spec_10_paths": {
    "current": {
      "mean": 167204.97830291974,
      "stddev": 2599.124008240455,
      "unit": "ns"
    },
    "new": {
      "mean": 167204.97830291974,
      "stddev": 2599.124008240455,
      "unit": "ns"
    }
  },
  "openapi_parsing/small_spec": {
    "current": {
      "mean": 23308.275451532743,
      "stddev": 595.4232437353497,
      "unit": "ns"
    },
    "new": {
      "mean": 23308.275451532743,
      "stddev": 595.4232437353497,
      "unit": "ns"
    }
  },
  "template_rendering/arrays": {
    "current": {
      "mean": 317.2676405738794,
      "stddev": 1.8449549173550757,
      "unit": "ns"
    },
    "new": {
      "mean": 317.2676405738794,
      "stddev": 1.8449549173550757,
      "unit": "ns"
    }
  },
  "template_rendering/complex": {
    "current": {
      "mean": 371.9963852970817,
      "stddev": 7.012151094004658,
      "unit": "ns"
    },
    "new": {
      "mean": 371.9963852970817,
      "stddev": 7.012151094004658,
      "unit": "ns"
    }
  },
  "template_rendering/simple": {
    "current": {
      "mean": 715.7154304946267,
      "stddev": 33.99217191597796,
      "unit": "ns"
    },
    "new": {
      "mean": 715.7154304946267,
      "stddev": 33.99217191597796,
      "unit": "ns"
    }
  }
}