{
  "data_generation/generate_single_record": {
    "current": {
      "mean": 766.6751857917881,
      "stddev": 8.192128302108552,
      "unit": "ns"
    },
    "new": {
      "mean": 766.6751857917881,
      "stddev": 8.192128302108552,
      "unit": "ns"
    }
  },
  "encryption/aes256_gcm": {
    "current": {
      "mean": 1094.6647914546757,
      "stddev": 5.684315116563006,
      "unit": "ns"
    },
    "new": {
      "mean": 1094.6647914546757,
      "stddev": 5.684315116563006,
      "unit": "ns"
    }
  },
  "encryption/chacha20_poly1305": {
    "current": {
      "mean": 4165.991109868192,
      "stddev": 18.10588907170849,
      "unit": "ns"
    },
    "new": {
      "mean": 4165.991109868192,
      "stddev": 18.10588907170849,
      "unit": "ns"
    }
  },
  "json_validation/complex": {
    "current": {
      "mean": 590.4334551440529,
      "stddev": 8.712046376677069,
      "unit": "ns"
    },
    "new": {
      "mean": 590.4334551440529,
      "stddev": 8.712046376677069,
      "unit": "ns"
    }
  },
  "json_validation/simple": {
    "current": {
      "mean": 101.61489404109015,
      "stddev": 0.6201392030046142,
      "unit": "ns"
    },
    "new": {
      "mean": 101.61489404109015,
      "stddev": 0.6201392030046142,
      "unit": "ns"
    }
  },
  "memory/deep_template_rendering": {
    "current": {
      "mean": 1476.5550256782894,
      "stddev": 8.72148543823912,
      "unit": "ns"
    },
    "new": {
      "mean": 1476.5550256782894,
      "stddev": 8.72148543823912,
      "unit": "ns"
    }
  },
  "memory/large_data_validation": {
    "current": {
      "mean": 105344.16154740102,
      "stddev": 307.1507663955569,
      "unit": "ns"
    },
    "new": {
      "mean": 105344.16154740102,
      "stddev": 307.1507663955569,
      "unit": "ns"
    }
  },
  "memory/large_spec_parsing": {
    "current": {
      "mean": 6832889.548323413,
      "stddev": 8480.225270341907,
      "unit": "ns"
    },
    "new": {
      "mean": 6832889.548323413,
      "stddev": 8480.225270341907,
      "unit": "ns"
    }
  },
  "openapi_parsing/medium_spec_10_paths": {
    "current": {
      "mean": 167526.90213533808,
      "stddev": 1615.137715031483,
      "unit": "ns"
    },
    "new": {
      "mean": 167526.90213533808,
      "stddev": 1615.137715031483,
      "unit": "ns"
    }
  },
  "openapi_parsing/small_spec": {
    "current": {
      "mean": 24099.123096093073,
      "stddev": 492.0661021224068,
      "unit": "ns"
    },
    "new": {
      "mean": 24099.123096093073,
      "stddev": 492.0661021224068,
      "unit": "ns"
    }
  },
  "template_rendering/arrays": {
    "current": {
      "mean": 313.08796602079855,
      "stddev": 3.5421019451679387,
      "unit": "ns"
    },
    "new": {
      "mean": 313.08796602079855,
      "stddev": 3.5421019451679387,
      "unit": "ns"
    }
  },
  "template_rendering/complex": {
    "current": {
      "mean": 372.53357859882135,
      "stddev": 2.8796101776335847,
      "unit": "ns"
    },
    "new": {
      "mean": 372.53357859882135,
      "stddev": 2.8796101776335847,
      "unit": "ns"
    }
  },
  "template_rendering/simple": {
    "current": {
      "mean": 897.3396331735478,
      "stddev": 7.689770105224394,
      "unit": "ns"
    },
    "new": {
      "mean": 897.3396331735478,
      "stddev": 7.689770105224394,
      "unit": "ns"
    }
  }
}