{
  "data_generation/generate_single_record": {
    "current": {
      "mean": 776.7925461377621,
      "stddev": 14.318179918290364,
      "unit": "ns"
    },
    "new": {
      "mean": 776.7925461377621,
      "stddev": 14.318179918290364,
      "unit": "ns"
    }
  },
  "encryption/aes256_gcm": {
    "current": {
      "mean": 898.343321264879,
      "stddev": 4.529461240786487,
      "unit": "ns"
    },
    "new": {
      "mean": 898.343321264879,
      "stddev": 4.529461240786487,
      "unit": "ns"
    }
  },
  "encryption/chacha20_poly1305": {
    "current": {
      "mean": 3562.6073648495976,
      "stddev": 40.834833325056074,
      "unit": "ns"
    },
    "new": {
      "mean": 3562.6073648495976,
      "stddev": 40.834833325056074,
      "unit": "ns"
    }
  },
  "json_validation/complex": {
    "current": {
      "mean": 649.813522084204,
      "stddev": 16.033021568260203,
      "unit": "ns"
    },
    "new": {
      "mean": 649.813522084204,
      "stddev": 16.033021568260203,
      "unit": "ns"
    }
  },
  "json_validation/simple": {
    "current": {
      "mean": 86.39422818107556,
      "stddev": 1.6649174954712245,
      "unit": "ns"
    },
    "new": {
      "mean": 86.39422818107556,
      "stddev": 1.6649174954712245,
      "unit": "ns"
    }
  },
  "memory/deep_template_rendering": {
    "current": {
      "mean": 1478.8526496403736,
      "stddev": 12.123489843941183,
      "unit": "ns"
    },
    "new": {
      "mean": 1478.8526496403736,
      "stddev": 12.123489843941183,
      "unit": "ns"
    }
  },
  "memory/large_data_validation": {
    "current": {
      "mean": 101770.21624450968,
      "stddev": 649.488537493164,
      "unit": "ns"
    },
    "new": {
      "mean": 101770.21624450968,
      "stddev": 649.488537493164,
      "unit": "ns"
    }
  },
  "memory/large_spec_parsing": {
    "current": {
      "mean": 7131140.001630592,
      "stddev": 61840.989439968485,
      "unit": "ns"
    },
    "new": {
      "mean": 7131140.001630592,
      "stddev": 61840.989439968485,
      "unit": "ns"
    }
  },
  "openapi_parsing/medium_spec_10_paths": {
    "current": {
      "mean": 161540.97811961974,
      "stddev": 3285.473144525582,
      "unit": "ns"
    },
    "new": {
      "mean": 161540.97811961974,
      "stddev": 3285.473144525582,
      "unit": "ns"
    }
  },
  "openapi_parsing/small_spec": {
    "current": {
      "mean": 22967.130080427756,
      "stddev": 525.2144950548056,
      "unit": "ns"
    },
    "new": {
      "mean": 22967.130080427756,
      "stddev": 525.2144950548056,
      "unit": "ns"
    }
  },
  "template_rendering/arrays": {
    "current": {
      "mean": 314.6410739395476,
      "stddev": 18.733013621097182,
      "unit": "ns"
    },
    "new": {
      "mean": 314.6410739395476,
      "stddev": 18.733013621097182,
      "unit": "ns"
    }
  },
  "template_rendering/complex": {
    "current": {
      "mean": 365.70424824096204,
      "stddev": 3.128738404813646,
      "unit": "ns"
    },
    "new": {
      "mean": 365.70424824096204,
      "stddev": 3.128738404813646,
      "unit": "ns"
    }
  },
  "template_rendering/simple": {
    "current": {
      "mean": 723.8700078687841,
      "stddev": 37.7482017352403,
      "unit": "ns"
    },
    "new": {
      "mean": 723.8700078687841,
      "stddev": 37.7482017352403,
      "unit": "ns"
    }
  }
}