{
  "data_generation/generate_single_record": {
    "current": {
      "mean": 767.7508834406203,
      "stddev": 18.093651626467814,
      "unit": "ns"
    },
    "new": {
      "mean": 767.7508834406203,
      "stddev": 18.093651626467814,
      "unit": "ns"
    }
  },
  "encryption/aes256_gcm": {
    "current": {
      "mean": 1123.976310307849,
      "stddev": 12.471296156348599,
      "unit": "ns"
    },
    "new": {
      "mean": 1123.976310307849,
      "stddev": 12.471296156348599,
      "unit": "ns"
    }
  },
  "encryption/chacha20_poly1305": {
    "current": {
      "mean": 4171.777112254916,
      "stddev": 19.283991520969376,
      "unit": "ns"
    },
    "new": {
      "mean": 4171.777112254916,
      "stddev": 19.283991520969376,
      "unit": "ns"
    }
  },
  "json_validation/complex": {
    "current": {
      "mean": 578.4662771458774,
      "stddev": 5.740560029259415,
      "unit": "ns"
    },
    "new": {
      "mean": 578.4662771458774,
      "stddev": 5.740560029259415,
      "unit": "ns"
    }
  },
  "json_validation/simple": {
    "current": {
      "mean": 111.12471991312728,
      "stddev": 2.8044658852364157,
      "unit": "ns"
    },
    "new": {
      "mean": 111.12471991312728,
      "stddev": 2.8044658852364157,
      "unit": "ns"
    }
  },
  "memory/deep_template_rendering": {
    "current": {
      "mean": 1456.8864558533762,
      "stddev": 6.376142744589929,
      "unit": "ns"
    },
    "new": {
      "mean": 1456.8864558533762,
      "stddev": 6.376142744589929,
      "unit": "ns"
    }
  },
  "memory/large_data_validation": {
    "current": {
      "mean": 105580.0779146489,
      "stddev": 399.4230688311359,
      "unit": "ns"
    },
    "new": {
      "mean": 105580.0779146489,
      "stddev": 399.4230688311359,
      "unit": "ns"
    }
  },
  "memory/large_spec_parsing": {
    "current": {
      "mean": 7632865.126488095,
      "stddev": 252500.592512103,
      "unit": "ns"
    },
    "new": {
      "mean": 7632865.126488095,
      "stddev": 252500.592512103,
      "unit": "ns"
    }
  },
  "openapi_parsing/medium_spec_10_paths": {
    "current": {
      "mean": 169050.18393520277,
      "stddev": 1577.3913388791905,
      "unit": "ns"
    },
    "new": {
      "mean": 169050.18393520277,
      "stddev": 1577.3913388791905,
      "unit": "ns"
    }
  },
  "openapi_parsing/small_spec": {
    "current": {
      "mean": 24188.566186977154,
      "stddev": 284.67379222290714,
      "unit": "ns"
    },
    "new": {
      "mean": 24188.566186977154,
      "stddev": 284.67379222290714,
      "unit": "ns"
    }
  },
  "template_rendering/arrays": {
    "current": {
      "mean": 311.3994825258116,
      "stddev": 5.830690091517186,
      "unit": "ns"
    },
    "new": {
      "mean": 311.3994825258116,
      "stddev": 5.830690091517186,
      "unit": "ns"
    }
  },
  "template_rendering/complex": {
    "current": {
      "mean": 375.5026688294012,
      "stddev": 3.320208221752891,
      "unit": "ns"
    },
    "new": {
      "mean": 375.5026688294012,
      "stddev": 3.320208221752891,
      "unit": "ns"
    }
  },
  "template_rendering/simple": {
    "current": {
      "mean": 1213.7929257500568,
      "stddev": 9.782012794007148,
      "unit": "ns"
    },
    "new": {
      "mean": 1213.7929257500568,
      "stddev": 9.782012794007148,
      "unit": "ns"
    }
  }
}