{
  "data_generation/generate_single_record": {
    "current": {
      "mean": 786.5427262248445,
      "stddev": 6.725311527498012,
      "unit": "ns"
    },
    "new": {
      "mean": 786.5427262248445,
      "stddev": 6.725311527498012,
      "unit": "ns"
    }
  },
  "encryption/aes256_gcm": {
    "current": {
      "mean": 1098.539156672228,
      "stddev": 53.5920201520179,
      "unit": "ns"
    },
    "new": {
      "mean": 1098.539156672228,
      "stddev": 53.5920201520179,
      "unit": "ns"
    }
  },
  "encryption/chacha20_poly1305": {
    "current": {
      "mean": 4179.122473807957,
      "stddev": 14.772488946428359,
      "unit": "ns"
    },
    "new": {
      "mean": 4179.122473807957,
      "stddev": 14.772488946428359,
      "unit": "ns"
    }
  },
  "json_validation/complex": {
    "current": {
      "mean": 581.1816004689896,
      "stddev": 3.7655768403191012,
      "unit": "ns"
    },
    "new": {
      "mean": 581.1816004689896,
      "stddev": 3.7655768403191012,
      "unit": "ns"
    }
  },
  "json_validation/simple": {
    "current": {
      "mean": 100.22538381858067,
      "stddev": 3.071718288114636,
      "unit": "ns"
    },
    "new": {
      "mean": 100.22538381858067,
      "stddev": 3.071718288114636,
      "unit": "ns"
    }
  },
  "memory/deep_template_rendering": {
    "current": {
      "mean": 1474.6388910218823,
      "stddev": 1.2690778831245946,
      "unit": "ns"
    },
    "new": {
      "mean": 1474.6388910218823,
      "stddev": 1.2690778831245946,
      "unit": "ns"
    }
  },
  "memory/large_data_validation": {
    "current": {
      "mean": 104811.82377532586,
      "stddev": 466.5751125273807,
      "unit": "ns"
    },
    "new": {
      "mean": 104811.82377532586,
      "stddev": 466.5751125273807,
      "unit": "ns"
    }
  },
  "memory/large_spec_parsing": {
    "current": {
      "mean": 6951062.908022488,
      "stddev": 15187.012578674954,
      "unit": "ns"
    },
    "new": {
      "mean": 6951062.908022488,
      "stddev": 15187.012578674954,
      "unit": "ns"
    }
  },
  "openapi_parsing/medium_spec_10_paths": {
    "current": {
      "mean": 170207.15598248792,
      "stddev": 1386.8483519758418,
      "unit": "ns"
    },
    "new": {
      "mean": 170207.15598248792,
      "stddev": 1386.8483519758418,
      "unit": "ns"
    }
  },
  "openapi_parsing/small_spec": {
    "current": {
      "mean": 24729.23080668099,
      "stddev": 231.4105578727776,
      "unit": "ns"
    },
    "new": {
      "mean": 24729.23080668099,
      "stddev": 231.4105578727776,
      "unit": "ns"
    }
  },
  "template_rendering/arrays": {
    "current": {
      "mean": 336.62220862923243,
      "stddev": 2.315354694054292,
      "unit": "ns"
    },
    "new": {
      "mean": 336.62220862923243,
      "stddev": 2.315354694054292,
      "unit": "ns"
    }
  },
  "template_rendering/complex": {
    "current": {
      "mean": 412.83102670019946,
      "stddev": 6.182627744873191,
      "unit": "ns"
    },
    "new": {
      "mean": 412.83102670019946,
      "stddev": 6.182627744873191,
      "unit": "ns"
    }
  },
  "template_rendering/simple": {
    "current": {
      "mean": 906.4578389752526,
      "stddev": 10.958670369958632,
      "unit": "ns"
    },
    "new": {
      "mean": 906.4578389752526,
      "stddev": 10.958670369958632,
      "unit": "ns"
    }
  }
}