{
  "data_generation/generate_single_record": {
    "current": {
      "mean": 773.6331112999942,
      "stddev": 12.153993640874864,
      "unit": "ns"
    },
    "new": {
      "mean": 773.6331112999942,
      "stddev": 12.153993640874864,
      "unit": "ns"
    }
  },
  "encryption/aes256_gcm": {
    "current": {
      "mean": 1103.071368713946,
      "stddev": 14.62553210536221,
      "unit": "ns"
    },
    "new": {
      "mean": 1103.071368713946,
      "stddev": 14.62553210536221,
      "unit": "ns"
    }
  },
  "encryption/chacha20_poly1305": {
    "current": {
      "mean": 4166.041607891607,
      "stddev": 34.03115625121001,
      "unit": "ns"
    },
    "new": {
      "mean": 4166.041607891607,
      "stddev": 34.03115625121001,
      "unit": "ns"
    }
  },
  "json_validation/complex": {
    "current": {
      "mean": 601.3393733948569,
      "stddev": 13.542165993475665,
      "unit": "ns"
    },
    "new": {
      "mean": 601.3393733948569,
      "stddev": 13.542165993475665,
      "unit": "ns"
    }
  },
  "json_validation/simple": {
    "current": {
      "mean": 101.2729902522323,
      "stddev": 1.4758481955200369,
      "unit": "ns"
    },
    "new": {
      "mean": 101.2729902522323,
      "stddev": 1.4758481955200369,
      "unit": "ns"
    }
  },
  "memory/deep_template_rendering": {
    "current": {
      "mean": 1455.0152021447311,
      "stddev": 3.3101497612422723,
      "unit": "ns"
    },
    "new": {
      "mean": 1455.0152021447311,
      "stddev": 3.3101497612422723,
      "unit": "ns"
    }
  },
  "memory/large_data_validation": {
    "current": {
      "mean": 104740.7609858665,
      "stddev": 204.0039312274347,
      "unit": "ns"
    },
    "new": {
      "mean": 104740.7609858665,
      "stddev": 204.0039312274347,
      "unit": "ns"
    }
  },
  "memory/large_spec_parsing": {
    "current": {
      "mean": 6967188.774692461,
      "stddev": 19687.406603198666,
      "unit": "ns"
    },
    "new": {
      "mean": 6967188.774692461,
      "stddev": 19687.406603198666,
      "unit": "ns"
    }
  },
  "openapi_parsing/medium_spec_10_paths": {
    "current": {
      "mean": 172352.37094556526,
      "stddev": 3877.450447380277,
      "unit": "ns"
    },
    "new": {
      "mean": 172352.37094556526,
      "stddev": 3877.450447380277,
      "unit": "ns"
    }
  },
  "openapi_parsing/small_spec": {
    "current": {
      "mean": 24369.38283348172,
      "stddev": 529.3108490095623,
      "unit": "ns"
    },
    "new": {
      "mean": 24369.38283348172,
      "stddev": 529.3108490095623,
      "unit": "ns"
    }
  },
  "template_rendering/arrays": {
    "current": {
      "mean": 314.46129932955085,
      "stddev": 3.174341906994495,
      "unit": "ns"
    },
    "new": {
      "mean": 314.46129932955085,
      "stddev": 3.174341906994495,
      "unit": "ns"
    }
  },
  "template_rendering/complex": {
    "current": {
      "mean": 378.1565607597649,
      "stddev": 6.690807675113478,
      "unit": "ns"
    },
    "new": {
      "mean": 378.1565607597649,
      "stddev": 6.690807675113478,
      "unit": "ns"
    }
  },
  "template_rendering/simple": {
    "current": {
      "mean": 1209.756654261701,
      "stddev": 30.001151842426445,
      "unit": "ns"
    },
    "new": {
      "mean": 1209.756654261701,
      "stddev": 30.001151842426445,
      "unit": "ns"
    }
  }
}