{
  "data_generation/generate_single_record": {
    "current": {
      "mean": 760.1224606483994,
      "stddev": 13.569157189536337,
      "unit": "ns"
    },
    "new": {
      "mean": 760.1224606483994,
      "stddev": 13.569157189536337,
      "unit": "ns"
    }
  },
  "encryption/aes256_gcm": {
    "current": {
      "mean": 1100.619376306159,
      "stddev": 8.850965922688589,
      "unit": "ns"
    },
    "new": {
      "mean": 1100.619376306159,
      "stddev": 8.850965922688589,
      "unit": "ns"
    }
  },
  "encryption/chacha20_poly1305": {
    "current": {
      "mean": 4166.5825880569655,
      "stddev": 21.997046974800984,
      "unit": "ns"
    },
    "new": {
      "mean": 4166.5825880569655,
      "stddev": 21.997046974800984,
      "unit": "ns"
    }
  },
  "json_validation/complex": {
    "current": {
      "mean": 592.260962207524,
      "stddev": 10.98566606192035,
      "unit": "ns"
    },
    "new": {
      "mean": 592.260962207524,
      "stddev": 10.98566606192035,
      "unit": "ns"
    }
  },
  "json_validation/simple": {
    "current": {
      "mean": 116.97627234764055,
      "stddev": 2.580272558538445,
      "unit": "ns"
    },
    "new": {
      "mean": 116.97627234764055,
      "stddev": 2.580272558538445,
      "unit": "ns"
    }
  },
  "memory/deep_template_rendering": {
    "current": {
      "mean": 1446.887029535715,
      "stddev": 3.454367871446213,
      "unit": "ns"
    },
    "new": {
      "mean": 1446.887029535715,
      "stddev": 3.454367871446213,
      "unit": "ns"
    }
  },
  "memory/large_data_validation": {
    "current": {
      "mean": 105971.05024585684,
      "stddev": 584.3124692499006,
      "unit": "ns"
    },
    "new": {
      "mean": 105971.05024585684,
      "stddev": 584.3124692499006,
      "unit": "ns"
    }
  },
  "memory/large_spec_parsing": {
    "current": {
      "mean": 6899916.846481482,
      "stddev": 33969.92202143954,
      "unit": "ns"
    },
    "new": {
      "mean": 6899916.846481482,
      "stddev": 33969.92202143954,
      "unit": "ns"
    }
  },
  "openapi_parsing/medium_spec_10_paths": {
    "current": {
      "mean": 169614.01402076942,
      "stddev": 2933.5335330771723,
      "unit": "ns"
    },
    "new": {
      "mean": 169614.01402076942,
      "stddev": 2933.5335330771723,
      "unit": "ns"
    }
  },
  "openapi_parsing/small_spec": {
    "current": {
      "mean": 24268.016127894254,
      "stddev": 208.03956338910996,
      "unit": "ns"
    },
    "new": {
      "mean": 24268.016127894254,
      "stddev": 208.03956338910996,
      "unit": "ns"
    }
  },
  "template_rendering/arrays": {
    "current": {
      "mean": 312.1477848343299,
      "stddev": 10.442027931251198,
      "unit": "ns"
    },
    "new": {
      "mean": 312.1477848343299,
      "stddev": 10.442027931251198,
      "unit": "ns"
    }
  },
  "template_rendering/complex": {
    "current": {
      "mean": 372.0993582012019,
      "stddev": 17.90437499690558,
      "unit": "ns"
    },
    "new": {
      "mean": 372.0993582012019,
      "stddev": 17.90437499690558,
      "unit": "ns"
    }
  },
  "template_rendering/simple": {
    "current": {
      "mean": 1221.899833357163,
      "stddev": 7.991537761430931,
      "unit": "ns"
    },
    "new": {
      "mean": 1221.899833357163,
      "stddev": 7.991537761430931,
      "unit": "ns"
    }
  }
}