{
  "data_generation/generate_single_record": {
    "current": {
      "mean": 784.9766133897074,
      "stddev": 8.332096998364502,
      "unit": "ns"
    },
    "new": {
      "mean": 784.9766133897074,
      "stddev": 8.332096998364502,
      "unit": "ns"
    }
  },
  "encryption/aes256_gcm": {
    "current": {
      "mean": 1143.1200935342197,
      "stddev": 7.272620087788333,
      "unit": "ns"
    },
    "new": {
      "mean": 1143.1200935342197,
      "stddev": 7.272620087788333,
      "unit": "ns"
    }
  },
  "encryption/chacha20_poly1305": {
    "current": {
      "mean": 4654.3590015141535,
      "stddev": 74.39538618846862,
      "unit": "ns"
    },
    "new": {
      "mean": 4654.3590015141535,
      "stddev": 74.39538618846862,
      "unit": "ns"
    }
  },
  "json_validation/complex": {
    "current": {
      "mean": 564.323101383285,
      "stddev": 11.612543125591817,
      "unit": "ns"
    },
    "new": {
      "mean": 564.323101383285,
      "stddev": 11.612543125591817,
      "unit": "ns"
    }
  },
  "json_validation/simple": {
    "current": {
      "mean": 111.64349988644801,
      "stddev": 2.3077355124868144,
      "unit": "ns"
    },
    "new": {
      "mean": 111.64349988644801,
      "stddev": 2.3077355124868144,
      "unit": "ns"
    }
  },
  "memory/deep_template_rendering": {
    "current": {
      "mean": 1484.0444006218336,
      "stddev": 1.6711898893819337,
      "unit": "ns"
    },
    "new": {
      "mean": 1484.0444006218336,
      "stddev": 1.6711898893819337,
      "unit": "ns"
    }
  },
  "memory/large_data_validation": {
    "current": {
      "mean": 105336.42133328912,
      "stddev": 319.121395313591,
      "unit": "ns"
    },
    "new": {
      "mean": 105336.42133328912,
      "stddev": 319.121395313591,
      "unit": "ns"
    }
  },
  "memory/large_spec_parsing": {
    "current": {
      "mean": 7207782.586558442,
      "stddev": 16470.816302747135,
      "unit": "ns"
    },
    "new": {
      "mean": 7207782.586558442,
      "stddev": 16470.816302747135,
      "unit": "ns"
    }
  },
  "openapi_parsing/medium_spec_10_paths": {
    "current": {
      "mean": 172062.56648344244,
      "stddev": 2328.252609448625,
      "unit": "ns"
    },
    "new": {
      "mean": 172062.56648344244,
      "stddev": 2328.252609448625,
      "unit": "ns"
    }
  },
  "openapi_parsing/small_spec": {
    "current": {
      "mean": 23984.285717155813,
      "stddev": 142.34252004142226,
      "unit": "ns"
    },
    "new": {
      "mean": 23984.285717155813,
      "stddev": 142.34252004142226,
      "unit": "ns"
    }
  },
  "template_rendering/arrays": {
    "current": {
      "mean": 312.88465385627575,
      "stddev": 14.913285476364788,
      "unit": "ns"
    },
    "new": {
      "mean": 312.88465385627575,
      "stddev": 14.913285476364788,
      "unit": "ns"
    }
  },
  "template_rendering/complex": {
    "current": {
      "mean": 374.0180393953724,
      "stddev": 5.930843695750149,
      "unit": "ns"
    },
    "new": {
      "mean": 374.0180393953724,
      "stddev": 5.930843695750149,
      "unit": "ns"
    }
  },
  "template_rendering/simple": {
    "current": {
      "mean": 1023.7894577909392,
      "stddev": 40.904414667855335,
      "unit": "ns"
    },
    "new": {
      "mean": 1023.7894577909392,
      "stddev": 40.904414667855335,
      "unit": "ns"
    }
  }
}