{
  "data_generation/generate_single_record": {
    "current": {
      "mean": 785.9071716690223,
      "stddev": 14.408839914187475,
      "unit": "ns"
    },
    "new": {
      "mean": 785.9071716690223,
      "stddev": 14.408839914187475,
      "unit": "ns"
    }
  },
  "encryption/aes256_gcm": {
    "current": {
      "mean": 1102.0504762010037,
      "stddev": 14.403836934439274,
      "unit": "ns"
    },
    "new": {
      "mean": 1102.0504762010037,
      "stddev": 14.403836934439274,
      "unit": "ns"
    }
  },
  "encryption/chacha20_poly1305": {
    "current": {
      "mean": 4186.355117942466,
      "stddev": 13.005024446918815,
      "unit": "ns"
    },
    "new": {
      "mean": 4186.355117942466,
      "stddev": 13.005024446918815,
      "unit": "ns"
    }
  },
  "json_validation/complex": {
    "current": {
      "mean": 580.6588350535707,
      "stddev": 4.86136616502317,
      "unit": "ns"
    },
    "new": {
      "mean": 580.6588350535707,
      "stddev": 4.86136616502317,
      "unit": "ns"
    }
  },
  "json_validation/simple": {
    "current": {
      "mean": 102.21456853995498,
      "stddev": 1.7673175969461152,
      "unit": "ns"
    },
    "new": {
      "mean": 102.21456853995498,
      "stddev": 1.7673175969461152,
      "unit": "ns"
    }
  },
  "memory/deep_template_rendering": {
    "current": {
      "mean": 1445.449681328571,
      "stddev": 1.0490290126937374,
      "unit": "ns"
    },
    "new": {
      "mean": 1445.449681328571,
      "stddev": 1.0490290126937374,
      "unit": "ns"
    }
  },
  "memory/large_data_validation": {
    "current": {
      "mean": 103979.13348506713,
      "stddev": 405.49219599516454,
      "unit": "ns"
    },
    "new": {
      "mean": 103979.13348506713,
      "stddev": 405.49219599516454,
      "unit": "ns"
    }
  },
  "memory/large_spec_parsing": {
    "current": {
      "mean": 7019154.341802249,
      "stddev": 84928.3823626344,
      "unit": "ns"
    },
    "new": {
      "mean": 7019154.341802249,
      "stddev": 84928.3823626344,
      "unit": "ns"
    }
  },
  "openapi_parsing/medium_spec_10_paths": {
    "current": {
      "mean": 170419.98975516987,
      "stddev": 1609.068878993746,
      "unit": "ns"
    },
    "new": {
      "mean": 170419.98975516987,
      "stddev": 1609.068878993746,
      "unit": "ns"
    }
  },
  "openapi_parsing/small_spec": {
    "current": {
      "mean": 23721.285287481256,
      "stddev": 175.51280941847094,
      "unit": "ns"
    },
    "new": {
      "mean": 23721.285287481256,
      "stddev": 175.51280941847094,
      "unit": "ns"
    }
  },
  "template_rendering/arrays": {
    "current": {
      "mean": 309.2045205389614,
      "stddev": 9.800580115724706,
      "unit": "ns"
    },
    "new": {
      "mean": 309.2045205389614,
      "stddev": 9.800580115724706,
      "unit": "ns"
    }
  },
  "template_rendering/complex": {
    "current": {
      "mean": 367.2488217886902,
      "stddev": 3.9442618047962257,
      "unit": "ns"
    },
    "new": {
      "mean": 367.2488217886902,
      "stddev": 3.9442618047962257,
      "unit": "ns"
    }
  },
  "template_rendering/simple": {
    "current": {
      "mean": 936.8212499752888,
      "stddev": 14.089631066998402,
      "unit": "ns"
    },
    "new": {
      "mean": 936.8212499752888,
      "stddev": 14.089631066998402,
      "unit": "ns"
    }
  }
}