{
  "data_generation/generate_single_record": {
    "current": {
      "mean": 789.1045874375445,
      "stddev": 9.25481026849687,
      "unit": "ns"
    },
    "new": {
      "mean": 789.1045874375445,
      "stddev": 9.25481026849687,
      "unit": "ns"
    }
  },
  "encryption/aes256_gcm": {
    "current": {
      "mean": 1109.4970815533043,
      "stddev": 8.706024746424188,
      "unit": "ns"
    },
    "new": {
      "mean": 1109.4970815533043,
      "stddev": 8.706024746424188,
      "unit": "ns"
    }
  },
  "encryption/chacha20_poly1305": {
    "current": {
      "mean": 4224.9890009153405,
      "stddev": 22.454805726124313,
      "unit": "ns"
    },
    "new": {
      "mean": 4224.9890009153405,
      "stddev": 22.454805726124313,
      "unit": "ns"
    }
  },
  "json_validation/complex": {
    "current": {
      "mean": 584.7397192062809,
      "stddev": 14.854682521496217,
      "unit": "ns"
    },
    "new": {
      "mean": 584.7397192062809,
      "stddev": 14.854682521496217,
      "unit": "ns"
    }
  },
  "json_validation/simple": {
    "current": {
      "mean": 102.63262401455792,
      "stddev": 2.4356282729547285,
      "unit": "ns"
    },
    "new": {
      "mean": 102.63262401455792,
      "stddev": 2.4356282729547285,
      "unit": "ns"
    }
  },
  "memory/deep_template_rendering": {
    "current": {
      "mean": 1524.5500687344538,
      "stddev": 23.63196158650957,
      "unit": "ns"
    },
    "new": {
      "mean": 1524.5500687344538,
      "stddev": 23.63196158650957,
      "unit": "ns"
    }
  },
  "memory/large_data_validation": {
    "current": {
      "mean": 107501.75853348078,
      "stddev": 446.72807189689587,
      "unit": "ns"
    },
    "new": {
      "mean": 107501.75853348078,
      "stddev": 446.72807189689587,
      "unit": "ns"
    }
  },
  "memory/large_spec_parsing": {
    "current": {
      "mean": 6939211.868194446,
      "stddev": 38001.218881191955,
      "unit": "ns"
    },
    "new": {
      "mean": 6939211.868194446,
      "stddev": 38001.218881191955,
      "unit": "ns"
    }
  },
  "openapi_parsing/medium_spec_10_paths": {
    "current": {
      "mean": 170961.52098086066,
      "stddev": 3273.5912188225675,
      "unit": "ns"
    },
    "new": {
      "mean": 170961.52098086066,
      "stddev": 3273.5912188225675,
      "unit": "ns"
    }
  },
  "openapi_parsing/small_spec": {
    "current": {
      "mean": 24915.252449442065,
      "stddev": 376.68897187375325,
      "unit": "ns"
    },
    "new": {
      "mean": 24915.252449442065,
      "stddev": 376.68897187375325,
      "unit": "ns"
    }
  },
  "template_rendering/arrays": {
    "current": {
      "mean": 417.15615423726143,
      "stddev": 13.807148752172571,
      "unit": "ns"
    },
    "new": {
      "mean": 417.15615423726143,
      "stddev": 13.807148752172571,
      "unit": "ns"
    }
  },
  "template_rendering/complex": {
    "current": {
      "mean": 382.9852292471114,
      "stddev": 10.024473997645236,
      "unit": "ns"
    },
    "new": {
      "mean": 382.9852292471114,
      "stddev": 10.024473997645236,
      "unit": "ns"
    }
  },
  "template_rendering/simple": {
    "current": {
      "mean": 949.546393362316,
      "stddev": 21.278679523656102,
      "unit": "ns"
    },
    "new": {
      "mean": 949.546393362316,
      "stddev": 21.278679523656102,
      "unit": "ns"
    }
  }
}