{
  "data_generation/generate_single_record": {
    "current": {
      "mean": 772.9063402245904,
      "stddev": 11.80015352256582,
      "unit": "ns"
    },
    "new": {
      "mean": 772.9063402245904,
      "stddev": 11.80015352256582,
      "unit": "ns"
    }
  },
  "encryption/aes256_gcm": {
    "current": {
      "mean": 1093.8494511130507,
      "stddev": 11.465534819082276,
      "unit": "ns"
    },
    "new": {
      "mean": 1093.8494511130507,
      "stddev": 11.465534819082276,
      "unit": "ns"
    }
  },
  "encryption/chacha20_poly1305": {
    "current": {
      "mean": 4179.890884609125,
      "stddev": 13.201697355045377,
      "unit": "ns"
    },
    "new": {
      "mean": 4179.890884609125,
      "stddev": 13.201697355045377,
      "unit": "ns"
    }
  },
  "json_validation/complex": {
    "current": {
      "mean": 583.3732605858257,
      "stddev": 9.509520115170046,
      "unit": "ns"
    },
    "new": {
      "mean": 583.3732605858257,
      "stddev": 9.509520115170046,
      "unit": "ns"
    }
  },
  "json_validation/simple": {
    "current": {
      "mean": 101.19314756149107,
      "stddev": 2.046663292301984,
      "unit": "ns"
    },
    "new": {
      "mean": 101.19314756149107,
      "stddev": 2.046663292301984,
      "unit": "ns"
    }
  },
  "memory/deep_template_rendering": {
    "current": {
      "mean": 1457.650698483871,
      "stddev": 4.13285747476871,
      "unit": "ns"
    },
    "new": {
      "mean": 1457.650698483871,
      "stddev": 4.13285747476871,
      "unit": "ns"
    }
  },
  "memory/large_data_validation": {
    "current": {
      "mean": 107075.36330313052,
      "stddev": 941.2847727992115,
      "unit": "ns"
    },
    "new": {
      "mean": 107075.36330313052,
      "stddev": 941.2847727992115,
      "unit": "ns"
    }
  },
  "memory/large_spec_parsing": {
    "current": {
      "mean": 7140836.863228716,
      "stddev": 75720.36127994885,
      "unit": "ns"
    },
    "new": {
      "mean": 7140836.863228716,
      "stddev": 75720.36127994885,
      "unit": "ns"
    }
  },
  "openapi_parsing/medium_spec_10_paths": {
    "current": {
      "mean": 170003.998448777,
      "stddev": 1506.4207305351547,
      "unit": "ns"
    },
    "new": {
      "mean": 170003.998448777,
      "stddev": 1506.4207305351547,
      "unit": "ns"
    }
  },
  "openapi_parsing/small_spec": {
    "current": {
      "mean": 24329.961287116737,
      "stddev": 191.31208074892237,
      "unit": "ns"
    },
    "new": {
      "mean": 24329.961287116737,
      "stddev": 191.31208074892237,
      "unit": "ns"
    }
  },
  "template_rendering/arrays": {
    "current": {
      "mean": 312.92806141266783,
      "stddev": 8.123548380760772,
      "unit": "ns"
    },
    "new": {
      "mean": 312.92806141266783,
      "stddev": 8.123548380760772,
      "unit": "ns"
    }
  },
  "template_rendering/complex": {
    "current": {
      "mean": 369.0832640547562,
      "stddev": 5.364756666199556,
      "unit": "ns"
    },
    "new": {
      "mean": 369.0832640547562,
      "stddev": 5.364756666199556,
      "unit": "ns"
    }
  },
  "template_rendering/simple": {
    "current": {
      "mean": 906.2048972028564,
      "stddev": 9.343397080081925,
      "unit": "ns"
    },
    "new": {
      "mean": 906.2048972028564,
      "stddev": 9.343397080081925,
      "unit": "ns"
    }
  }
}