{
  "data_generation/generate_single_record": {
    "current": {
      "mean": 848.219323330988,
      "stddev": 68.88595961473612,
      "unit": "ns"
    },
    "new": {
      "mean": 848.219323330988,
      "stddev": 68.88595961473612,
      "unit": "ns"
    }
  },
  "encryption/aes256_gcm": {
    "current": {
      "mean": 1083.7424039444113,
      "stddev": 12.288408235173346,
      "unit": "ns"
    },
    "new": {
      "mean": 1083.7424039444113,
      "stddev": 12.288408235173346,
      "unit": "ns"
    }
  },
  "encryption/chacha20_poly1305": {
    "current": {
      "mean": 4131.20885819523,
      "stddev": 15.287673213879339,
      "unit": "ns"
    },
    "new": {
      "mean": 4131.20885819523,
      "stddev": 15.287673213879339,
      "unit": "ns"
    }
  },
  "json_validation/complex": {
    "current": {
      "mean": 574.1749076911855,
      "stddev": 4.98480999741442,
      "unit": "ns"
    },
    "new": {
      "mean": 574.1749076911855,
      "stddev": 4.98480999741442,
      "unit": "ns"
    }
  },
  "json_validation/simple": {
    "current": {
      "mean": 101.14151806434037,
      "stddev": 2.6564700471220712,
      "unit": "ns"
    },
    "new": {
      "mean": 101.14151806434037,
      "stddev": 2.6564700471220712,
      "unit": "ns"
    }
  },
  "memory/deep_template_rendering": {
    "current": {
      "mean": 1452.528168907786,
      "stddev": 3.4151717141232467,
      "unit": "ns"
    },
    "new": {
      "mean": 1452.528168907786,
      "stddev": 3.4151717141232467,
      "unit": "ns"
    }
  },
  "memory/large_data_validation": {
    "current": {
      "mean": 106251.7090346863,
      "stddev": 791.0169119978553,
      "unit": "ns"
    },
    "new": {
      "mean": 106251.7090346863,
      "stddev": 791.0169119978553,
      "unit": "ns"
    }
  },
  "memory/large_spec_parsing": {
    "current": {
      "mean": 7029287.921197091,
      "stddev": 45706.973953454806,
      "unit": "ns"
    },
    "new": {
      "mean": 7029287.921197091,
      "stddev": 45706.973953454806,
      "unit": "ns"
    }
  },
  "openapi_parsing/medium_spec_10_paths": {
    "current": {
      "mean": 170948.64060346555,
      "stddev": 3654.1828428620192,
      "unit": "ns"
    },
    "new": {
      "mean": 170948.64060346555,
      "stddev": 3654.1828428620192,
      "unit": "ns"
    }
  },
  "openapi_parsing/small_spec": {
    "current": {
      "mean": 24338.879162876485,
      "stddev": 546.9127392189627,
      "unit": "ns"
    },
    "new": {
      "mean": 24338.879162876485,
      "stddev": 546.9127392189627,
      "unit": "ns"
    }
  },
  "template_rendering/arrays": {
    "current": {
      "mean": 323.7675133893119,
      "stddev": 3.4564883988028035,
      "unit": "ns"
    },
    "new": {
      "mean": 323.7675133893119,
      "stddev": 3.4564883988028035,
      "unit": "ns"
    }
  },
  "template_rendering/complex": {
    "current": {
      "mean": 379.37356274997853,
      "stddev": 11.241576276052536,
      "unit": "ns"
    },
    "new": {
      "mean": 379.37356274997853,
      "stddev": 11.241576276052536,
      "unit": "ns"
    }
  },
  "template_rendering/simple": {
    "current": {
      "mean": 1205.309040902213,
      "stddev": 15.76743207774288,
      "unit": "ns"
    },
    "new": {
      "mean": 1205.309040902213,
      "stddev": 15.76743207774288,
      "unit": "ns"
    }
  }
}