{
  "data_generation/generate_single_record": {
    "current": {
      "mean": 770.6231413943589,
      "stddev": 14.10347798252797,
      "unit": "ns"
    },
    "new": {
      "mean": 770.6231413943589,
      "stddev": 14.10347798252797,
      "unit": "ns"
    }
  },
  "encryption/aes256_gcm": {
    "current": {
      "mean": 1101.0886544864156,
      "stddev": 11.012204984927825,
      "unit": "ns"
    },
    "new": {
      "mean": 1101.0886544864156,
      "stddev": 11.012204984927825,
      "unit": "ns"
    }
  },
  "encryption/chacha20_poly1305": {
    "current": {
      "mean": 4206.864064318921,
      "stddev": 22.077758207638507,
      "unit": "ns"
    },
    "new": {
      "mean": 4206.864064318921,
      "stddev": 22.077758207638507,
      "unit": "ns"
    }
  },
  "json_validation/complex": {
    "current": {
      "mean": 595.2653920696191,
      "stddev": 8.939624048589051,
      "unit": "ns"
    },
    "new": {
      "mean": 595.2653920696191,
      "stddev": 8.939624048589051,
      "unit": "ns"
    }
  },
  "json_validation/simple": {
    "current": {
      "mean": 105.0216991558046,
      "stddev": 1.5510271687608135,
      "unit": "ns"
    },
    "new": {
      "mean": 105.0216991558046,
      "stddev": 1.5510271687608135,
      "unit": "ns"
    }
  },
  "memory/deep_template_rendering": {
    "current": {
      "mean": 1408.704034123711,
      "stddev": 2.502787010526928,
      "unit": "ns"
    },
    "new": {
      "mean": 1408.704034123711,
      "stddev": 2.502787010526928,
      "unit": "ns"
    }
  },
  "memory/large_data_validation": {
    "current": {
      "mean": 105559.62662566868,
      "stddev": 419.24563556908157,
      "unit": "ns"
    },
    "new": {
      "mean": 105559.62662566868,
      "stddev": 419.24563556908157,
      "unit": "ns"
    }
  },
  "memory/large_spec_parsing": {
    "current": {
      "mean": 7218582.944235208,
      "stddev": 127753.89283711875,
      "unit": "ns"
    },
    "new": {
      "mean": 7218582.944235208,
      "stddev": 127753.89283711875,
      "unit": "ns"
    }
  },
  "openapi_parsing/medium_spec_10_paths": {
    "current": {
      "mean": 168351.14163770006,
      "stddev": 2890.395738319239,
      "unit": "ns"
    },
    "new": {
      "mean": 168351.14163770006,
      "stddev": 2890.395738319239,
      "unit": "ns"
    }
  },
  "openapi_parsing/small_spec": {
    "current": {
      "mean": 24166.73575292949,
      "stddev": 249.60254026594657,
      "unit": "ns"
    },
    "new": {
      "mean": 24166.73575292949,
      "stddev": 249.60254026594657,
      "unit": "ns"
    }
  },
  "template_rendering/arrays": {
    "current": {
      "mean": 312.9531026594101,
      "stddev": 6.304184226819806,
      "unit": "ns"
    },
    "new": {
      "mean": 312.9531026594101,
      "stddev": 6.304184226819806,
      "unit": "ns"
    }
  },
  "template_rendering/complex": {
    "current": {
      "mean": 387.09325939602456,
      "stddev": 5.849634702047415,
      "unit": "ns"
    },
    "new": {
      "mean": 387.09325939602456,
      "stddev": 5.849634702047415,
      "unit": "ns"
    }
  },
  "template_rendering/simple": {
    "current": {
      "mean": 900.6767265778104,
      "stddev": 16.580678149809643,
      "unit": "ns"
    },
    "new": {
      "mean": 900.6767265778104,
      "stddev": 16.580678149809643,
      "unit": "ns"
    }
  }
}