{
  "data_generation/generate_single_record": {
    "current": {
      "mean": 895.2246182156493,
      "stddev": 138.3314209105085,
      "unit": "ns"
    },
    "new": {
      "mean": 895.2246182156493,
      "stddev": 138.3314209105085,
      "unit": "ns"
    }
  },
  "encryption/aes256_gcm": {
    "current": {
      "mean": 1147.8806376761286,
      "stddev": 32.63338904228703,
      "unit": "ns"
    },
    "new": {
      "mean": 1147.8806376761286,
      "stddev": 32.63338904228703,
      "unit": "ns"
    }
  },
  "encryption/chacha20_poly1305": {
    "current": {
      "mean": 4326.4843445431725,
      "stddev": 148.24300073784744,
      "unit": "ns"
    },
    "new": {
      "mean": 4326.4843445431725,
      "stddev": 148.24300073784744,
      "unit": "ns"
    }
  },
  "json_validation/complex": {
    "current": {
      "mean": 660.3047012087326,
      "stddev": 91.8314424995864,
      "unit": "ns"
    },
    "new": {
      "mean": 660.3047012087326,
      "stddev": 91.8314424995864,
      "unit": "ns"
    }
  },
  "json_validation/simple": {
    "current": {
      "mean": 108.88770259204574,
      "stddev": 8.868764515194076,
      "unit": "ns"
    },
    "new": {
      "mean": 108.88770259204574,
      "stddev": 8.868764515194076,
      "unit": "ns"
    }
  },
  "memory/deep_template_rendering": {
    "current": {
      "mean": 1711.8157650014152,
      "stddev": 153.93807765045634,
      "unit": "ns"
    },
    "new": {
      "mean": 1711.8157650014152,
      "stddev": 153.93807765045634,
      "unit": "ns"
    }
  },
  "memory/large_data_validation": {
    "current": {
      "mean": 118909.24217197407,
      "stddev": 5319.3751935187875,
      "unit": "ns"
    },
    "new": {
      "mean": 118909.24217197407,
      "stddev": 5319.3751935187875,
      "unit": "ns"
    }
  },
  "memory/large_spec_parsing": {
    "current": {
      "mean": 8113901.312239858,
      "stddev": 303845.5485324519,
      "unit": "ns"
    },
    "new": {
      "mean": 8113901.312239858,
      "stddev": 303845.5485324519,
      "unit": "ns"
    }
  },
  "openapi_parsing/medium_spec_10_paths": {
    "current": {
      "mean": 187611.32478360846,
      "stddev": 9981.468778443912,
      "unit": "ns"
    },
    "new": {
      "mean": 187611.32478360846,
      "stddev": 9981.468778443912,
      "unit": "ns"
    }
  },
  "openapi_parsing/small_spec": {
    "current": {
      "mean": 27989.64117454322,
      "stddev": 2936.3689389243336,
      "unit": "ns"
    },
    "new": {
      "mean": 27989.64117454322,
      "stddev": 2936.3689389243336,
      "unit": "ns"
    }
  },
  "template_rendering/arrays": {
    "current": {
      "mean": 347.4009055160189,
      "stddev": 32.26469909960541,
      "unit": "ns"
    },
    "new": {
      "mean": 347.4009055160189,
      "stddev": 32.26469909960541,
      "unit": "ns"
    }
  },
  "template_rendering/complex": {
    "current": {
      "mean": 437.3466901423417,
      "stddev": 68.52499653136735,
      "unit": "ns"
    },
    "new": {
      "mean": 437.3466901423417,
      "stddev": 68.52499653136735,
      "unit": "ns"
    }
  },
  "template_rendering/simple": {
    "current": {
      "mean": 761.3352005798997,
      "stddev": 62.85196511520327,
      "unit": "ns"
    },
    "new": {
      "mean": 761.3352005798997,
      "stddev": 62.85196511520327,
      "unit": "ns"
    }
  }
}