{
  "data_generation/generate_single_record": {
    "current": {
      "mean": 775.243429464848,
      "stddev": 4.946511973083486,
      "unit": "ns"
    },
    "new": {
      "mean": 775.243429464848,
      "stddev": 4.946511973083486,
      "unit": "ns"
    }
  },
  "encryption/aes256_gcm": {
    "current": {
      "mean": 1104.7383591694268,
      "stddev": 18.404836833392462,
      "unit": "ns"
    },
    "new": {
      "mean": 1104.7383591694268,
      "stddev": 18.404836833392462,
      "unit": "ns"
    }
  },
  "encryption/chacha20_poly1305": {
    "current": {
      "mean": 4126.894758465833,
      "stddev": 24.416652557279654,
      "unit": "ns"
    },
    "new": {
      "mean": 4126.894758465833,
      "stddev": 24.416652557279654,
      "unit": "ns"
    }
  },
  "json_validation/complex": {
    "current": {
      "mean": 591.156335105026,
      "stddev": 7.000516643763329,
      "unit": "ns"
    },
    "new": {
      "mean": 591.156335105026,
      "stddev": 7.000516643763329,
      "unit": "ns"
    }
  },
  "json_validation/simple": {
    "current": {
      "mean": 101.40746094776023,
      "stddev": 1.6198489120581363,
      "unit": "ns"
    },
    "new": {
      "mean": 101.40746094776023,
      "stddev": 1.6198489120581363,
      "unit": "ns"
    }
  },
  "memory/deep_template_rendering": {
    "current": {
      "mean": 1609.2477780329057,
      "stddev": 40.48321835007083,
      "unit": "ns"
    },
    "new": {
      "mean": 1609.2477780329057,
      "stddev": 40.48321835007083,
      "unit": "ns"
    }
  },
  "memory/large_data_validation": {
    "current": {
      "mean": 108465.69789815182,
      "stddev": 1493.848539515462,
      "unit": "ns"
    },
    "new": {
      "mean": 108465.69789815182,
      "stddev": 1493.848539515462,
      "unit": "ns"
    }
  },
  "memory/large_spec_parsing": {
    "current": {
      "mean": 7074505.5166738825,
      "stddev": 156035.10787804163,
      "unit": "ns"
    },
    "new": {
      "mean": 7074505.5166738825,
      "stddev": 156035.10787804163,
      "unit": "ns"
    }
  },
  "openapi_parsing/medium_spec_10_paths": {
    "current": {
      "mean": 169036.63731257588,
      "stddev": 4680.856253648542,
      "unit": "ns"
    },
    "new": {
      "mean": 169036.63731257588,
      "stddev": 4680.856253648542,
      "unit": "ns"
    }
  },
  "openapi_parsing/small_spec": {
    "current": {
      "mean": 24314.303426452247,
      "stddev": 617.5930762154533,
      "unit": "ns"
    },
    "new": {
      "mean": 24314.303426452247,
      "stddev": 617.5930762154533,
      "unit": "ns"
    }
  },
  "template_rendering/arrays": {
    "current": {
      "mean": 322.5906632004209,
      "stddev": 3.1691497282342427,
      "unit": "ns"
    },
    "new": {
      "mean": 322.5906632004209,
      "stddev": 3.1691497282342427,
      "unit": "ns"
    }
  },
  "template_rendering/complex": {
    "current": {
      "mean": 398.785420503096,
      "stddev": 6.255747369722239,
      "unit": "ns"
    },
    "new": {
      "mean": 398.785420503096,
      "stddev": 6.255747369722239,
      "unit": "ns"
    }
  },
  "template_rendering/simple": {
    "current": {
      "mean": 916.8861413263244,
      "stddev": 11.973483581139885,
      "unit": "ns"
    },
    "new": {
      "mean": 916.8861413263244,
      "stddev": 11.973483581139885,
      "unit": "ns"
    }
  }
}