{
  "data_generation/generate_single_record": {
    "current": {
      "mean": 784.3416995547948,
      "stddev": 14.381607593985136,
      "unit": "ns"
    },
    "new": {
      "mean": 784.3416995547948,
      "stddev": 14.381607593985136,
      "unit": "ns"
    }
  },
  "encryption/aes256_gcm": {
    "current": {
      "mean": 1103.5783274794153,
      "stddev": 11.901480089282089,
      "unit": "ns"
    },
    "new": {
      "mean": 1103.5783274794153,
      "stddev": 11.901480089282089,
      "unit": "ns"
    }
  },
  "encryption/chacha20_poly1305": {
    "current": {
      "mean": 4135.99780229966,
      "stddev": 25.067099869633093,
      "unit": "ns"
    },
    "new": {
      "mean": 4135.99780229966,
      "stddev": 25.067099869633093,
      "unit": "ns"
    }
  },
  "json_validation/complex": {
    "current": {
      "mean": 590.7349452894055,
      "stddev": 11.751887818622157,
      "unit": "ns"
    },
    "new": {
      "mean": 590.7349452894055,
      "stddev": 11.751887818622157,
      "unit": "ns"
    }
  },
  "json_validation/simple": {
    "current": {
      "mean": 104.14835674324027,
      "stddev": 1.6603991652715426,
      "unit": "ns"
    },
    "new": {
      "mean": 104.14835674324027,
      "stddev": 1.6603991652715426,
      "unit": "ns"
    }
  },
  "memory/deep_template_rendering": {
    "current": {
      "mean": 1448.7842177993173,
      "stddev": 10.276973002308567,
      "unit": "ns"
    },
    "new": {
      "mean": 1448.7842177993173,
      "stddev": 10.276973002308567,
      "unit": "ns"
    }
  },
  "memory/large_data_validation": {
    "current": {
      "mean": 105764.71777437956,
      "stddev": 405.66192595333183,
      "unit": "ns"
    },
    "new": {
      "mean": 105764.71777437956,
      "stddev": 405.66192595333183,
      "unit": "ns"
    }
  },
  "memory/large_spec_parsing": {
    "current": {
      "mean": 6990309.88042328,
      "stddev": 85874.34249027212,
      "unit": "ns"
    },
    "new": {
      "mean": 6990309.88042328,
      "stddev": 85874.34249027212,
      "unit": "ns"
    }
  },
  "openapi_parsing/medium_spec_10_paths": {
    "current": {
      "mean": 170010.51184321224,
      "stddev": 2481.572583982779,
      "unit": "ns"
    },
    "new": {
      "mean": 170010.51184321224,
      "stddev": 2481.572583982779,
      "unit": "ns"
    }
  },
  "openapi_parsing/small_spec": {
    "current": {
      "mean": 23969.22006889664,
      "stddev": 388.29607740693933,
      "unit": "ns"
    },
    "new": {
      "mean": 23969.22006889664,
      "stddev": 388.29607740693933,
      "unit": "ns"
    }
  },
  "template_rendering/arrays": {
    "current": {
      "mean": 316.37815913106607,
      "stddev": 8.810368420274381,
      "unit": "ns"
    },
    "new": {
      "mean": 316.37815913106607,
      "stddev": 8.810368420274381,
      "unit": "ns"
    }
  },
  "template_rendering/complex": {
    "current": {
      "mean": 373.71513929953727,
      "stddev": 2.6915263380859,
      "unit": "ns"
    },
    "new": {
      "mean": 373.71513929953727,
      "stddev": 2.6915263380859,
      "unit": "ns"
    }
  },
  "template_rendering/simple": {
    "current": {
      "mean": 1263.2210573996558,
      "stddev": 69.43861680519251,
      "unit": "ns"
    },
    "new": {
      "mean": 1263.2210573996558,
      "stddev": 69.43861680519251,
      "unit": "ns"
    }
  }
}