{
  "data_generation/generate_single_record": {
    "current": {
      "mean": 765.3892036047268,
      "stddev": 10.797040939861771,
      "unit": "ns"
    },
    "new": {
      "mean": 765.3892036047268,
      "stddev": 10.797040939861771,
      "unit": "ns"
    }
  },
  "encryption/aes256_gcm": {
    "current": {
      "mean": 1080.2181791054932,
      "stddev": 8.65471593974939,
      "unit": "ns"
    },
    "new": {
      "mean": 1080.2181791054932,
      "stddev": 8.65471593974939,
      "unit": "ns"
    }
  },
  "encryption/chacha20_poly1305": {
    "current": {
      "mean": 4160.925462311652,
      "stddev": 13.45921298211594,
      "unit": "ns"
    },
    "new": {
      "mean": 4160.925462311652,
      "stddev": 13.45921298211594,
      "unit": "ns"
    }
  },
  "json_validation/complex": {
    "current": {
      "mean": 582.0855557161464,
      "stddev": 5.739293284659138,
      "unit": "ns"
    },
    "new": {
      "mean": 582.0855557161464,
      "stddev": 5.739293284659138,
      "unit": "ns"
    }
  },
  "json_validation/simple": {
    "current": {
      "mean": 105.97061083874209,
      "stddev": 4.108531617978815,
      "unit": "ns"
    },
    "new": {
      "mean": 105.97061083874209,
      "stddev": 4.108531617978815,
      "unit": "ns"
    }
  },
  "memory/deep_template_rendering": {
    "current": {
      "mean": 1634.6894452038503,
      "stddev": 2.2929508020053357,
      "unit": "ns"
    },
    "new": {
      "mean": 1634.6894452038503,
      "stddev": 2.2929508020053357,
      "unit": "ns"
    }
  },
  "memory/large_data_validation": {
    "current": {
      "mean": 103900.19701657517,
      "stddev": 200.76246128082803,
      "unit": "ns"
    },
    "new": {
      "mean": 103900.19701657517,
      "stddev": 200.76246128082803,
      "unit": "ns"
    }
  },
  "memory/large_spec_parsing": {
    "current": {
      "mean": 6913211.975588624,
      "stddev": 14514.330895816156,
      "unit": "ns"
    },
    "new": {
      "mean": 6913211.975588624,
      "stddev": 14514.330895816156,
      "unit": "ns"
    }
  },
  "openapi_parsing/medium_spec_10_paths": {
    "current": {
      "mean": 169555.24388005416,
      "stddev": 1482.7638825695901,
      "unit": "ns"
    },
    "new": {
      "mean": 169555.24388005416,
      "stddev": 1482.7638825695901,
      "unit": "ns"
    }
  },
  "openapi_parsing/small_spec": {
    "current": {
      "mean": 24053.81368876686,
      "stddev": 453.11787087921454,
      "unit": "ns"
    },
    "new": {
      "mean": 24053.81368876686,
      "stddev": 453.11787087921454,
      "unit": "ns"
    }
  },
  "template_rendering/arrays": {
    "current": {
      "mean": 314.2851725771097,
      "stddev": 1.912838926936043,
      "unit": "ns"
    },
    "new": {
      "mean": 314.2851725771097,
      "stddev": 1.912838926936043,
      "unit": "ns"
    }
  },
  "template_rendering/complex": {
    "current": {
      "mean": 375.9298344887088,
      "stddev": 4.45717692371607,
      "unit": "ns"
    },
    "new": {
      "mean": 375.9298344887088,
      "stddev": 4.45717692371607,
      "unit": "ns"
    }
  },
  "template_rendering/simple": {
    "current": {
      "mean": 913.177816515318,
      "stddev": 29.141269438986956,
      "unit": "ns"
    },
    "new": {
      "mean": 913.177816515318,
      "stddev": 29.141269438986956,
      "unit": "ns"
    }
  }
}