{
  "data_generation/generate_single_record": {
    "current": {
      "mean": 790.9653299367924,
      "stddev": 9.679671972537676,
      "unit": "ns"
    },
    "new": {
      "mean": 790.9653299367924,
      "stddev": 9.679671972537676,
      "unit": "ns"
    }
  },
  "encryption/aes256_gcm": {
    "current": {
      "mean": 1096.0401774629267,
      "stddev": 11.477871810739119,
      "unit": "ns"
    },
    "new": {
      "mean": 1096.0401774629267,
      "stddev": 11.477871810739119,
      "unit": "ns"
    }
  },
  "encryption/chacha20_poly1305": {
    "current": {
      "mean": 4163.081517475529,
      "stddev": 20.106409847396016,
      "unit": "ns"
    },
    "new": {
      "mean": 4163.081517475529,
      "stddev": 20.106409847396016,
      "unit": "ns"
    }
  },
  "json_validation/complex": {
    "current": {
      "mean": 573.2311943804937,
      "stddev": 3.973354850247223,
      "unit": "ns"
    },
    "new": {
      "mean": 573.2311943804937,
      "stddev": 3.973354850247223,
      "unit": "ns"
    }
  },
  "json_validation/simple": {
    "current": {
      "mean": 104.27143576781101,
      "stddev": 1.5962775841739594,
      "unit": "ns"
    },
    "new": {
      "mean": 104.27143576781101,
      "stddev": 1.5962775841739594,
      "unit": "ns"
    }
  },
  "memory/deep_template_rendering": {
    "current": {
      "mean": 1460.3939681753932,
      "stddev": 6.11981285072992,
      "unit": "ns"
    },
    "new": {
      "mean": 1460.3939681753932,
      "stddev": 6.11981285072992,
      "unit": "ns"
    }
  },
  "memory/large_data_validation": {
    "current": {
      "mean": 105428.28483442051,
      "stddev": 476.04704399957524,
      "unit": "ns"
    },
    "new": {
      "mean": 105428.28483442051,
      "stddev": 476.04704399957524,
      "unit": "ns"
    }
  },
  "memory/large_spec_parsing": {
    "current": {
      "mean": 7002160.026954366,
      "stddev": 19749.143933083673,
      "unit": "ns"
    },
    "new": {
      "mean": 7002160.026954366,
      "stddev": 19749.143933083673,
      "unit": "ns"
    }
  },
  "openapi_parsing/medium_spec_10_paths": {
    "current": {
      "mean": 170704.69246441819,
      "stddev": 3048.857609957766,
      "unit": "ns"
    },
    "new": {
      "mean": 170704.69246441819,
      "stddev": 3048.857609957766,
      "unit": "ns"
    }
  },
  "openapi_parsing/small_spec": {
    "current": {
      "mean": 24092.267333023236,
      "stddev": 392.04238381826406,
      "unit": "ns"
    },
    "new": {
      "mean": 24092.267333023236,
      "stddev": 392.04238381826406,
      "unit": "ns"
    }
  },
  "template_rendering/arrays": {
    "current": {
      "mean": 312.40182500702645,
      "stddev": 2.256050657800906,
      "unit": "ns"
    },
    "new": {
      "mean": 312.40182500702645,
      "stddev": 2.256050657800906,
      "unit": "ns"
    }
  },
  "template_rendering/complex": {
    "current": {
      "mean": 369.7059154628594,
      "stddev": 2.330793299552628,
      "unit": "ns"
    },
    "new": {
      "mean": 369.7059154628594,
      "stddev": 2.330793299552628,
      "unit": "ns"
    }
  },
  "template_rendering/simple": {
    "current": {
      "mean": 938.388369549241,
      "stddev": 52.3696505768453,
      "unit": "ns"
    },
    "new": {
      "mean": 938.388369549241,
      "stddev": 52.3696505768453,
      "unit": "ns"
    }
  }
}