{
  "data_generation/generate_single_record": {
    "current": {
      "mean": 764.2016068186384,
      "stddev": 10.08681652223402,
      "unit": "ns"
    },
    "new": {
      "mean": 764.2016068186384,
      "stddev": 10.08681652223402,
      "unit": "ns"
    }
  },
  "encryption/aes256_gcm": {
    "current": {
      "mean": 1086.1267388674241,
      "stddev": 4.7469239938402135,
      "unit": "ns"
    },
    "new": {
      "mean": 1086.1267388674241,
      "stddev": 4.7469239938402135,
      "unit": "ns"
    }
  },
  "encryption/chacha20_poly1305": {
    "current": {
      "mean": 4181.959020618789,
      "stddev": 102.05539155858278,
      "unit": "ns"
    },
    "new": {
      "mean": 4181.959020618789,
      "stddev": 102.05539155858278,
      "unit": "ns"
    }
  },
  "json_validation/complex": {
    "current": {
      "mean": 591.6528960762398,
      "stddev": 9.234071785436896,
      "unit": "ns"
    },
    "new": {
      "mean": 591.6528960762398,
      "stddev": 9.234071785436896,
      "unit": "ns"
    }
  },
  "json_validation/simple": {
    "current": {
      "mean": 104.52727478330722,
      "stddev": 2.466974231543417,
      "unit": "ns"
    },
    "new": {
      "mean": 104.52727478330722,
      "stddev": 2.466974231543417,
      "unit": "ns"
    }
  },
  "memory/deep_template_rendering": {
    "current": {
      "mean": 1488.2496754694184,
      "stddev": 2.2328522861647215,
      "unit": "ns"
    },
    "new": {
      "mean": 1488.2496754694184,
      "stddev": 2.2328522861647215,
      "unit": "ns"
    }
  },
  "memory/large_data_validation": {
    "current": {
      "mean": 105592.77786505797,
      "stddev": 268.5771306983326,
      "unit": "ns"
    },
    "new": {
      "mean": 105592.77786505797,
      "stddev": 268.5771306983326,
      "unit": "ns"
    }
  },
  "memory/large_spec_parsing": {
    "current": {
      "mean": 6934538.643587964,
      "stddev": 38415.190225067316,
      "unit": "ns"
    },
    "new": {
      "mean": 6934538.643587964,
      "stddev": 38415.190225067316,
      "unit": "ns"
    }
  },
  "openapi_parsing/medium_spec_10_paths": {
    "current": {
      "mean": 167751.00629313706,
      "stddev": 2586.149591605877,
      "unit": "ns"
    },
    "new": {
      "mean": 167751.00629313706,
      "stddev": 2586.149591605877,
      "unit": "ns"
    }
  },
  "openapi_parsing/small_spec": {
    "current": {
      "mean": 23933.501116719694,
      "stddev": 182.98655496267466,
      "unit": "ns"
    },
    "new": {
      "mean": 23933.501116719694,
      "stddev": 182.98655496267466,
      "unit": "ns"
    }
  },
  "template_rendering/arrays": {
    "current": {
      "mean": 319.0656741530271,
      "stddev": 11.871746773915108,
      "unit": "ns"
    },
    "new": {
      "mean": 319.0656741530271,
      "stddev": 11.871746773915108,
      "unit": "ns"
    }
  },
  "template_rendering/complex": {
    "current": {
      "mean": 377.6399671151145,
      "stddev": 8.137649845087802,
      "unit": "ns"
    },
    "new": {
      "mean": 377.6399671151145,
      "stddev": 8.137649845087802,
      "unit": "ns"
    }
  },
  "template_rendering/simple": {
    "current": {
      "mean": 920.0480646305987,
      "stddev": 14.068309723307376,
      "unit": "ns"
    },
    "new": {
      "mean": 920.0480646305987,
      "stddev": 14.068309723307376,
      "unit": "ns"
    }
  }
}