{
  "data_generation/generate_single_record": {
    "current": {
      "mean": 785.5748799857906,
      "stddev": 15.078953701356534,
      "unit": "ns"
    },
    "new": {
      "mean": 785.5748799857906,
      "stddev": 15.078953701356534,
      "unit": "ns"
    }
  },
  "encryption/aes256_gcm": {
    "current": {
      "mean": 901.0137115006302,
      "stddev": 4.47494322978977,
      "unit": "ns"
    },
    "new": {
      "mean": 901.0137115006302,
      "stddev": 4.47494322978977,
      "unit": "ns"
    }
  },
  "encryption/chacha20_poly1305": {
    "current": {
      "mean": 3532.696930315634,
      "stddev": 21.87864644091145,
      "unit": "ns"
    },
    "new": {
      "mean": 3532.696930315634,
      "stddev": 21.87864644091145,
      "unit": "ns"
    }
  },
  "json_validation/complex": {
    "current": {
      "mean": 650.6968702359671,
      "stddev": 10.776385653176536,
      "unit": "ns"
    },
    "new": {
      "mean": 650.6968702359671,
      "stddev": 10.776385653176536,
      "unit": "ns"
    }
  },
  "json_validation/simple": {
    "current": {
      "mean": 89.77547063620209,
      "stddev": 2.9707396686115297,
      "unit": "ns"
    },
    "new": {
      "mean": 89.77547063620209,
      "stddev": 2.9707396686115297,
      "unit": "ns"
    }
  },
  "memory/deep_template_rendering": {
    "current": {
      "mean": 1620.1356281885717,
      "stddev": 5.626276972934423,
      "unit": "ns"
    },
    "new": {
      "mean": 1620.1356281885717,
      "stddev": 5.626276972934423,
      "unit": "ns"
    }
  },
  "memory/large_data_validation": {
    "current": {
      "mean": 104604.41951159119,
      "stddev": 181.75712477357337,
      "unit": "ns"
    },
    "new": {
      "mean": 104604.41951159119,
      "stddev": 181.75712477357337,
      "unit": "ns"
    }
  },
  "memory/large_spec_parsing": {
    "current": {
      "mean": 7195267.734841269,
      "stddev": 82466.28987246285,
      "unit": "ns"
    },
    "new": {
      "mean": 7195267.734841269,
      "stddev": 82466.28987246285,
      "unit": "ns"
    }
  },
  "openapi_parsing/medium_spec_10_paths": {
    "current": {
      "mean": 165616.05283037966,
      "stddev": 1133.7372147721562,
      "unit": "ns"
    },
    "new": {
      "mean": 165616.05283037966,
      "stddev": 1133.7372147721562,
      "unit": "ns"
    }
  },
  "openapi_parsing/small_spec": {
    "current": {
      "mean": 22901.173864985947,
      "stddev": 119.5346623702083,
      "unit": "ns"
    },
    "new": {
      "mean": 22901.173864985947,
      "stddev": 119.5346623702083,
      "unit": "ns"
    }
  },
  "template_rendering/arrays": {
    "current": {
      "mean": 319.9166555675819,
      "stddev": 15.588576955573664,
      "unit": "ns"
    },
    "new": {
      "mean": 319.9166555675819,
      "stddev": 15.588576955573664,
      "unit": "ns"
    }
  },
  "template_rendering/complex": {
    "current": {
      "mean": 371.01426375863343,
      "stddev": 2.9534606426264287,
      "unit": "ns"
    },
    "new": {
      "mean": 371.01426375863343,
      "stddev": 2.9534606426264287,
      "unit": "ns"
    }
  },
  "template_rendering/simple": {
    "current": {
      "mean": 712.2083339233078,
      "stddev": 21.072024631438477,
      "unit": "ns"
    },
    "new": {
      "mean": 712.2083339233078,
      "stddev": 21.072024631438477,
      "unit": "ns"
    }
  }
}