{
  "data_generation/generate_single_record": {
    "current": {
      "mean": 0.6219783165371863,
      "stddev": 0.004954244599863808,
      "unit": "ns"
    },
    "new": {
      "mean": 0.6219783165371863,
      "stddev": 0.004954244599863808,
      "unit": "ns"
    }
  },
  "encryption/placeholder": {
    "current": {
      "mean": 1.2437500347137822,
      "stddev": 0.0059748860575649715,
      "unit": "ns"
    },
    "new": {
      "mean": 1.2437500347137822,
      "stddev": 0.0059748860575649715,
      "unit": "ns"
    }
  },
  "json_validation/complex": {
    "current": {
      "mean": 578.7876660727262,
      "stddev": 8.951313228930209,
      "unit": "ns"
    },
    "new": {
      "mean": 578.7876660727262,
      "stddev": 8.951313228930209,
      "unit": "ns"
    }
  },
  "json_validation/simple": {
    "current": {
      "mean": 106.97773716623831,
      "stddev": 3.741564112692985,
      "unit": "ns"
    },
    "new": {
      "mean": 106.97773716623831,
      "stddev": 3.741564112692985,
      "unit": "ns"
    }
  },
  "memory/deep_template_rendering": {
    "current": {
      "mean": 1604.5607279015144,
      "stddev": 2.1736162889843422,
      "unit": "ns"
    },
    "new": {
      "mean": 1604.5607279015144,
      "stddev": 2.1736162889843422,
      "unit": "ns"
    }
  },
  "memory/large_data_validation": {
    "current": {
      "mean": 107427.73222810918,
      "stddev": 294.9745385824132,
      "unit": "ns"
    },
    "new": {
      "mean": 107427.73222810918,
      "stddev": 294.9745385824132,
      "unit": "ns"
    }
  },
  "memory/large_spec_parsing": {
    "current": {
      "mean": 7101374.53840909,
      "stddev": 50441.73615105738,
      "unit": "ns"
    },
    "new": {
      "mean": 7101374.53840909,
      "stddev": 50441.73615105738,
      "unit": "ns"
    }
  },
  "openapi_parsing/medium_spec_10_paths": {
    "current": {
      "mean": 173790.93347774883,
      "stddev": 2266.649216730235,
      "unit": "ns"
    },
    "new": {
      "mean": 173790.93347774883,
      "stddev": 2266.649216730235,
      "unit": "ns"
    }
  },
  "openapi_parsing/small_spec": {
    "current": {
      "mean": 24746.64995107475,
      "stddev": 324.7122665059438,
      "unit": "ns"
    },
    "new": {
      "mean": 24746.64995107475,
      "stddev": 324.7122665059438,
      "unit": "ns"
    }
  },
  "template_rendering/arrays": {
    "current": {
      "mean": 317.31375114041595,
      "stddev": 8.795498462859127,
      "unit": "ns"
    },
    "new": {
      "mean": 317.31375114041595,
      "stddev": 8.795498462859127,
      "unit": "ns"
    }
  },
  "template_rendering/complex": {
    "current": {
      "mean": 380.0465189219283,
      "stddev": 5.990521888006272,
      "unit": "ns"
    },
    "new": {
      "mean": 380.0465189219283,
      "stddev": 5.990521888006272,
      "unit": "ns"
    }
  },
  "template_rendering/simple": {
    "current": {
      "mean": 445.22798860645145,
      "stddev": 3.8611642808442626,
      "unit": "ns"
    },
    "new": {
      "mean": 445.22798860645145,
      "stddev": 3.8611642808442626,
      "unit": "ns"
    }
  }
}