{
  "data_generation/generate_single_record": {
    "current": {
      "mean": 756.8743559790004,
      "stddev": 20.617953191419517,
      "unit": "ns"
    },
    "new": {
      "mean": 756.8743559790004,
      "stddev": 20.617953191419517,
      "unit": "ns"
    }
  },
  "encryption/aes256_gcm": {
    "current": {
      "mean": 1115.440969671095,
      "stddev": 13.173533891706713,
      "unit": "ns"
    },
    "new": {
      "mean": 1115.440969671095,
      "stddev": 13.173533891706713,
      "unit": "ns"
    }
  },
  "encryption/chacha20_poly1305": {
    "current": {
      "mean": 4180.103751311053,
      "stddev": 23.21940222777985,
      "unit": "ns"
    },
    "new": {
      "mean": 4180.103751311053,
      "stddev": 23.21940222777985,
      "unit": "ns"
    }
  },
  "json_validation/complex": {
    "current": {
      "mean": 607.38675069237,
      "stddev": 5.852025933036328,
      "unit": "ns"
    },
    "new": {
      "mean": 607.38675069237,
      "stddev": 5.852025933036328,
      "unit": "ns"
    }
  },
  "json_validation/simple": {
    "current": {
      "mean": 102.30813954736752,
      "stddev": 1.2792415531380446,
      "unit": "ns"
    },
    "new": {
      "mean": 102.30813954736752,
      "stddev": 1.2792415531380446,
      "unit": "ns"
    }
  },
  "memory/deep_template_rendering": {
    "current": {
      "mean": 1458.0165207499083,
      "stddev": 3.478986100449345,
      "unit": "ns"
    },
    "new": {
      "mean": 1458.0165207499083,
      "stddev": 3.478986100449345,
      "unit": "ns"
    }
  },
  "memory/large_data_validation": {
    "current": {
      "mean": 105827.98767272927,
      "stddev": 297.40985029127773,
      "unit": "ns"
    },
    "new": {
      "mean": 105827.98767272927,
      "stddev": 297.40985029127773,
      "unit": "ns"
    }
  },
  "memory/large_spec_parsing": {
    "current": {
      "mean": 6911966.959980158,
      "stddev": 11093.229523207234,
      "unit": "ns"
    },
    "new": {
      "mean": 6911966.959980158,
      "stddev": 11093.229523207234,
      "unit": "ns"
    }
  },
  "openapi_parsing/medium_spec_10_paths": {
    "current": {
      "mean": 170642.96438238572,
      "stddev": 2736.280505222404,
      "unit": "ns"
    },
    "new": {
      "mean": 170642.96438238572,
      "stddev": 2736.280505222404,
      "unit": "ns"
    }
  },
  "openapi_parsing/small_spec": {
    "current": {
      "mean": 24586.75682096055,
      "stddev": 407.0209755307211,
      "unit": "ns"
    },
    "new": {
      "mean": 24586.75682096055,
      "stddev": 407.0209755307211,
      "unit": "ns"
    }
  },
  "template_rendering/arrays": {
    "current": {
      "mean": 339.1029031415728,
      "stddev": 126.72696055108094,
      "unit": "ns"
    },
    "new": {
      "mean": 339.1029031415728,
      "stddev": 126.72696055108094,
      "unit": "ns"
    }
  },
  "template_rendering/complex": {
    "current": {
      "mean": 374.14028185634254,
      "stddev": 3.817229735556121,
      "unit": "ns"
    },
    "new": {
      "mean": 374.14028185634254,
      "stddev": 3.817229735556121,
      "unit": "ns"
    }
  },
  "template_rendering/simple": {
    "current": {
      "mean": 1217.5159457549062,
      "stddev": 10.575827241991803,
      "unit": "ns"
    },
    "new": {
      "mean": 1217.5159457549062,
      "stddev": 10.575827241991803,
      "unit": "ns"
    }
  }
}