{
  "data_generation/generate_single_record": {
    "current": {
      "mean": 763.411998868141,
      "stddev": 6.696450927280152,
      "unit": "ns"
    },
    "new": {
      "mean": 763.411998868141,
      "stddev": 6.696450927280152,
      "unit": "ns"
    }
  },
  "encryption/aes256_gcm": {
    "current": {
      "mean": 1118.0198399566864,
      "stddev": 14.581631684740485,
      "unit": "ns"
    },
    "new": {
      "mean": 1118.0198399566864,
      "stddev": 14.581631684740485,
      "unit": "ns"
    }
  },
  "encryption/chacha20_poly1305": {
    "current": {
      "mean": 4095.446412418511,
      "stddev": 55.254559916695186,
      "unit": "ns"
    },
    "new": {
      "mean": 4095.446412418511,
      "stddev": 55.254559916695186,
      "unit": "ns"
    }
  },
  "json_validation/complex": {
    "current": {
      "mean": 587.688739771624,
      "stddev": 18.417262580920138,
      "unit": "ns"
    },
    "new": {
      "mean": 587.688739771624,
      "stddev": 18.417262580920138,
      "unit": "ns"
    }
  },
  "json_validation/simple": {
    "current": {
      "mean": 104.58726873709716,
      "stddev": 1.8975736339277163,
      "unit": "ns"
    },
    "new": {
      "mean": 104.58726873709716,
      "stddev": 1.8975736339277163,
      "unit": "ns"
    }
  },
  "memory/deep_template_rendering": {
    "current": {
      "mean": 1525.857882057559,
      "stddev": 11.09250782317431,
      "unit": "ns"
    },
    "new": {
      "mean": 1525.857882057559,
      "stddev": 11.09250782317431,
      "unit": "ns"
    }
  },
  "memory/large_data_validation": {
    "current": {
      "mean": 104312.06486094804,
      "stddev": 1549.9437659150358,
      "unit": "ns"
    },
    "new": {
      "mean": 104312.06486094804,
      "stddev": 1549.9437659150358,
      "unit": "ns"
    }
  },
  "memory/large_spec_parsing": {
    "current": {
      "mean": 6973250.950542328,
      "stddev": 11913.231949047178,
      "unit": "ns"
    },
    "new": {
      "mean": 6973250.950542328,
      "stddev": 11913.231949047178,
      "unit": "ns"
    }
  },
  "openapi_parsing/medium_spec_10_paths": {
    "current": {
      "mean": 170053.53469192373,
      "stddev": 3258.5527360943684,
      "unit": "ns"
    },
    "new": {
      "mean": 170053.53469192373,
      "stddev": 3258.5527360943684,
      "unit": "ns"
    }
  },
  "openapi_parsing/small_spec": {
    "current": {
      "mean": 24380.97277512564,
      "stddev": 412.7907181019434,
      "unit": "ns"
    },
    "new": {
      "mean": 24380.97277512564,
      "stddev": 412.7907181019434,
      "unit": "ns"
    }
  },
  "template_rendering/arrays": {
    "current": {
      "mean": 339.61118164307607,
      "stddev": 9.263385060218186,
      "unit": "ns"
    },
    "new": {
      "mean": 339.61118164307607,
      "stddev": 9.263385060218186,
      "unit": "ns"
    }
  },
  "template_rendering/complex": {
    "current": {
      "mean": 397.0839633600651,
      "stddev": 9.313925232009465,
      "unit": "ns"
    },
    "new": {
      "mean": 397.0839633600651,
      "stddev": 9.313925232009465,
      "unit": "ns"
    }
  },
  "template_rendering/simple": {
    "current": {
      "mean": 910.4814451092647,
      "stddev": 19.89360932010567,
      "unit": "ns"
    },
    "new": {
      "mean": 910.4814451092647,
      "stddev": 19.89360932010567,
      "unit": "ns"
    }
  }
}