{
  "data_generation/generate_single_record": {
    "current": {
      "mean": 0.3370177581553876,
      "stddev": 0.011266461483391004,
      "unit": "ns"
    },
    "new": {
      "mean": 0.3370177581553876,
      "stddev": 0.011266461483391004,
      "unit": "ns"
    }
  },
  "encryption/placeholder": {
    "current": {
      "mean": 0.8702042412952737,
      "stddev": 0.022022931708494294,
      "unit": "ns"
    },
    "new": {
      "mean": 0.8702042412952737,
      "stddev": 0.022022931708494294,
      "unit": "ns"
    }
  },
  "json_validation/complex": {
    "current": {
      "mean": 642.6694240259305,
      "stddev": 20.404951337241467,
      "unit": "ns"
    },
    "new": {
      "mean": 642.6694240259305,
      "stddev": 20.404951337241467,
      "unit": "ns"
    }
  },
  "json_validation/simple": {
    "current": {
      "mean": 92.19946980962555,
      "stddev": 3.194560744474217,
      "unit": "ns"
    },
    "new": {
      "mean": 92.19946980962555,
      "stddev": 3.194560744474217,
      "unit": "ns"
    }
  },
  "memory/deep_template_rendering": {
    "current": {
      "mean": 1545.4203614377116,
      "stddev": 19.573218694525973,
      "unit": "ns"
    },
    "new": {
      "mean": 1545.4203614377116,
      "stddev": 19.573218694525973,
      "unit": "ns"
    }
  },
  "memory/large_data_validation": {
    "current": {
      "mean": 100365.26304577081,
      "stddev": 687.4857205790361,
      "unit": "ns"
    },
    "new": {
      "mean": 100365.26304577081,
      "stddev": 687.4857205790361,
      "unit": "ns"
    }
  },
  "memory/large_spec_parsing": {
    "current": {
      "mean": 7428151.466212121,
      "stddev": 78266.39743181561,
      "unit": "ns"
    },
    "new": {
      "mean": 7428151.466212121,
      "stddev": 78266.39743181561,
      "unit": "ns"
    }
  },
  "openapi_parsing/medium_spec_10_paths": {
    "current": {
      "mean": 166407.37056675728,
      "stddev": 4735.149175405679,
      "unit": "ns"
    },
    "new": {
      "mean": 166407.37056675728,
      "stddev": 4735.149175405679,
      "unit": "ns"
    }
  },
  "openapi_parsing/small_spec": {
    "current": {
      "mean": 23019.52600862458,
      "stddev": 397.4912129066706,
      "unit": "ns"
    },
    "new": {
      "mean": 23019.52600862458,
      "stddev": 397.4912129066706,
      "unit": "ns"
    }
  },
  "template_rendering/arrays": {
    "current": {
      "mean": 311.51588435516237,
      "stddev": 33.745264554432325,
      "unit": "ns"
    },
    "new": {
      "mean": 311.51588435516237,
      "stddev": 33.745264554432325,
      "unit": "ns"
    }
  },
  "template_rendering/complex": {
    "current": {
      "mean": 356.66277182825775,
      "stddev": 2.1220741348572014,
      "unit": "ns"
    },
    "new": {
      "mean": 356.66277182825775,
      "stddev": 2.1220741348572014,
      "unit": "ns"
    }
  },
  "template_rendering/simple": {
    "current": {
      "mean": 337.1070953009904,
      "stddev": 2.9514975714669176,
      "unit": "ns"
    },
    "new": {
      "mean": 337.1070953009904,
      "stddev": 2.9514975714669176,
      "unit": "ns"
    }
  }
}
