{
  "data_generation/generate_single_record": {
    "current": {
      "mean": 763.7639796846677,
      "stddev": 7.850025844770591,
      "unit": "ns"
    },
    "new": {
      "mean": 763.7639796846677,
      "stddev": 7.850025844770591,
      "unit": "ns"
    }
  },
  "encryption/aes256_gcm": {
    "current": {
      "mean": 1095.4617942683597,
      "stddev": 11.976685839960119,
      "unit": "ns"
    },
    "new": {
      "mean": 1095.4617942683597,
      "stddev": 11.976685839960119,
      "unit": "ns"
    }
  },
  "encryption/chacha20_poly1305": {
    "current": {
      "mean": 4121.857910314295,
      "stddev": 16.4116924757033,
      "unit": "ns"
    },
    "new": {
      "mean": 4121.857910314295,
      "stddev": 16.4116924757033,
      "unit": "ns"
    }
  },
  "json_validation/complex": {
    "current": {
      "mean": 579.6897141378162,
      "stddev": 10.264224857919036,
      "unit": "ns"
    },
    "new": {
      "mean": 579.6897141378162,
      "stddev": 10.264224857919036,
      "unit": "ns"
    }
  },
  "json_validation/simple": {
    "current": {
      "mean": 110.02289918865597,
      "stddev": 1.6891278828600453,
      "unit": "ns"
    },
    "new": {
      "mean": 110.02289918865597,
      "stddev": 1.6891278828600453,
      "unit": "ns"
    }
  },
  "memory/deep_template_rendering": {
    "current": {
      "mean": 1429.309313023374,
      "stddev": 1.922369516902561,
      "unit": "ns"
    },
    "new": {
      "mean": 1429.309313023374,
      "stddev": 1.922369516902561,
      "unit": "ns"
    }
  },
  "memory/large_data_validation": {
    "current": {
      "mean": 104526.2955169632,
      "stddev": 402.8655606034374,
      "unit": "ns"
    },
    "new": {
      "mean": 104526.2955169632,
      "stddev": 402.8655606034374,
      "unit": "ns"
    }
  },
  "memory/large_spec_parsing": {
    "current": {
      "mean": 6934827.237205689,
      "stddev": 63728.38503666113,
      "unit": "ns"
    },
    "new": {
      "mean": 6934827.237205689,
      "stddev": 63728.38503666113,
      "unit": "ns"
    }
  },
  "openapi_parsing/medium_spec_10_paths": {
    "current": {
      "mean": 169993.91932738718,
      "stddev": 3007.138895801503,
      "unit": "ns"
    },
    "new": {
      "mean": 169993.91932738718,
      "stddev": 3007.138895801503,
      "unit": "ns"
    }
  },
  "openapi_parsing/small_spec": {
    "current": {
      "mean": 24161.372600028175,
      "stddev": 443.0618447911008,
      "unit": "ns"
    },
    "new": {
      "mean": 24161.372600028175,
      "stddev": 443.0618447911008,
      "unit": "ns"
    }
  },
  "template_rendering/arrays": {
    "current": {
      "mean": 328.6261792977224,
      "stddev": 19.18707999437904,
      "unit": "ns"
    },
    "new": {
      "mean": 328.6261792977224,
      "stddev": 19.18707999437904,
      "unit": "ns"
    }
  },
  "template_rendering/complex": {
    "current": {
      "mean": 372.70678021264604,
      "stddev": 6.39397574721158,
      "unit": "ns"
    },
    "new": {
      "mean": 372.70678021264604,
      "stddev": 6.39397574721158,
      "unit": "ns"
    }
  },
  "template_rendering/simple": {
    "current": {
      "mean": 1197.5936979915348,
      "stddev": 32.05131664002238,
      "unit": "ns"
    },
    "new": {
      "mean": 1197.5936979915348,
      "stddev": 32.05131664002238,
      "unit": "ns"
    }
  }
}