{
  "data_generation/generate_single_record": {
    "current": {
      "mean": 793.7863977235476,
      "stddev": 7.2379048084942434,
      "unit": "ns"
    },
    "new": {
      "mean": 793.7863977235476,
      "stddev": 7.2379048084942434,
      "unit": "ns"
    }
  },
  "encryption/aes256_gcm": {
    "current": {
      "mean": 1109.4297666001685,
      "stddev": 15.394508004692184,
      "unit": "ns"
    },
    "new": {
      "mean": 1109.4297666001685,
      "stddev": 15.394508004692184,
      "unit": "ns"
    }
  },
  "encryption/chacha20_poly1305": {
    "current": {
      "mean": 4167.866074442065,
      "stddev": 12.652136281872185,
      "unit": "ns"
    },
    "new": {
      "mean": 4167.866074442065,
      "stddev": 12.652136281872185,
      "unit": "ns"
    }
  },
  "json_validation/complex": {
    "current": {
      "mean": 595.9690875343867,
      "stddev": 4.187810705307629,
      "unit": "ns"
    },
    "new": {
      "mean": 595.9690875343867,
      "stddev": 4.187810705307629,
      "unit": "ns"
    }
  },
  "json_validation/simple": {
    "current": {
      "mean": 102.25412028722245,
      "stddev": 4.351920554804163,
      "unit": "ns"
    },
    "new": {
      "mean": 102.25412028722245,
      "stddev": 4.351920554804163,
      "unit": "ns"
    }
  },
  "memory/deep_template_rendering": {
    "current": {
      "mean": 1454.240527301517,
      "stddev": 5.466049116773761,
      "unit": "ns"
    },
    "new": {
      "mean": 1454.240527301517,
      "stddev": 5.466049116773761,
      "unit": "ns"
    }
  },
  "memory/large_data_validation": {
    "current": {
      "mean": 110502.15991981793,
      "stddev": 453.1982523367004,
      "unit": "ns"
    },
    "new": {
      "mean": 110502.15991981793,
      "stddev": 453.1982523367004,
      "unit": "ns"
    }
  },
  "memory/large_spec_parsing": {
    "current": {
      "mean": 6922114.761656746,
      "stddev": 17235.320607902107,
      "unit": "ns"
    },
    "new": {
      "mean": 6922114.761656746,
      "stddev": 17235.320607902107,
      "unit": "ns"
    }
  },
  "openapi_parsing/medium_spec_10_paths": {
    "current": {
      "mean": 170209.44533302236,
      "stddev": 2419.6952875202505,
      "unit": "ns"
    },
    "new": {
      "mean": 170209.44533302236,
      "stddev": 2419.6952875202505,
      "unit": "ns"
    }
  },
  "openapi_parsing/small_spec": {
    "current": {
      "mean": 24057.13776354514,
      "stddev": 436.8191476047944,
      "unit": "ns"
    },
    "new": {
      "mean": 24057.13776354514,
      "stddev": 436.8191476047944,
      "unit": "ns"
    }
  },
  "template_rendering/arrays": {
    "current": {
      "mean": 336.6945553129694,
      "stddev": 11.104886243693047,
      "unit": "ns"
    },
    "new": {
      "mean": 336.6945553129694,
      "stddev": 11.104886243693047,
      "unit": "ns"
    }
  },
  "template_rendering/complex": {
    "current": {
      "mean": 376.33155617448773,
      "stddev": 1.7822430824685338,
      "unit": "ns"
    },
    "new": {
      "mean": 376.33155617448773,
      "stddev": 1.7822430824685338,
      "unit": "ns"
    }
  },
  "template_rendering/simple": {
    "current": {
      "mean": 1230.9290248853727,
      "stddev": 62.61532924630747,
      "unit": "ns"
    },
    "new": {
      "mean": 1230.9290248853727,
      "stddev": 62.61532924630747,
      "unit": "ns"
    }
  }
}