{
  "data_generation/generate_single_record": {
    "current": {
      "mean": 769.994871904764,
      "stddev": 15.588709445998969,
      "unit": "ns"
    },
    "new": {
      "mean": 769.994871904764,
      "stddev": 15.588709445998969,
      "unit": "ns"
    }
  },
  "encryption/aes256_gcm": {
    "current": {
      "mean": 1111.8694617878355,
      "stddev": 6.348166046474032,
      "unit": "ns"
    },
    "new": {
      "mean": 1111.8694617878355,
      "stddev": 6.348166046474032,
      "unit": "ns"
    }
  },
  "encryption/chacha20_poly1305": {
    "current": {
      "mean": 4161.014775986513,
      "stddev": 11.648247502194923,
      "unit": "ns"
    },
    "new": {
      "mean": 4161.014775986513,
      "stddev": 11.648247502194923,
      "unit": "ns"
    }
  },
  "json_validation/complex": {
    "current": {
      "mean": 572.5037427601652,
      "stddev": 7.709698140928645,
      "unit": "ns"
    },
    "new": {
      "mean": 572.5037427601652,
      "stddev": 7.709698140928645,
      "unit": "ns"
    }
  },
  "json_validation/simple": {
    "current": {
      "mean": 98.33368254476277,
      "stddev": 1.6482644528440702,
      "unit": "ns"
    },
    "new": {
      "mean": 98.33368254476277,
      "stddev": 1.6482644528440702,
      "unit": "ns"
    }
  },
  "memory/deep_template_rendering": {
    "current": {
      "mean": 1471.8411852658996,
      "stddev": 3.075021352951943,
      "unit": "ns"
    },
    "new": {
      "mean": 1471.8411852658996,
      "stddev": 3.075021352951943,
      "unit": "ns"
    }
  },
  "memory/large_data_validation": {
    "current": {
      "mean": 106789.57826472023,
      "stddev": 321.0627857903321,
      "unit": "ns"
    },
    "new": {
      "mean": 106789.57826472023,
      "stddev": 321.0627857903321,
      "unit": "ns"
    }
  },
  "memory/large_spec_parsing": {
    "current": {
      "mean": 7005768.381190476,
      "stddev": 52841.0564451905,
      "unit": "ns"
    },
    "new": {
      "mean": 7005768.381190476,
      "stddev": 52841.0564451905,
      "unit": "ns"
    }
  },
  "openapi_parsing/medium_spec_10_paths": {
    "current": {
      "mean": 170400.5980166333,
      "stddev": 1856.3554477112323,
      "unit": "ns"
    },
    "new": {
      "mean": 170400.5980166333,
      "stddev": 1856.3554477112323,
      "unit": "ns"
    }
  },
  "openapi_parsing/small_spec": {
    "current": {
      "mean": 24286.110045833997,
      "stddev": 232.515151147624,
      "unit": "ns"
    },
    "new": {
      "mean": 24286.110045833997,
      "stddev": 232.515151147624,
      "unit": "ns"
    }
  },
  "template_rendering/arrays": {
    "current": {
      "mean": 311.0449010550034,
      "stddev": 4.188017338203101,
      "unit": "ns"
    },
    "new": {
      "mean": 311.0449010550034,
      "stddev": 4.188017338203101,
      "unit": "ns"
    }
  },
  "template_rendering/complex": {
    "current": {
      "mean": 370.8546109436844,
      "stddev": 4.454487720079095,
      "unit": "ns"
    },
    "new": {
      "mean": 370.8546109436844,
      "stddev": 4.454487720079095,
      "unit": "ns"
    }
  },
  "template_rendering/simple": {
    "current": {
      "mean": 906.759053735184,
      "stddev": 22.665566554905322,
      "unit": "ns"
    },
    "new": {
      "mean": 906.759053735184,
      "stddev": 22.665566554905322,
      "unit": "ns"
    }
  }
}