{
  "data_generation/generate_single_record": {
    "current": {
      "mean": 751.2185543411738,
      "stddev": 20.74785988834382,
      "unit": "ns"
    },
    "new": {
      "mean": 751.2185543411738,
      "stddev": 20.74785988834382,
      "unit": "ns"
    }
  },
  "encryption/aes256_gcm": {
    "current": {
      "mean": 1111.2170387219114,
      "stddev": 11.387800333358564,
      "unit": "ns"
    },
    "new": {
      "mean": 1111.2170387219114,
      "stddev": 11.387800333358564,
      "unit": "ns"
    }
  },
  "encryption/chacha20_poly1305": {
    "current": {
      "mean": 4146.40676181125,
      "stddev": 23.499159637784864,
      "unit": "ns"
    },
    "new": {
      "mean": 4146.40676181125,
      "stddev": 23.499159637784864,
      "unit": "ns"
    }
  },
  "json_validation/complex": {
    "current": {
      "mean": 584.7886264696815,
      "stddev": 4.13972840116739,
      "unit": "ns"
    },
    "new": {
      "mean": 584.7886264696815,
      "stddev": 4.13972840116739,
      "unit": "ns"
    }
  },
  "json_validation/simple": {
    "current": {
      "mean": 100.3625321276087,
      "stddev": 2.4806239574848585,
      "unit": "ns"
    },
    "new": {
      "mean": 100.3625321276087,
      "stddev": 2.4806239574848585,
      "unit": "ns"
    }
  },
  "memory/deep_template_rendering": {
    "current": {
      "mean": 1465.0667369543507,
      "stddev": 3.0555795982573906,
      "unit": "ns"
    },
    "new": {
      "mean": 1465.0667369543507,
      "stddev": 3.0555795982573906,
      "unit": "ns"
    }
  },
  "memory/large_data_validation": {
    "current": {
      "mean": 104976.46963545689,
      "stddev": 411.61826547849506,
      "unit": "ns"
    },
    "new": {
      "mean": 104976.46963545689,
      "stddev": 411.61826547849506,
      "unit": "ns"
    }
  },
  "memory/large_spec_parsing": {
    "current": {
      "mean": 7863558.4078373015,
      "stddev": 93216.28780729292,
      "unit": "ns"
    },
    "new": {
      "mean": 7863558.4078373015,
      "stddev": 93216.28780729292,
      "unit": "ns"
    }
  },
  "openapi_parsing/medium_spec_10_paths": {
    "current": {
      "mean": 167966.92275573322,
      "stddev": 3973.381902503323,
      "unit": "ns"
    },
    "new": {
      "mean": 167966.92275573322,
      "stddev": 3973.381902503323,
      "unit": "ns"
    }
  },
  "openapi_parsing/small_spec": {
    "current": {
      "mean": 24283.525208442785,
      "stddev": 490.6643213838137,
      "unit": "ns"
    },
    "new": {
      "mean": 24283.525208442785,
      "stddev": 490.6643213838137,
      "unit": "ns"
    }
  },
  "template_rendering/arrays": {
    "current": {
      "mean": 328.10856390752684,
      "stddev": 7.356411581993294,
      "unit": "ns"
    },
    "new": {
      "mean": 328.10856390752684,
      "stddev": 7.356411581993294,
      "unit": "ns"
    }
  },
  "template_rendering/complex": {
    "current": {
      "mean": 379.10331438096233,
      "stddev": 6.334292328035106,
      "unit": "ns"
    },
    "new": {
      "mean": 379.10331438096233,
      "stddev": 6.334292328035106,
      "unit": "ns"
    }
  },
  "template_rendering/simple": {
    "current": {
      "mean": 921.3706533829641,
      "stddev": 12.810081942508894,
      "unit": "ns"
    },
    "new": {
      "mean": 921.3706533829641,
      "stddev": 12.810081942508894,
      "unit": "ns"
    }
  }
}