{
  "data_generation/generate_single_record": {
    "current": {
      "mean": 797.3599372439111,
      "stddev": 26.35091766675854,
      "unit": "ns"
    },
    "new": {
      "mean": 797.3599372439111,
      "stddev": 26.35091766675854,
      "unit": "ns"
    }
  },
  "encryption/aes256_gcm": {
    "current": {
      "mean": 1111.487131684878,
      "stddev": 5.535473028733353,
      "unit": "ns"
    },
    "new": {
      "mean": 1111.487131684878,
      "stddev": 5.535473028733353,
      "unit": "ns"
    }
  },
  "encryption/chacha20_poly1305": {
    "current": {
      "mean": 4638.962072146509,
      "stddev": 22.391716216051616,
      "unit": "ns"
    },
    "new": {
      "mean": 4638.962072146509,
      "stddev": 22.391716216051616,
      "unit": "ns"
    }
  },
  "json_validation/complex": {
    "current": {
      "mean": 572.6634225796594,
      "stddev": 3.697337899050317,
      "unit": "ns"
    },
    "new": {
      "mean": 572.6634225796594,
      "stddev": 3.697337899050317,
      "unit": "ns"
    }
  },
  "json_validation/simple": {
    "current": {
      "mean": 111.53950795179779,
      "stddev": 3.7848492906060747,
      "unit": "ns"
    },
    "new": {
      "mean": 111.53950795179779,
      "stddev": 3.7848492906060747,
      "unit": "ns"
    }
  },
  "memory/deep_template_rendering": {
    "current": {
      "mean": 1462.8808023677414,
      "stddev": 2.036780581252621,
      "unit": "ns"
    },
    "new": {
      "mean": 1462.8808023677414,
      "stddev": 2.036780581252621,
      "unit": "ns"
    }
  },
  "memory/large_data_validation": {
    "current": {
      "mean": 105903.30944680516,
      "stddev": 786.3299664966279,
      "unit": "ns"
    },
    "new": {
      "mean": 105903.30944680516,
      "stddev": 786.3299664966279,
      "unit": "ns"
    }
  },
  "memory/large_spec_parsing": {
    "current": {
      "mean": 7248836.70476912,
      "stddev": 14581.231705018425,
      "unit": "ns"
    },
    "new": {
      "mean": 7248836.70476912,
      "stddev": 14581.231705018425,
      "unit": "ns"
    }
  },
  "openapi_parsing/medium_spec_10_paths": {
    "current": {
      "mean": 172671.39929589033,
      "stddev": 1323.654315927746,
      "unit": "ns"
    },
    "new": {
      "mean": 172671.39929589033,
      "stddev": 1323.654315927746,
      "unit": "ns"
    }
  },
  "openapi_parsing/small_spec": {
    "current": {
      "mean": 24038.969065635287,
      "stddev": 184.23676145807156,
      "unit": "ns"
    },
    "new": {
      "mean": 24038.969065635287,
      "stddev": 184.23676145807156,
      "unit": "ns"
    }
  },
  "template_rendering/arrays": {
    "current": {
      "mean": 312.65805512082045,
      "stddev": 12.697517342256424,
      "unit": "ns"
    },
    "new": {
      "mean": 312.65805512082045,
      "stddev": 12.697517342256424,
      "unit": "ns"
    }
  },
  "template_rendering/complex": {
    "current": {
      "mean": 373.55745891355616,
      "stddev": 3.402077743076937,
      "unit": "ns"
    },
    "new": {
      "mean": 373.55745891355616,
      "stddev": 3.402077743076937,
      "unit": "ns"
    }
  },
  "template_rendering/simple": {
    "current": {
      "mean": 986.6111131670976,
      "stddev": 30.476872763384865,
      "unit": "ns"
    },
    "new": {
      "mean": 986.6111131670976,
      "stddev": 30.476872763384865,
      "unit": "ns"
    }
  }
}