{
  "data_generation/generate_single_record": {
    "current": {
      "mean": 779.5273981984335,
      "stddev": 26.56660240301522,
      "unit": "ns"
    },
    "new": {
      "mean": 779.5273981984335,
      "stddev": 26.56660240301522,
      "unit": "ns"
    }
  },
  "encryption/aes256_gcm": {
    "current": {
      "mean": 1088.8593131853966,
      "stddev": 39.909137451838184,
      "unit": "ns"
    },
    "new": {
      "mean": 1088.8593131853966,
      "stddev": 39.909137451838184,
      "unit": "ns"
    }
  },
  "encryption/chacha20_poly1305": {
    "current": {
      "mean": 4170.784769708076,
      "stddev": 24.870595055144474,
      "unit": "ns"
    },
    "new": {
      "mean": 4170.784769708076,
      "stddev": 24.870595055144474,
      "unit": "ns"
    }
  },
  "json_validation/complex": {
    "current": {
      "mean": 582.274974497817,
      "stddev": 8.781660010656408,
      "unit": "ns"
    },
    "new": {
      "mean": 582.274974497817,
      "stddev": 8.781660010656408,
      "unit": "ns"
    }
  },
  "json_validation/simple": {
    "current": {
      "mean": 106.82640812734716,
      "stddev": 2.316334021018392,
      "unit": "ns"
    },
    "new": {
      "mean": 106.82640812734716,
      "stddev": 2.316334021018392,
      "unit": "ns"
    }
  },
  "memory/deep_template_rendering": {
    "current": {
      "mean": 1455.932650819546,
      "stddev": 1.8601706470680528,
      "unit": "ns"
    },
    "new": {
      "mean": 1455.932650819546,
      "stddev": 1.8601706470680528,
      "unit": "ns"
    }
  },
  "memory/large_data_validation": {
    "current": {
      "mean": 105849.47699230009,
      "stddev": 377.03568469689793,
      "unit": "ns"
    },
    "new": {
      "mean": 105849.47699230009,
      "stddev": 377.03568469689793,
      "unit": "ns"
    }
  },
  "memory/large_spec_parsing": {
    "current": {
      "mean": 6978510.531432179,
      "stddev": 126809.6800948274,
      "unit": "ns"
    },
    "new": {
      "mean": 6978510.531432179,
      "stddev": 126809.6800948274,
      "unit": "ns"
    }
  },
  "openapi_parsing/medium_spec_10_paths": {
    "current": {
      "mean": 171636.05771756097,
      "stddev": 6471.49700700835,
      "unit": "ns"
    },
    "new": {
      "mean": 171636.05771756097,
      "stddev": 6471.49700700835,
      "unit": "ns"
    }
  },
  "openapi_parsing/small_spec": {
    "current": {
      "mean": 23749.23465322988,
      "stddev": 221.34349240274028,
      "unit": "ns"
    },
    "new": {
      "mean": 23749.23465322988,
      "stddev": 221.34349240274028,
      "unit": "ns"
    }
  },
  "template_rendering/arrays": {
    "current": {
      "mean": 316.21990736991125,
      "stddev": 5.3076699986783344,
      "unit": "ns"
    },
    "new": {
      "mean": 316.21990736991125,
      "stddev": 5.3076699986783344,
      "unit": "ns"
    }
  },
  "template_rendering/complex": {
    "current": {
      "mean": 377.99881542753457,
      "stddev": 7.558184499390139,
      "unit": "ns"
    },
    "new": {
      "mean": 377.99881542753457,
      "stddev": 7.558184499390139,
      "unit": "ns"
    }
  },
  "template_rendering/simple": {
    "current": {
      "mean": 919.3535504804332,
      "stddev": 17.302429995518484,
      "unit": "ns"
    },
    "new": {
      "mean": 919.3535504804332,
      "stddev": 17.302429995518484,
      "unit": "ns"
    }
  }
}