{
  "data_generation/generate_single_record": {
    "current": {
      "mean": 767.6726574764357,
      "stddev": 14.228529054217605,
      "unit": "ns"
    },
    "new": {
      "mean": 767.6726574764357,
      "stddev": 14.228529054217605,
      "unit": "ns"
    }
  },
  "encryption/aes256_gcm": {
    "current": {
      "mean": 1110.161752367413,
      "stddev": 12.891267490954691,
      "unit": "ns"
    },
    "new": {
      "mean": 1110.161752367413,
      "stddev": 12.891267490954691,
      "unit": "ns"
    }
  },
  "encryption/chacha20_poly1305": {
    "current": {
      "mean": 4202.311537809392,
      "stddev": 30.523810778126933,
      "unit": "ns"
    },
    "new": {
      "mean": 4202.311537809392,
      "stddev": 30.523810778126933,
      "unit": "ns"
    }
  },
  "json_validation/complex": {
    "current": {
      "mean": 574.6216604516783,
      "stddev": 5.418525704403661,
      "unit": "ns"
    },
    "new": {
      "mean": 574.6216604516783,
      "stddev": 5.418525704403661,
      "unit": "ns"
    }
  },
  "json_validation/simple": {
    "current": {
      "mean": 100.1519463963422,
      "stddev": 0.9661997637448229,
      "unit": "ns"
    },
    "new": {
      "mean": 100.1519463963422,
      "stddev": 0.9661997637448229,
      "unit": "ns"
    }
  },
  "memory/deep_template_rendering": {
    "current": {
      "mean": 1484.5288375841596,
      "stddev": 1.4218236075678465,
      "unit": "ns"
    },
    "new": {
      "mean": 1484.5288375841596,
      "stddev": 1.4218236075678465,
      "unit": "ns"
    }
  },
  "memory/large_data_validation": {
    "current": {
      "mean": 104995.53947275788,
      "stddev": 427.1032251705468,
      "unit": "ns"
    },
    "new": {
      "mean": 104995.53947275788,
      "stddev": 427.1032251705468,
      "unit": "ns"
    }
  },
  "memory/large_spec_parsing": {
    "current": {
      "mean": 7504820.672678572,
      "stddev": 107617.83027200954,
      "unit": "ns"
    },
    "new": {
      "mean": 7504820.672678572,
      "stddev": 107617.83027200954,
      "unit": "ns"
    }
  },
  "openapi_parsing/medium_spec_10_paths": {
    "current": {
      "mean": 171303.6145276073,
      "stddev": 2217.3515113394587,
      "unit": "ns"
    },
    "new": {
      "mean": 171303.6145276073,
      "stddev": 2217.3515113394587,
      "unit": "ns"
    }
  },
  "openapi_parsing/small_spec": {
    "current": {
      "mean": 24359.85979265725,
      "stddev": 1190.6676970131405,
      "unit": "ns"
    },
    "new": {
      "mean": 24359.85979265725,
      "stddev": 1190.6676970131405,
      "unit": "ns"
    }
  },
  "template_rendering/arrays": {
    "current": {
      "mean": 322.89211012057103,
      "stddev": 11.978617252465963,
      "unit": "ns"
    },
    "new": {
      "mean": 322.89211012057103,
      "stddev": 11.978617252465963,
      "unit": "ns"
    }
  },
  "template_rendering/complex": {
    "current": {
      "mean": 386.9418176459673,
      "stddev": 6.353411579777125,
      "unit": "ns"
    },
    "new": {
      "mean": 386.9418176459673,
      "stddev": 6.353411579777125,
      "unit": "ns"
    }
  },
  "template_rendering/simple": {
    "current": {
      "mean": 1242.5819242953169,
      "stddev": 63.718461083633876,
      "unit": "ns"
    },
    "new": {
      "mean": 1242.5819242953169,
      "stddev": 63.718461083633876,
      "unit": "ns"
    }
  }
}