{
  "data_generation/generate_single_record": {
    "current": {
      "mean": 752.1396470514916,
      "stddev": 16.864380174067563,
      "unit": "ns"
    },
    "new": {
      "mean": 752.1396470514916,
      "stddev": 16.864380174067563,
      "unit": "ns"
    }
  },
  "encryption/aes256_gcm": {
    "current": {
      "mean": 1224.3502617841964,
      "stddev": 5.067877665998933,
      "unit": "ns"
    },
    "new": {
      "mean": 1224.3502617841964,
      "stddev": 5.067877665998933,
      "unit": "ns"
    }
  },
  "encryption/chacha20_poly1305": {
    "current": {
      "mean": 4190.742464026234,
      "stddev": 22.772828619903454,
      "unit": "ns"
    },
    "new": {
      "mean": 4190.742464026234,
      "stddev": 22.772828619903454,
      "unit": "ns"
    }
  },
  "json_validation/complex": {
    "current": {
      "mean": 612.6554881334278,
      "stddev": 5.651558343727245,
      "unit": "ns"
    },
    "new": {
      "mean": 612.6554881334278,
      "stddev": 5.651558343727245,
      "unit": "ns"
    }
  },
  "json_validation/simple": {
    "current": {
      "mean": 110.24138084364387,
      "stddev": 1.1975544684159638,
      "unit": "ns"
    },
    "new": {
      "mean": 110.24138084364387,
      "stddev": 1.1975544684159638,
      "unit": "ns"
    }
  },
  "memory/deep_template_rendering": {
    "current": {
      "mean": 1504.253909656852,
      "stddev": 17.20540285208024,
      "unit": "ns"
    },
    "new": {
      "mean": 1504.253909656852,
      "stddev": 17.20540285208024,
      "unit": "ns"
    }
  },
  "memory/large_data_validation": {
    "current": {
      "mean": 107679.13269102733,
      "stddev": 896.0883536313869,
      "unit": "ns"
    },
    "new": {
      "mean": 107679.13269102733,
      "stddev": 896.0883536313869,
      "unit": "ns"
    }
  },
  "memory/large_spec_parsing": {
    "current": {
      "mean": 7225376.69916306,
      "stddev": 110286.30819782495,
      "unit": "ns"
    },
    "new": {
      "mean": 7225376.69916306,
      "stddev": 110286.30819782495,
      "unit": "ns"
    }
  },
  "openapi_parsing/medium_spec_10_paths": {
    "current": {
      "mean": 173747.1018484627,
      "stddev": 2620.9495340959393,
      "unit": "ns"
    },
    "new": {
      "mean": 173747.1018484627,
      "stddev": 2620.9495340959393,
      "unit": "ns"
    }
  },
  "openapi_parsing/small_spec": {
    "current": {
      "mean": 24325.97221119993,
      "stddev": 279.7834562957344,
      "unit": "ns"
    },
    "new": {
      "mean": 24325.97221119993,
      "stddev": 279.7834562957344,
      "unit": "ns"
    }
  },
  "template_rendering/arrays": {
    "current": {
      "mean": 321.13847629588497,
      "stddev": 2.2430442934708275,
      "unit": "ns"
    },
    "new": {
      "mean": 321.13847629588497,
      "stddev": 2.2430442934708275,
      "unit": "ns"
    }
  },
  "template_rendering/complex": {
    "current": {
      "mean": 388.92501074792267,
      "stddev": 15.398764515883565,
      "unit": "ns"
    },
    "new": {
      "mean": 388.92501074792267,
      "stddev": 15.398764515883565,
      "unit": "ns"
    }
  },
  "template_rendering/simple": {
    "current": {
      "mean": 910.894310885532,
      "stddev": 45.30790255399944,
      "unit": "ns"
    },
    "new": {
      "mean": 910.894310885532,
      "stddev": 45.30790255399944,
      "unit": "ns"
    }
  }
}