{
  "data_generation/generate_single_record": {
    "current": {
      "mean": 786.3283930830875,
      "stddev": 16.250922713700575,
      "unit": "ns"
    },
    "new": {
      "mean": 786.3283930830875,
      "stddev": 16.250922713700575,
      "unit": "ns"
    }
  },
  "encryption/aes256_gcm": {
    "current": {
      "mean": 1086.6308507683736,
      "stddev": 12.181784896066917,
      "unit": "ns"
    },
    "new": {
      "mean": 1086.6308507683736,
      "stddev": 12.181784896066917,
      "unit": "ns"
    }
  },
  "encryption/chacha20_poly1305": {
    "current": {
      "mean": 4179.461463141807,
      "stddev": 23.60142506243609,
      "unit": "ns"
    },
    "new": {
      "mean": 4179.461463141807,
      "stddev": 23.60142506243609,
      "unit": "ns"
    }
  },
  "json_validation/complex": {
    "current": {
      "mean": 579.4403836344222,
      "stddev": 9.952526397323,
      "unit": "ns"
    },
    "new": {
      "mean": 579.4403836344222,
      "stddev": 9.952526397323,
      "unit": "ns"
    }
  },
  "json_validation/simple": {
    "current": {
      "mean": 100.72342014547516,
      "stddev": 1.1473510351530862,
      "unit": "ns"
    },
    "new": {
      "mean": 100.72342014547516,
      "stddev": 1.1473510351530862,
      "unit": "ns"
    }
  },
  "memory/deep_template_rendering": {
    "current": {
      "mean": 1444.3489388873436,
      "stddev": 6.3632302673906675,
      "unit": "ns"
    },
    "new": {
      "mean": 1444.3489388873436,
      "stddev": 6.3632302673906675,
      "unit": "ns"
    }
  },
  "memory/large_data_validation": {
    "current": {
      "mean": 106198.41914290076,
      "stddev": 448.3536777923468,
      "unit": "ns"
    },
    "new": {
      "mean": 106198.41914290076,
      "stddev": 448.3536777923468,
      "unit": "ns"
    }
  },
  "memory/large_spec_parsing": {
    "current": {
      "mean": 6974465.786222944,
      "stddev": 61713.74113547329,
      "unit": "ns"
    },
    "new": {
      "mean": 6974465.786222944,
      "stddev": 61713.74113547329,
      "unit": "ns"
    }
  },
  "openapi_parsing/medium_spec_10_paths": {
    "current": {
      "mean": 170836.25315684135,
      "stddev": 2529.553065932691,
      "unit": "ns"
    },
    "new": {
      "mean": 170836.25315684135,
      "stddev": 2529.553065932691,
      "unit": "ns"
    }
  },
  "openapi_parsing/small_spec": {
    "current": {
      "mean": 23741.906685809343,
      "stddev": 257.07468014515604,
      "unit": "ns"
    },
    "new": {
      "mean": 23741.906685809343,
      "stddev": 257.07468014515604,
      "unit": "ns"
    }
  },
  "template_rendering/arrays": {
    "current": {
      "mean": 307.2344972254834,
      "stddev": 3.198742754270674,
      "unit": "ns"
    },
    "new": {
      "mean": 307.2344972254834,
      "stddev": 3.198742754270674,
      "unit": "ns"
    }
  },
  "template_rendering/complex": {
    "current": {
      "mean": 372.6628891360254,
      "stddev": 12.239011966085688,
      "unit": "ns"
    },
    "new": {
      "mean": 372.6628891360254,
      "stddev": 12.239011966085688,
      "unit": "ns"
    }
  },
  "template_rendering/simple": {
    "current": {
      "mean": 896.3322612799918,
      "stddev": 10.811622399019749,
      "unit": "ns"
    },
    "new": {
      "mean": 896.3322612799918,
      "stddev": 10.811622399019749,
      "unit": "ns"
    }
  }
}