{
  "data_generation/generate_single_record": {
    "current": {
      "mean": 751.2958229609026,
      "stddev": 4.076017865746088,
      "unit": "ns"
    },
    "new": {
      "mean": 751.2958229609026,
      "stddev": 4.076017865746088,
      "unit": "ns"
    }
  },
  "encryption/aes256_gcm": {
    "current": {
      "mean": 1102.4761921119712,
      "stddev": 4.523282933403745,
      "unit": "ns"
    },
    "new": {
      "mean": 1102.4761921119712,
      "stddev": 4.523282933403745,
      "unit": "ns"
    }
  },
  "encryption/chacha20_poly1305": {
    "current": {
      "mean": 4154.500516699707,
      "stddev": 64.02041280092895,
      "unit": "ns"
    },
    "new": {
      "mean": 4154.500516699707,
      "stddev": 64.02041280092895,
      "unit": "ns"
    }
  },
  "json_validation/complex": {
    "current": {
      "mean": 588.763734703721,
      "stddev": 6.4992103112147435,
      "unit": "ns"
    },
    "new": {
      "mean": 588.763734703721,
      "stddev": 6.4992103112147435,
      "unit": "ns"
    }
  },
  "json_validation/simple": {
    "current": {
      "mean": 97.63333521342615,
      "stddev": 3.3887046578569513,
      "unit": "ns"
    },
    "new": {
      "mean": 97.63333521342615,
      "stddev": 3.3887046578569513,
      "unit": "ns"
    }
  },
  "memory/deep_template_rendering": {
    "current": {
      "mean": 1455.7982134576837,
      "stddev": 0.991434336896179,
      "unit": "ns"
    },
    "new": {
      "mean": 1455.7982134576837,
      "stddev": 0.991434336896179,
      "unit": "ns"
    }
  },
  "memory/large_data_validation": {
    "current": {
      "mean": 106446.47370726496,
      "stddev": 374.96301603608447,
      "unit": "ns"
    },
    "new": {
      "mean": 106446.47370726496,
      "stddev": 374.96301603608447,
      "unit": "ns"
    }
  },
  "memory/large_spec_parsing": {
    "current": {
      "mean": 7078677.45088955,
      "stddev": 107725.14709931526,
      "unit": "ns"
    },
    "new": {
      "mean": 7078677.45088955,
      "stddev": 107725.14709931526,
      "unit": "ns"
    }
  },
  "openapi_parsing/medium_spec_10_paths": {
    "current": {
      "mean": 165657.57675826934,
      "stddev": 2246.4190164008014,
      "unit": "ns"
    },
    "new": {
      "mean": 165657.57675826934,
      "stddev": 2246.4190164008014,
      "unit": "ns"
    }
  },
  "openapi_parsing/small_spec": {
    "current": {
      "mean": 23653.782608560206,
      "stddev": 178.86914508726906,
      "unit": "ns"
    },
    "new": {
      "mean": 23653.782608560206,
      "stddev": 178.86914508726906,
      "unit": "ns"
    }
  },
  "template_rendering/arrays": {
    "current": {
      "mean": 315.0526755512316,
      "stddev": 2.461580181945392,
      "unit": "ns"
    },
    "new": {
      "mean": 315.0526755512316,
      "stddev": 2.461580181945392,
      "unit": "ns"
    }
  },
  "template_rendering/complex": {
    "current": {
      "mean": 369.4796513752517,
      "stddev": 2.273248583532189,
      "unit": "ns"
    },
    "new": {
      "mean": 369.4796513752517,
      "stddev": 2.273248583532189,
      "unit": "ns"
    }
  },
  "template_rendering/simple": {
    "current": {
      "mean": 923.7052144398072,
      "stddev": 43.173135877683684,
      "unit": "ns"
    },
    "new": {
      "mean": 923.7052144398072,
      "stddev": 43.173135877683684,
      "unit": "ns"
    }
  }
}