{
  "data_generation/generate_single_record": {
    "current": {
      "mean": 764.201656070263,
      "stddev": 17.937042761721976,
      "unit": "ns"
    },
    "new": {
      "mean": 764.201656070263,
      "stddev": 17.937042761721976,
      "unit": "ns"
    }
  },
  "encryption/aes256_gcm": {
    "current": {
      "mean": 937.2087906177766,
      "stddev": 20.15687621413405,
      "unit": "ns"
    },
    "new": {
      "mean": 937.2087906177766,
      "stddev": 20.15687621413405,
      "unit": "ns"
    }
  },
  "encryption/chacha20_poly1305": {
    "current": {
      "mean": 3544.5968910383754,
      "stddev": 38.60950309606959,
      "unit": "ns"
    },
    "new": {
      "mean": 3544.5968910383754,
      "stddev": 38.60950309606959,
      "unit": "ns"
    }
  },
  "json_validation/complex": {
    "current": {
      "mean": 642.268922684797,
      "stddev": 11.544392473203699,
      "unit": "ns"
    },
    "new": {
      "mean": 642.268922684797,
      "stddev": 11.544392473203699,
      "unit": "ns"
    }
  },
  "json_validation/simple": {
    "current": {
      "mean": 84.07441654465201,
      "stddev": 3.196662272132134,
      "unit": "ns"
    },
    "new": {
      "mean": 84.07441654465201,
      "stddev": 3.196662272132134,
      "unit": "ns"
    }
  },
  "memory/deep_template_rendering": {
    "current": {
      "mean": 1530.2323611987752,
      "stddev": 2.6262098372710643,
      "unit": "ns"
    },
    "new": {
      "mean": 1530.2323611987752,
      "stddev": 2.6262098372710643,
      "unit": "ns"
    }
  },
  "memory/large_data_validation": {
    "current": {
      "mean": 101983.9028146023,
      "stddev": 260.12595181084856,
      "unit": "ns"
    },
    "new": {
      "mean": 101983.9028146023,
      "stddev": 260.12595181084856,
      "unit": "ns"
    }
  },
  "memory/large_spec_parsing": {
    "current": {
      "mean": 7284138.862564934,
      "stddev": 134504.69809493754,
      "unit": "ns"
    },
    "new": {
      "mean": 7284138.862564934,
      "stddev": 134504.69809493754,
      "unit": "ns"
    }
  },
  "openapi_parsing/medium_spec_10_paths": {
    "current": {
      "mean": 162933.85531051565,
      "stddev": 3479.56552996058,
      "unit": "ns"
    },
    "new": {
      "mean": 162933.85531051565,
      "stddev": 3479.56552996058,
      "unit": "ns"
    }
  },
  "openapi_parsing/small_spec": {
    "current": {
      "mean": 23069.703570805603,
      "stddev": 416.733364356474,
      "unit": "ns"
    },
    "new": {
      "mean": 23069.703570805603,
      "stddev": 416.733364356474,
      "unit": "ns"
    }
  },
  "template_rendering/arrays": {
    "current": {
      "mean": 303.9925279657461,
      "stddev": 6.783451971785417,
      "unit": "ns"
    },
    "new": {
      "mean": 303.9925279657461,
      "stddev": 6.783451971785417,
      "unit": "ns"
    }
  },
  "template_rendering/complex": {
    "current": {
      "mean": 397.24938614516884,
      "stddev": 7.9244452489664985,
      "unit": "ns"
    },
    "new": {
      "mean": 397.24938614516884,
      "stddev": 7.9244452489664985,
      "unit": "ns"
    }
  },
  "template_rendering/simple": {
    "current": {
      "mean": 736.0679688543503,
      "stddev": 74.96940920100901,
      "unit": "ns"
    },
    "new": {
      "mean": 736.0679688543503,
      "stddev": 74.96940920100901,
      "unit": "ns"
    }
  }
}