{
  "data_generation/generate_single_record": {
    "current": {
      "mean": 0.6219229584940102,
      "stddev": 0.0026358259593290433,
      "unit": "ns"
    },
    "new": {
      "mean": 0.6219229584940102,
      "stddev": 0.0026358259593290433,
      "unit": "ns"
    }
  },
  "encryption/placeholder": {
    "current": {
      "mean": 1.2443037000976156,
      "stddev": 0.005294944951807388,
      "unit": "ns"
    },
    "new": {
      "mean": 1.2443037000976156,
      "stddev": 0.005294944951807388,
      "unit": "ns"
    }
  },
  "json_validation/complex": {
    "current": {
      "mean": 612.1535070956751,
      "stddev": 4.387078251831826,
      "unit": "ns"
    },
    "new": {
      "mean": 612.1535070956751,
      "stddev": 4.387078251831826,
      "unit": "ns"
    }
  },
  "json_validation/simple": {
    "current": {
      "mean": 108.63159139627736,
      "stddev": 0.8974394861119942,
      "unit": "ns"
    },
    "new": {
      "mean": 108.63159139627736,
      "stddev": 0.8974394861119942,
      "unit": "ns"
    }
  },
  "memory/deep_template_rendering": {
    "current": {
      "mean": 1479.351887118787,
      "stddev": 8.068698519177444,
      "unit": "ns"
    },
    "new": {
      "mean": 1479.351887118787,
      "stddev": 8.068698519177444,
      "unit": "ns"
    }
  },
  "memory/large_data_validation": {
    "current": {
      "mean": 107971.86640259142,
      "stddev": 222.55400759546202,
      "unit": "ns"
    },
    "new": {
      "mean": 107971.86640259142,
      "stddev": 222.55400759546202,
      "unit": "ns"
    }
  },
  "memory/large_spec_parsing": {
    "current": {
      "mean": 7117571.621031746,
      "stddev": 126232.18968950692,
      "unit": "ns"
    },
    "new": {
      "mean": 7117571.621031746,
      "stddev": 126232.18968950692,
      "unit": "ns"
    }
  },
  "openapi_parsing/medium_spec_10_paths": {
    "current": {
      "mean": 171446.7848935908,
      "stddev": 2736.8239966642527,
      "unit": "ns"
    },
    "new": {
      "mean": 171446.7848935908,
      "stddev": 2736.8239966642527,
      "unit": "ns"
    }
  },
  "openapi_parsing/small_spec": {
    "current": {
      "mean": 24547.40886493297,
      "stddev": 192.9230505727047,
      "unit": "ns"
    },
    "new": {
      "mean": 24547.40886493297,
      "stddev": 192.9230505727047,
      "unit": "ns"
    }
  },
  "template_rendering/arrays": {
    "current": {
      "mean": 322.9332319486098,
      "stddev": 12.605059329079218,
      "unit": "ns"
    },
    "new": {
      "mean": 322.9332319486098,
      "stddev": 12.605059329079218,
      "unit": "ns"
    }
  },
  "template_rendering/complex": {
    "current": {
      "mean": 378.67152741442885,
      "stddev": 6.137066249289554,
      "unit": "ns"
    },
    "new": {
      "mean": 378.67152741442885,
      "stddev": 6.137066249289554,
      "unit": "ns"
    }
  },
  "template_rendering/simple": {
    "current": {
      "mean": 450.38904194500714,
      "stddev": 5.554714656627597,
      "unit": "ns"
    },
    "new": {
      "mean": 450.38904194500714,
      "stddev": 5.554714656627597,
      "unit": "ns"
    }
  }
}