{
  "data_generation/generate_single_record": {
    "current": {
      "mean": 768.5433043205431,
      "stddev": 5.383426009849658,
      "unit": "ns"
    },
    "new": {
      "mean": 768.5433043205431,
      "stddev": 5.383426009849658,
      "unit": "ns"
    }
  },
  "encryption/aes256_gcm": {
    "current": {
      "mean": 1077.5746301809634,
      "stddev": 6.6846654335768125,
      "unit": "ns"
    },
    "new": {
      "mean": 1077.5746301809634,
      "stddev": 6.6846654335768125,
      "unit": "ns"
    }
  },
  "encryption/chacha20_poly1305": {
    "current": {
      "mean": 4169.355070680075,
      "stddev": 21.933283086984755,
      "unit": "ns"
    },
    "new": {
      "mean": 4169.355070680075,
      "stddev": 21.933283086984755,
      "unit": "ns"
    }
  },
  "json_validation/complex": {
    "current": {
      "mean": 585.8985662709831,
      "stddev": 8.689361089123299,
      "unit": "ns"
    },
    "new": {
      "mean": 585.8985662709831,
      "stddev": 8.689361089123299,
      "unit": "ns"
    }
  },
  "json_validation/simple": {
    "current": {
      "mean": 105.71666375162586,
      "stddev": 1.8347265304791738,
      "unit": "ns"
    },
    "new": {
      "mean": 105.71666375162586,
      "stddev": 1.8347265304791738,
      "unit": "ns"
    }
  },
  "memory/deep_template_rendering": {
    "current": {
      "mean": 1474.755256349915,
      "stddev": 4.069587728778771,
      "unit": "ns"
    },
    "new": {
      "mean": 1474.755256349915,
      "stddev": 4.069587728778771,
      "unit": "ns"
    }
  },
  "memory/large_data_validation": {
    "current": {
      "mean": 107194.65222970335,
      "stddev": 500.1161120496351,
      "unit": "ns"
    },
    "new": {
      "mean": 107194.65222970335,
      "stddev": 500.1161120496351,
      "unit": "ns"
    }
  },
  "memory/large_spec_parsing": {
    "current": {
      "mean": 7310953.195537518,
      "stddev": 49429.60527984245,
      "unit": "ns"
    },
    "new": {
      "mean": 7310953.195537518,
      "stddev": 49429.60527984245,
      "unit": "ns"
    }
  },
  "openapi_parsing/medium_spec_10_paths": {
    "current": {
      "mean": 172287.22842397366,
      "stddev": 2099.091126260889,
      "unit": "ns"
    },
    "new": {
      "mean": 172287.22842397366,
      "stddev": 2099.091126260889,
      "unit": "ns"
    }
  },
  "openapi_parsing/small_spec": {
    "current": {
      "mean": 24452.384632812078,
      "stddev": 395.65141899696835,
      "unit": "ns"
    },
    "new": {
      "mean": 24452.384632812078,
      "stddev": 395.65141899696835,
      "unit": "ns"
    }
  },
  "template_rendering/arrays": {
    "current": {
      "mean": 323.8545770866431,
      "stddev": 2.3157077853472776,
      "unit": "ns"
    },
    "new": {
      "mean": 323.8545770866431,
      "stddev": 2.3157077853472776,
      "unit": "ns"
    }
  },
  "template_rendering/complex": {
    "current": {
      "mean": 379.3295570500658,
      "stddev": 6.358078410474246,
      "unit": "ns"
    },
    "new": {
      "mean": 379.3295570500658,
      "stddev": 6.358078410474246,
      "unit": "ns"
    }
  },
  "template_rendering/simple": {
    "current": {
      "mean": 919.9748281756595,
      "stddev": 26.381374829551334,
      "unit": "ns"
    },
    "new": {
      "mean": 919.9748281756595,
      "stddev": 26.381374829551334,
      "unit": "ns"
    }
  }
}