{
  "data_generation/generate_single_record": {
    "current": {
      "mean": 771.8684615285628,
      "stddev": 12.92100169895761,
      "unit": "ns"
    },
    "new": {
      "mean": 771.8684615285628,
      "stddev": 12.92100169895761,
      "unit": "ns"
    }
  },
  "encryption/aes256_gcm": {
    "current": {
      "mean": 905.6415512076818,
      "stddev": 19.33582439914128,
      "unit": "ns"
    },
    "new": {
      "mean": 905.6415512076818,
      "stddev": 19.33582439914128,
      "unit": "ns"
    }
  },
  "encryption/chacha20_poly1305": {
    "current": {
      "mean": 3529.4470893225707,
      "stddev": 44.07387338325888,
      "unit": "ns"
    },
    "new": {
      "mean": 3529.4470893225707,
      "stddev": 44.07387338325888,
      "unit": "ns"
    }
  },
  "json_validation/complex": {
    "current": {
      "mean": 645.8904311884497,
      "stddev": 29.504506130908464,
      "unit": "ns"
    },
    "new": {
      "mean": 645.8904311884497,
      "stddev": 29.504506130908464,
      "unit": "ns"
    }
  },
  "json_validation/simple": {
    "current": {
      "mean": 88.35044856704509,
      "stddev": 0.4499422163329824,
      "unit": "ns"
    },
    "new": {
      "mean": 88.35044856704509,
      "stddev": 0.4499422163329824,
      "unit": "ns"
    }
  },
  "memory/deep_template_rendering": {
    "current": {
      "mean": 1545.6120395863186,
      "stddev": 4.600175345085465,
      "unit": "ns"
    },
    "new": {
      "mean": 1545.6120395863186,
      "stddev": 4.600175345085465,
      "unit": "ns"
    }
  },
  "memory/large_data_validation": {
    "current": {
      "mean": 103856.61048637921,
      "stddev": 422.4989876514543,
      "unit": "ns"
    },
    "new": {
      "mean": 103856.61048637921,
      "stddev": 422.4989876514543,
      "unit": "ns"
    }
  },
  "memory/large_spec_parsing": {
    "current": {
      "mean": 7541913.11738492,
      "stddev": 75908.00548510865,
      "unit": "ns"
    },
    "new": {
      "mean": 7541913.11738492,
      "stddev": 75908.00548510865,
      "unit": "ns"
    }
  },
  "openapi_parsing/medium_spec_10_paths": {
    "current": {
      "mean": 164114.66193449954,
      "stddev": 2562.319534818207,
      "unit": "ns"
    },
    "new": {
      "mean": 164114.66193449954,
      "stddev": 2562.319534818207,
      "unit": "ns"
    }
  },
  "openapi_parsing/small_spec": {
    "current": {
      "mean": 22620.041274414718,
      "stddev": 215.12808788394116,
      "unit": "ns"
    },
    "new": {
      "mean": 22620.041274414718,
      "stddev": 215.12808788394116,
      "unit": "ns"
    }
  },
  "template_rendering/arrays": {
    "current": {
      "mean": 310.819010461814,
      "stddev": 13.945915192809455,
      "unit": "ns"
    },
    "new": {
      "mean": 310.819010461814,
      "stddev": 13.945915192809455,
      "unit": "ns"
    }
  },
  "template_rendering/complex": {
    "current": {
      "mean": 371.7702047177292,
      "stddev": 13.098002037118402,
      "unit": "ns"
    },
    "new": {
      "mean": 371.7702047177292,
      "stddev": 13.098002037118402,
      "unit": "ns"
    }
  },
  "template_rendering/simple": {
    "current": {
      "mean": 713.2092039538999,
      "stddev": 12.565483776437404,
      "unit": "ns"
    },
    "new": {
      "mean": 713.2092039538999,
      "stddev": 12.565483776437404,
      "unit": "ns"
    }
  }
}