{
  "data_generation/generate_single_record": {
    "current": {
      "mean": 762.220849586923,
      "stddev": 4.856061252981976,
      "unit": "ns"
    },
    "new": {
      "mean": 762.220849586923,
      "stddev": 4.856061252981976,
      "unit": "ns"
    }
  },
  "encryption/aes256_gcm": {
    "current": {
      "mean": 1087.8911299372712,
      "stddev": 5.119585922699668,
      "unit": "ns"
    },
    "new": {
      "mean": 1087.8911299372712,
      "stddev": 5.119585922699668,
      "unit": "ns"
    }
  },
  "encryption/chacha20_poly1305": {
    "current": {
      "mean": 4172.248877011326,
      "stddev": 18.860287762691296,
      "unit": "ns"
    },
    "new": {
      "mean": 4172.248877011326,
      "stddev": 18.860287762691296,
      "unit": "ns"
    }
  },
  "json_validation/complex": {
    "current": {
      "mean": 573.3226227437438,
      "stddev": 3.8861793448327844,
      "unit": "ns"
    },
    "new": {
      "mean": 573.3226227437438,
      "stddev": 3.8861793448327844,
      "unit": "ns"
    }
  },
  "json_validation/simple": {
    "current": {
      "mean": 98.6548844378134,
      "stddev": 0.7633608981988099,
      "unit": "ns"
    },
    "new": {
      "mean": 98.6548844378134,
      "stddev": 0.7633608981988099,
      "unit": "ns"
    }
  },
  "memory/deep_template_rendering": {
    "current": {
      "mean": 1467.1597019231717,
      "stddev": 3.0152864689912895,
      "unit": "ns"
    },
    "new": {
      "mean": 1467.1597019231717,
      "stddev": 3.0152864689912895,
      "unit": "ns"
    }
  },
  "memory/large_data_validation": {
    "current": {
      "mean": 105594.89314560441,
      "stddev": 449.0460026421169,
      "unit": "ns"
    },
    "new": {
      "mean": 105594.89314560441,
      "stddev": 449.0460026421169,
      "unit": "ns"
    }
  },
  "memory/large_spec_parsing": {
    "current": {
      "mean": 6984615.973244049,
      "stddev": 19729.46103783461,
      "unit": "ns"
    },
    "new": {
      "mean": 6984615.973244049,
      "stddev": 19729.46103783461,
      "unit": "ns"
    }
  },
  "openapi_parsing/medium_spec_10_paths": {
    "current": {
      "mean": 175143.6726992748,
      "stddev": 3105.8447341149677,
      "unit": "ns"
    },
    "new": {
      "mean": 175143.6726992748,
      "stddev": 3105.8447341149677,
      "unit": "ns"
    }
  },
  "openapi_parsing/small_spec": {
    "current": {
      "mean": 24895.338615122433,
      "stddev": 509.43776205112624,
      "unit": "ns"
    },
    "new": {
      "mean": 24895.338615122433,
      "stddev": 509.43776205112624,
      "unit": "ns"
    }
  },
  "template_rendering/arrays": {
    "current": {
      "mean": 315.5892152303526,
      "stddev": 15.133493272599722,
      "unit": "ns"
    },
    "new": {
      "mean": 315.5892152303526,
      "stddev": 15.133493272599722,
      "unit": "ns"
    }
  },
  "template_rendering/complex": {
    "current": {
      "mean": 375.59317068634306,
      "stddev": 10.08898796868559,
      "unit": "ns"
    },
    "new": {
      "mean": 375.59317068634306,
      "stddev": 10.08898796868559,
      "unit": "ns"
    }
  },
  "template_rendering/simple": {
    "current": {
      "mean": 1242.6410656451312,
      "stddev": 79.03082250917937,
      "unit": "ns"
    },
    "new": {
      "mean": 1242.6410656451312,
      "stddev": 79.03082250917937,
      "unit": "ns"
    }
  }
}