{
  "data_generation/generate_single_record": {
    "current": {
      "mean": 854.3382708449876,
      "stddev": 5.5781166171105525,
      "unit": "ns"
    },
    "new": {
      "mean": 854.3382708449876,
      "stddev": 5.5781166171105525,
      "unit": "ns"
    }
  },
  "encryption/aes256_gcm": {
    "current": {
      "mean": 1073.0985749741596,
      "stddev": 9.545104296943611,
      "unit": "ns"
    },
    "new": {
      "mean": 1073.0985749741596,
      "stddev": 9.545104296943611,
      "unit": "ns"
    }
  },
  "encryption/chacha20_poly1305": {
    "current": {
      "mean": 4170.901273122622,
      "stddev": 9.806298957965963,
      "unit": "ns"
    },
    "new": {
      "mean": 4170.901273122622,
      "stddev": 9.806298957965963,
      "unit": "ns"
    }
  },
  "json_validation/complex": {
    "current": {
      "mean": 590.7436716436503,
      "stddev": 5.534859721230083,
      "unit": "ns"
    },
    "new": {
      "mean": 590.7436716436503,
      "stddev": 5.534859721230083,
      "unit": "ns"
    }
  },
  "json_validation/simple": {
    "current": {
      "mean": 104.84228401639275,
      "stddev": 0.9999085114490647,
      "unit": "ns"
    },
    "new": {
      "mean": 104.84228401639275,
      "stddev": 0.9999085114490647,
      "unit": "ns"
    }
  },
  "memory/deep_template_rendering": {
    "current": {
      "mean": 1492.7944312893906,
      "stddev": 1.8818440344181264,
      "unit": "ns"
    },
    "new": {
      "mean": 1492.7944312893906,
      "stddev": 1.8818440344181264,
      "unit": "ns"
    }
  },
  "memory/large_data_validation": {
    "current": {
      "mean": 105757.8771371729,
      "stddev": 250.27134916719368,
      "unit": "ns"
    },
    "new": {
      "mean": 105757.8771371729,
      "stddev": 250.27134916719368,
      "unit": "ns"
    }
  },
  "memory/large_spec_parsing": {
    "current": {
      "mean": 6896673.781726191,
      "stddev": 15627.00407298713,
      "unit": "ns"
    },
    "new": {
      "mean": 6896673.781726191,
      "stddev": 15627.00407298713,
      "unit": "ns"
    }
  },
  "openapi_parsing/medium_spec_10_paths": {
    "current": {
      "mean": 171494.89944707922,
      "stddev": 2607.1198016043177,
      "unit": "ns"
    },
    "new": {
      "mean": 171494.89944707922,
      "stddev": 2607.1198016043177,
      "unit": "ns"
    }
  },
  "openapi_parsing/small_spec": {
    "current": {
      "mean": 24057.902624949762,
      "stddev": 236.56890330485308,
      "unit": "ns"
    },
    "new": {
      "mean": 24057.902624949762,
      "stddev": 236.56890330485308,
      "unit": "ns"
    }
  },
  "template_rendering/arrays": {
    "current": {
      "mean": 317.57702825621783,
      "stddev": 5.330536896575327,
      "unit": "ns"
    },
    "new": {
      "mean": 317.57702825621783,
      "stddev": 5.330536896575327,
      "unit": "ns"
    }
  },
  "template_rendering/complex": {
    "current": {
      "mean": 376.9712565610446,
      "stddev": 2.328440995698302,
      "unit": "ns"
    },
    "new": {
      "mean": 376.9712565610446,
      "stddev": 2.328440995698302,
      "unit": "ns"
    }
  },
  "template_rendering/simple": {
    "current": {
      "mean": 920.7583801552751,
      "stddev": 12.462928755344185,
      "unit": "ns"
    },
    "new": {
      "mean": 920.7583801552751,
      "stddev": 12.462928755344185,
      "unit": "ns"
    }
  }
}