{
  "data_generation/generate_single_record": {
    "current": {
      "mean": 781.6491509167579,
      "stddev": 9.533228011396202,
      "unit": "ns"
    },
    "new": {
      "mean": 781.6491509167579,
      "stddev": 9.533228011396202,
      "unit": "ns"
    }
  },
  "encryption/aes256_gcm": {
    "current": {
      "mean": 1105.6267825433847,
      "stddev": 13.418666966731196,
      "unit": "ns"
    },
    "new": {
      "mean": 1105.6267825433847,
      "stddev": 13.418666966731196,
      "unit": "ns"
    }
  },
  "encryption/chacha20_poly1305": {
    "current": {
      "mean": 4172.629193470968,
      "stddev": 32.13001878175106,
      "unit": "ns"
    },
    "new": {
      "mean": 4172.629193470968,
      "stddev": 32.13001878175106,
      "unit": "ns"
    }
  },
  "json_validation/complex": {
    "current": {
      "mean": 569.3288572388942,
      "stddev": 23.29422717665194,
      "unit": "ns"
    },
    "new": {
      "mean": 569.3288572388942,
      "stddev": 23.29422717665194,
      "unit": "ns"
    }
  },
  "json_validation/simple": {
    "current": {
      "mean": 100.55601690547081,
      "stddev": 1.8180204676603213,
      "unit": "ns"
    },
    "new": {
      "mean": 100.55601690547081,
      "stddev": 1.8180204676603213,
      "unit": "ns"
    }
  },
  "memory/deep_template_rendering": {
    "current": {
      "mean": 1451.670244555796,
      "stddev": 1.7941497487346907,
      "unit": "ns"
    },
    "new": {
      "mean": 1451.670244555796,
      "stddev": 1.7941497487346907,
      "unit": "ns"
    }
  },
  "memory/large_data_validation": {
    "current": {
      "mean": 108557.74126357559,
      "stddev": 983.47688966719,
      "unit": "ns"
    },
    "new": {
      "mean": 108557.74126357559,
      "stddev": 983.47688966719,
      "unit": "ns"
    }
  },
  "memory/large_spec_parsing": {
    "current": {
      "mean": 7313525.79050505,
      "stddev": 101358.82478717942,
      "unit": "ns"
    },
    "new": {
      "mean": 7313525.79050505,
      "stddev": 101358.82478717942,
      "unit": "ns"
    }
  },
  "openapi_parsing/medium_spec_10_paths": {
    "current": {
      "mean": 172419.39979556325,
      "stddev": 1959.3342153951114,
      "unit": "ns"
    },
    "new": {
      "mean": 172419.39979556325,
      "stddev": 1959.3342153951114,
      "unit": "ns"
    }
  },
  "openapi_parsing/small_spec": {
    "current": {
      "mean": 24340.717229117403,
      "stddev": 402.0173804409447,
      "unit": "ns"
    },
    "new": {
      "mean": 24340.717229117403,
      "stddev": 402.0173804409447,
      "unit": "ns"
    }
  },
  "template_rendering/arrays": {
    "current": {
      "mean": 311.06838362328045,
      "stddev": 3.8795915888081463,
      "unit": "ns"
    },
    "new": {
      "mean": 311.06838362328045,
      "stddev": 3.8795915888081463,
      "unit": "ns"
    }
  },
  "template_rendering/complex": {
    "current": {
      "mean": 366.63122079484657,
      "stddev": 2.9365179959299956,
      "unit": "ns"
    },
    "new": {
      "mean": 366.63122079484657,
      "stddev": 2.9365179959299956,
      "unit": "ns"
    }
  },
  "template_rendering/simple": {
    "current": {
      "mean": 1206.4864824879019,
      "stddev": 35.02743808847224,
      "unit": "ns"
    },
    "new": {
      "mean": 1206.4864824879019,
      "stddev": 35.02743808847224,
      "unit": "ns"
    }
  }
}