{
  "data_generation/generate_single_record": {
    "current": {
      "mean": 775.5414752238992,
      "stddev": 13.148340319323244,
      "unit": "ns"
    },
    "new": {
      "mean": 775.5414752238992,
      "stddev": 13.148340319323244,
      "unit": "ns"
    }
  },
  "encryption/aes256_gcm": {
    "current": {
      "mean": 906.3856189313864,
      "stddev": 24.848261811990838,
      "unit": "ns"
    },
    "new": {
      "mean": 906.3856189313864,
      "stddev": 24.848261811990838,
      "unit": "ns"
    }
  },
  "encryption/chacha20_poly1305": {
    "current": {
      "mean": 3546.9579821585185,
      "stddev": 91.91659470343708,
      "unit": "ns"
    },
    "new": {
      "mean": 3546.9579821585185,
      "stddev": 91.91659470343708,
      "unit": "ns"
    }
  },
  "json_validation/complex": {
    "current": {
      "mean": 641.0122987359681,
      "stddev": 9.00286844040438,
      "unit": "ns"
    },
    "new": {
      "mean": 641.0122987359681,
      "stddev": 9.00286844040438,
      "unit": "ns"
    }
  },
  "json_validation/simple": {
    "current": {
      "mean": 84.3020148566676,
      "stddev": 1.7909215849441087,
      "unit": "ns"
    },
    "new": {
      "mean": 84.3020148566676,
      "stddev": 1.7909215849441087,
      "unit": "ns"
    }
  },
  "memory/deep_template_rendering": {
    "current": {
      "mean": 1529.6329225322047,
      "stddev": 2.780624821805267,
      "unit": "ns"
    },
    "new": {
      "mean": 1529.6329225322047,
      "stddev": 2.780624821805267,
      "unit": "ns"
    }
  },
  "memory/large_data_validation": {
    "current": {
      "mean": 103459.33086158379,
      "stddev": 1967.5791304501945,
      "unit": "ns"
    },
    "new": {
      "mean": 103459.33086158379,
      "stddev": 1967.5791304501945,
      "unit": "ns"
    }
  },
  "memory/large_spec_parsing": {
    "current": {
      "mean": 7708350.6897896845,
      "stddev": 93789.0814927684,
      "unit": "ns"
    },
    "new": {
      "mean": 7708350.6897896845,
      "stddev": 93789.0814927684,
      "unit": "ns"
    }
  },
  "openapi_parsing/medium_spec_10_paths": {
    "current": {
      "mean": 165395.90522179095,
      "stddev": 804.9576533028109,
      "unit": "ns"
    },
    "new": {
      "mean": 165395.90522179095,
      "stddev": 804.9576533028109,
      "unit": "ns"
    }
  },
  "openapi_parsing/small_spec": {
    "current": {
      "mean": 23012.62958417288,
      "stddev": 382.9251933637648,
      "unit": "ns"
    },
    "new": {
      "mean": 23012.62958417288,
      "stddev": 382.9251933637648,
      "unit": "ns"
    }
  },
  "template_rendering/arrays": {
    "current": {
      "mean": 304.30333975443205,
      "stddev": 6.9091861211995615,
      "unit": "ns"
    },
    "new": {
      "mean": 304.30333975443205,
      "stddev": 6.9091861211995615,
      "unit": "ns"
    }
  },
  "template_rendering/complex": {
    "current": {
      "mean": 356.99796720437,
      "stddev": 3.879981854538084,
      "unit": "ns"
    },
    "new": {
      "mean": 356.99796720437,
      "stddev": 3.879981854538084,
      "unit": "ns"
    }
  },
  "template_rendering/simple": {
    "current": {
      "mean": 715.3763660029153,
      "stddev": 37.621734033023465,
      "unit": "ns"
    },
    "new": {
      "mean": 715.3763660029153,
      "stddev": 37.621734033023465,
      "unit": "ns"
    }
  }
}