{
  "data_generation/generate_single_record": {
    "current": {
      "mean": 772.5080026327472,
      "stddev": 4.367408524384963,
      "unit": "ns"
    },
    "new": {
      "mean": 772.5080026327472,
      "stddev": 4.367408524384963,
      "unit": "ns"
    }
  },
  "encryption/aes256_gcm": {
    "current": {
      "mean": 1109.547208243055,
      "stddev": 46.896806025700975,
      "unit": "ns"
    },
    "new": {
      "mean": 1109.547208243055,
      "stddev": 46.896806025700975,
      "unit": "ns"
    }
  },
  "encryption/chacha20_poly1305": {
    "current": {
      "mean": 4188.438677152279,
      "stddev": 26.673468049853113,
      "unit": "ns"
    },
    "new": {
      "mean": 4188.438677152279,
      "stddev": 26.673468049853113,
      "unit": "ns"
    }
  },
  "json_validation/complex": {
    "current": {
      "mean": 584.5694479770556,
      "stddev": 3.7242665456667,
      "unit": "ns"
    },
    "new": {
      "mean": 584.5694479770556,
      "stddev": 3.7242665456667,
      "unit": "ns"
    }
  },
  "json_validation/simple": {
    "current": {
      "mean": 100.98100588036579,
      "stddev": 1.3498601519275004,
      "unit": "ns"
    },
    "new": {
      "mean": 100.98100588036579,
      "stddev": 1.3498601519275004,
      "unit": "ns"
    }
  },
  "memory/deep_template_rendering": {
    "current": {
      "mean": 1443.3483640886757,
      "stddev": 11.502625903287674,
      "unit": "ns"
    },
    "new": {
      "mean": 1443.3483640886757,
      "stddev": 11.502625903287674,
      "unit": "ns"
    }
  },
  "memory/large_data_validation": {
    "current": {
      "mean": 104584.34842708879,
      "stddev": 499.801304094141,
      "unit": "ns"
    },
    "new": {
      "mean": 104584.34842708879,
      "stddev": 499.801304094141,
      "unit": "ns"
    }
  },
  "memory/large_spec_parsing": {
    "current": {
      "mean": 7009386.098286437,
      "stddev": 84376.7019081804,
      "unit": "ns"
    },
    "new": {
      "mean": 7009386.098286437,
      "stddev": 84376.7019081804,
      "unit": "ns"
    }
  },
  "openapi_parsing/medium_spec_10_paths": {
    "current": {
      "mean": 171956.53135619604,
      "stddev": 3726.3980199823304,
      "unit": "ns"
    },
    "new": {
      "mean": 171956.53135619604,
      "stddev": 3726.3980199823304,
      "unit": "ns"
    }
  },
  "openapi_parsing/small_spec": {
    "current": {
      "mean": 24138.00432162601,
      "stddev": 254.82241785131762,
      "unit": "ns"
    },
    "new": {
      "mean": 24138.00432162601,
      "stddev": 254.82241785131762,
      "unit": "ns"
    }
  },
  "template_rendering/arrays": {
    "current": {
      "mean": 323.179373551482,
      "stddev": 5.4465605477263725,
      "unit": "ns"
    },
    "new": {
      "mean": 323.179373551482,
      "stddev": 5.4465605477263725,
      "unit": "ns"
    }
  },
  "template_rendering/complex": {
    "current": {
      "mean": 380.98327273517555,
      "stddev": 8.506240964018339,
      "unit": "ns"
    },
    "new": {
      "mean": 380.98327273517555,
      "stddev": 8.506240964018339,
      "unit": "ns"
    }
  },
  "template_rendering/simple": {
    "current": {
      "mean": 900.8570795122373,
      "stddev": 12.55485461216442,
      "unit": "ns"
    },
    "new": {
      "mean": 900.8570795122373,
      "stddev": 12.55485461216442,
      "unit": "ns"
    }
  }
}