{
  "data_generation/generate_single_record": {
    "current": {
      "mean": 772.5920001330727,
      "stddev": 12.030140381058366,
      "unit": "ns"
    },
    "new": {
      "mean": 772.5920001330727,
      "stddev": 12.030140381058366,
      "unit": "ns"
    }
  },
  "encryption/aes256_gcm": {
    "current": {
      "mean": 1103.5099757903401,
      "stddev": 5.615582129082729,
      "unit": "ns"
    },
    "new": {
      "mean": 1103.5099757903401,
      "stddev": 5.615582129082729,
      "unit": "ns"
    }
  },
  "encryption/chacha20_poly1305": {
    "current": {
      "mean": 4184.420632374514,
      "stddev": 24.826404505592844,
      "unit": "ns"
    },
    "new": {
      "mean": 4184.420632374514,
      "stddev": 24.826404505592844,
      "unit": "ns"
    }
  },
  "json_validation/complex": {
    "current": {
      "mean": 572.3495945434036,
      "stddev": 3.7062537979842594,
      "unit": "ns"
    },
    "new": {
      "mean": 572.3495945434036,
      "stddev": 3.7062537979842594,
      "unit": "ns"
    }
  },
  "json_validation/simple": {
    "current": {
      "mean": 101.62565400500424,
      "stddev": 1.7547683485484826,
      "unit": "ns"
    },
    "new": {
      "mean": 101.62565400500424,
      "stddev": 1.7547683485484826,
      "unit": "ns"
    }
  },
  "memory/deep_template_rendering": {
    "current": {
      "mean": 1445.2466678869052,
      "stddev": 2.2475145234920784,
      "unit": "ns"
    },
    "new": {
      "mean": 1445.2466678869052,
      "stddev": 2.2475145234920784,
      "unit": "ns"
    }
  },
  "memory/large_data_validation": {
    "current": {
      "mean": 104330.07734669096,
      "stddev": 369.186952458698,
      "unit": "ns"
    },
    "new": {
      "mean": 104330.07734669096,
      "stddev": 369.186952458698,
      "unit": "ns"
    }
  },
  "memory/large_spec_parsing": {
    "current": {
      "mean": 7075899.076114719,
      "stddev": 41194.49509025832,
      "unit": "ns"
    },
    "new": {
      "mean": 7075899.076114719,
      "stddev": 41194.49509025832,
      "unit": "ns"
    }
  },
  "openapi_parsing/medium_spec_10_paths": {
    "current": {
      "mean": 173930.67184872713,
      "stddev": 4518.43943273927,
      "unit": "ns"
    },
    "new": {
      "mean": 173930.67184872713,
      "stddev": 4518.43943273927,
      "unit": "ns"
    }
  },
  "openapi_parsing/small_spec": {
    "current": {
      "mean": 24128.90542625421,
      "stddev": 341.19071944291284,
      "unit": "ns"
    },
    "new": {
      "mean": 24128.90542625421,
      "stddev": 341.19071944291284,
      "unit": "ns"
    }
  },
  "template_rendering/arrays": {
    "current": {
      "mean": 313.7690363742832,
      "stddev": 1.8545121053966085,
      "unit": "ns"
    },
    "new": {
      "mean": 313.7690363742832,
      "stddev": 1.8545121053966085,
      "unit": "ns"
    }
  },
  "template_rendering/complex": {
    "current": {
      "mean": 364.2587527915949,
      "stddev": 4.682593744486003,
      "unit": "ns"
    },
    "new": {
      "mean": 364.2587527915949,
      "stddev": 4.682593744486003,
      "unit": "ns"
    }
  },
  "template_rendering/simple": {
    "current": {
      "mean": 918.0766207137332,
      "stddev": 13.396052446947854,
      "unit": "ns"
    },
    "new": {
      "mean": 918.0766207137332,
      "stddev": 13.396052446947854,
      "unit": "ns"
    }
  }
}