{
  "data_generation/generate_single_record": {
    "current": {
      "mean": 763.64534709028,
      "stddev": 4.328858744923913,
      "unit": "ns"
    },
    "new": {
      "mean": 763.64534709028,
      "stddev": 4.328858744923913,
      "unit": "ns"
    }
  },
  "encryption/aes256_gcm": {
    "current": {
      "mean": 905.9193198818161,
      "stddev": 6.115087316244036,
      "unit": "ns"
    },
    "new": {
      "mean": 905.9193198818161,
      "stddev": 6.115087316244036,
      "unit": "ns"
    }
  },
  "encryption/chacha20_poly1305": {
    "current": {
      "mean": 3532.32078288499,
      "stddev": 38.72469750870854,
      "unit": "ns"
    },
    "new": {
      "mean": 3532.32078288499,
      "stddev": 38.72469750870854,
      "unit": "ns"
    }
  },
  "json_validation/complex": {
    "current": {
      "mean": 639.0608536138034,
      "stddev": 14.485338360024665,
      "unit": "ns"
    },
    "new": {
      "mean": 639.0608536138034,
      "stddev": 14.485338360024665,
      "unit": "ns"
    }
  },
  "json_validation/simple": {
    "current": {
      "mean": 88.86148979413265,
      "stddev": 1.9367560766056324,
      "unit": "ns"
    },
    "new": {
      "mean": 88.86148979413265,
      "stddev": 1.9367560766056324,
      "unit": "ns"
    }
  },
  "memory/deep_template_rendering": {
    "current": {
      "mean": 1502.907735153119,
      "stddev": 2.476142428580775,
      "unit": "ns"
    },
    "new": {
      "mean": 1502.907735153119,
      "stddev": 2.476142428580775,
      "unit": "ns"
    }
  },
  "memory/large_data_validation": {
    "current": {
      "mean": 101736.37048597522,
      "stddev": 430.46329558104884,
      "unit": "ns"
    },
    "new": {
      "mean": 101736.37048597522,
      "stddev": 430.46329558104884,
      "unit": "ns"
    }
  },
  "memory/large_spec_parsing": {
    "current": {
      "mean": 7071262.824494949,
      "stddev": 28761.88263930209,
      "unit": "ns"
    },
    "new": {
      "mean": 7071262.824494949,
      "stddev": 28761.88263930209,
      "unit": "ns"
    }
  },
  "openapi_parsing/medium_spec_10_paths": {
    "current": {
      "mean": 162508.35527800993,
      "stddev": 3736.1156154007735,
      "unit": "ns"
    },
    "new": {
      "mean": 162508.35527800993,
      "stddev": 3736.1156154007735,
      "unit": "ns"
    }
  },
  "openapi_parsing/small_spec": {
    "current": {
      "mean": 22840.207785652736,
      "stddev": 503.1636815299391,
      "unit": "ns"
    },
    "new": {
      "mean": 22840.207785652736,
      "stddev": 503.1636815299391,
      "unit": "ns"
    }
  },
  "template_rendering/arrays": {
    "current": {
      "mean": 322.78212687825254,
      "stddev": 4.081899709341236,
      "unit": "ns"
    },
    "new": {
      "mean": 322.78212687825254,
      "stddev": 4.081899709341236,
      "unit": "ns"
    }
  },
  "template_rendering/complex": {
    "current": {
      "mean": 378.4981570095609,
      "stddev": 2.145377963370866,
      "unit": "ns"
    },
    "new": {
      "mean": 378.4981570095609,
      "stddev": 2.145377963370866,
      "unit": "ns"
    }
  },
  "template_rendering/simple": {
    "current": {
      "mean": 728.6896988244647,
      "stddev": 44.20532118657156,
      "unit": "ns"
    },
    "new": {
      "mean": 728.6896988244647,
      "stddev": 44.20532118657156,
      "unit": "ns"
    }
  }
}