{
  "data_generation/generate_single_record": {
    "current": {
      "mean": 808.325953266471,
      "stddev": 12.905096440228006,
      "unit": "ns"
    },
    "new": {
      "mean": 808.325953266471,
      "stddev": 12.905096440228006,
      "unit": "ns"
    }
  },
  "encryption/aes256_gcm": {
    "current": {
      "mean": 1133.7167310691134,
      "stddev": 35.50879358186913,
      "unit": "ns"
    },
    "new": {
      "mean": 1133.7167310691134,
      "stddev": 35.50879358186913,
      "unit": "ns"
    }
  },
  "encryption/chacha20_poly1305": {
    "current": {
      "mean": 4634.306835873484,
      "stddev": 17.786385456459133,
      "unit": "ns"
    },
    "new": {
      "mean": 4634.306835873484,
      "stddev": 17.786385456459133,
      "unit": "ns"
    }
  },
  "json_validation/complex": {
    "current": {
      "mean": 577.9817791876266,
      "stddev": 12.400531786048758,
      "unit": "ns"
    },
    "new": {
      "mean": 577.9817791876266,
      "stddev": 12.400531786048758,
      "unit": "ns"
    }
  },
  "json_validation/simple": {
    "current": {
      "mean": 111.97552842478693,
      "stddev": 2.518155734927504,
      "unit": "ns"
    },
    "new": {
      "mean": 111.97552842478693,
      "stddev": 2.518155734927504,
      "unit": "ns"
    }
  },
  "memory/deep_template_rendering": {
    "current": {
      "mean": 1505.3822038477695,
      "stddev": 24.576331337832265,
      "unit": "ns"
    },
    "new": {
      "mean": 1505.3822038477695,
      "stddev": 24.576331337832265,
      "unit": "ns"
    }
  },
  "memory/large_data_validation": {
    "current": {
      "mean": 105647.65845503383,
      "stddev": 574.0096843316998,
      "unit": "ns"
    },
    "new": {
      "mean": 105647.65845503383,
      "stddev": 574.0096843316998,
      "unit": "ns"
    }
  },
  "memory/large_spec_parsing": {
    "current": {
      "mean": 7748310.486576481,
      "stddev": 161012.42652563596,
      "unit": "ns"
    },
    "new": {
      "mean": 7748310.486576481,
      "stddev": 161012.42652563596,
      "unit": "ns"
    }
  },
  "openapi_parsing/medium_spec_10_paths": {
    "current": {
      "mean": 169182.6750067361,
      "stddev": 3734.6799950797326,
      "unit": "ns"
    },
    "new": {
      "mean": 169182.6750067361,
      "stddev": 3734.6799950797326,
      "unit": "ns"
    }
  },
  "openapi_parsing/small_spec": {
    "current": {
      "mean": 23741.99707111632,
      "stddev": 144.4690953585979,
      "unit": "ns"
    },
    "new": {
      "mean": 23741.99707111632,
      "stddev": 144.4690953585979,
      "unit": "ns"
    }
  },
  "template_rendering/arrays": {
    "current": {
      "mean": 309.59205247224804,
      "stddev": 5.92319600572466,
      "unit": "ns"
    },
    "new": {
      "mean": 309.59205247224804,
      "stddev": 5.92319600572466,
      "unit": "ns"
    }
  },
  "template_rendering/complex": {
    "current": {
      "mean": 381.9293753896486,
      "stddev": 2.4645532885798134,
      "unit": "ns"
    },
    "new": {
      "mean": 381.9293753896486,
      "stddev": 2.4645532885798134,
      "unit": "ns"
    }
  },
  "template_rendering/simple": {
    "current": {
      "mean": 988.4211565806762,
      "stddev": 42.52571700831367,
      "unit": "ns"
    },
    "new": {
      "mean": 988.4211565806762,
      "stddev": 42.52571700831367,
      "unit": "ns"
    }
  }
}