{
  "data_generation/generate_single_record": {
    "current": {
      "mean": 777.8492366585247,
      "stddev": 15.610660960736292,
      "unit": "ns"
    },
    "new": {
      "mean": 777.8492366585247,
      "stddev": 15.610660960736292,
      "unit": "ns"
    }
  },
  "encryption/aes256_gcm": {
    "current": {
      "mean": 928.2864455198901,
      "stddev": 27.121536179669587,
      "unit": "ns"
    },
    "new": {
      "mean": 928.2864455198901,
      "stddev": 27.121536179669587,
      "unit": "ns"
    }
  },
  "encryption/chacha20_poly1305": {
    "current": {
      "mean": 3532.0657072012677,
      "stddev": 22.15129672166043,
      "unit": "ns"
    },
    "new": {
      "mean": 3532.0657072012677,
      "stddev": 22.15129672166043,
      "unit": "ns"
    }
  },
  "json_validation/complex": {
    "current": {
      "mean": 640.355498248219,
      "stddev": 7.448597474614409,
      "unit": "ns"
    },
    "new": {
      "mean": 640.355498248219,
      "stddev": 7.448597474614409,
      "unit": "ns"
    }
  },
  "json_validation/simple": {
    "current": {
      "mean": 87.90103094890165,
      "stddev": 3.458713844017088,
      "unit": "ns"
    },
    "new": {
      "mean": 87.90103094890165,
      "stddev": 3.458713844017088,
      "unit": "ns"
    }
  },
  "memory/deep_template_rendering": {
    "current": {
      "mean": 1526.5625268836454,
      "stddev": 1.3585664777187152,
      "unit": "ns"
    },
    "new": {
      "mean": 1526.5625268836454,
      "stddev": 1.3585664777187152,
      "unit": "ns"
    }
  },
  "memory/large_data_validation": {
    "current": {
      "mean": 102015.43509694035,
      "stddev": 382.9991210154892,
      "unit": "ns"
    },
    "new": {
      "mean": 102015.43509694035,
      "stddev": 382.9991210154892,
      "unit": "ns"
    }
  },
  "memory/large_spec_parsing": {
    "current": {
      "mean": 8031699.360035715,
      "stddev": 179091.76942037384,
      "unit": "ns"
    },
    "new": {
      "mean": 8031699.360035715,
      "stddev": 179091.76942037384,
      "unit": "ns"
    }
  },
  "openapi_parsing/medium_spec_10_paths": {
    "current": {
      "mean": 164697.7285267814,
      "stddev": 4663.510770026166,
      "unit": "ns"
    },
    "new": {
      "mean": 164697.7285267814,
      "stddev": 4663.510770026166,
      "unit": "ns"
    }
  },
  "openapi_parsing/small_spec": {
    "current": {
      "mean": 23062.4215704218,
      "stddev": 444.36852920624517,
      "unit": "ns"
    },
    "new": {
      "mean": 23062.4215704218,
      "stddev": 444.36852920624517,
      "unit": "ns"
    }
  },
  "template_rendering/arrays": {
    "current": {
      "mean": 305.45050342108794,
      "stddev": 2.313556370185457,
      "unit": "ns"
    },
    "new": {
      "mean": 305.45050342108794,
      "stddev": 2.313556370185457,
      "unit": "ns"
    }
  },
  "template_rendering/complex": {
    "current": {
      "mean": 364.33768610099315,
      "stddev": 8.6588145255074,
      "unit": "ns"
    },
    "new": {
      "mean": 364.33768610099315,
      "stddev": 8.6588145255074,
      "unit": "ns"
    }
  },
  "template_rendering/simple": {
    "current": {
      "mean": 733.4187853044432,
      "stddev": 40.79962349390295,
      "unit": "ns"
    },
    "new": {
      "mean": 733.4187853044432,
      "stddev": 40.79962349390295,
      "unit": "ns"
    }
  }
}