{
  "data_generation/generate_single_record": {
    "current": {
      "mean": 789.8050224799346,
      "stddev": 5.538529656062922,
      "unit": "ns"
    },
    "new": {
      "mean": 789.8050224799346,
      "stddev": 5.538529656062922,
      "unit": "ns"
    }
  },
  "encryption/aes256_gcm": {
    "current": {
      "mean": 1159.0999112759823,
      "stddev": 16.89096421546735,
      "unit": "ns"
    },
    "new": {
      "mean": 1159.0999112759823,
      "stddev": 16.89096421546735,
      "unit": "ns"
    }
  },
  "encryption/chacha20_poly1305": {
    "current": {
      "mean": 4676.803133102178,
      "stddev": 10.801795657123844,
      "unit": "ns"
    },
    "new": {
      "mean": 4676.803133102178,
      "stddev": 10.801795657123844,
      "unit": "ns"
    }
  },
  "json_validation/complex": {
    "current": {
      "mean": 571.1130006807142,
      "stddev": 7.7867034038692635,
      "unit": "ns"
    },
    "new": {
      "mean": 571.1130006807142,
      "stddev": 7.7867034038692635,
      "unit": "ns"
    }
  },
  "json_validation/simple": {
    "current": {
      "mean": 111.79274079201927,
      "stddev": 1.4889865655903134,
      "unit": "ns"
    },
    "new": {
      "mean": 111.79274079201927,
      "stddev": 1.4889865655903134,
      "unit": "ns"
    }
  },
  "memory/deep_template_rendering": {
    "current": {
      "mean": 1443.237551841866,
      "stddev": 33.72561851150286,
      "unit": "ns"
    },
    "new": {
      "mean": 1443.237551841866,
      "stddev": 33.72561851150286,
      "unit": "ns"
    }
  },
  "memory/large_data_validation": {
    "current": {
      "mean": 108471.35812240108,
      "stddev": 282.1410262364624,
      "unit": "ns"
    },
    "new": {
      "mean": 108471.35812240108,
      "stddev": 282.1410262364624,
      "unit": "ns"
    }
  },
  "memory/large_spec_parsing": {
    "current": {
      "mean": 7206777.295050505,
      "stddev": 213625.37744832976,
      "unit": "ns"
    },
    "new": {
      "mean": 7206777.295050505,
      "stddev": 213625.37744832976,
      "unit": "ns"
    }
  },
  "openapi_parsing/medium_spec_10_paths": {
    "current": {
      "mean": 173574.14250468314,
      "stddev": 6260.591802752436,
      "unit": "ns"
    },
    "new": {
      "mean": 173574.14250468314,
      "stddev": 6260.591802752436,
      "unit": "ns"
    }
  },
  "openapi_parsing/small_spec": {
    "current": {
      "mean": 23558.32756597116,
      "stddev": 234.31272489648913,
      "unit": "ns"
    },
    "new": {
      "mean": 23558.32756597116,
      "stddev": 234.31272489648913,
      "unit": "ns"
    }
  },
  "template_rendering/arrays": {
    "current": {
      "mean": 306.26806435926557,
      "stddev": 3.6722793066138966,
      "unit": "ns"
    },
    "new": {
      "mean": 306.26806435926557,
      "stddev": 3.6722793066138966,
      "unit": "ns"
    }
  },
  "template_rendering/complex": {
    "current": {
      "mean": 369.3931496686149,
      "stddev": 5.26770288925024,
      "unit": "ns"
    },
    "new": {
      "mean": 369.3931496686149,
      "stddev": 5.26770288925024,
      "unit": "ns"
    }
  },
  "template_rendering/simple": {
    "current": {
      "mean": 1016.899563892285,
      "stddev": 110.85295069935343,
      "unit": "ns"
    },
    "new": {
      "mean": 1016.899563892285,
      "stddev": 110.85295069935343,
      "unit": "ns"
    }
  }
}