{
  "data_generation/generate_single_record": {
    "current": {
      "mean": 628.9041974430643,
      "stddev": 6.477656419399505,
      "unit": "ns"
    },
    "new": {
      "mean": 628.9041974430643,
      "stddev": 6.477656419399505,
      "unit": "ns"
    }
  },
  "encryption/aes256_gcm": {
    "current": {
      "mean": 880.6589426336196,
      "stddev": 4.7726533159444475,
      "unit": "ns"
    },
    "new": {
      "mean": 880.6589426336196,
      "stddev": 4.7726533159444475,
      "unit": "ns"
    }
  },
  "encryption/chacha20_poly1305": {
    "current": {
      "mean": 3620.833473735895,
      "stddev": 12.202796321272771,
      "unit": "ns"
    },
    "new": {
      "mean": 3620.833473735895,
      "stddev": 12.202796321272771,
      "unit": "ns"
    }
  },
  "json_validation/complex": {
    "current": {
      "mean": 450.412767804878,
      "stddev": 3.3929477570652598,
      "unit": "ns"
    },
    "new": {
      "mean": 450.412767804878,
      "stddev": 3.3929477570652598,
      "unit": "ns"
    }
  },
  "json_validation/simple": {
    "current": {
      "mean": 92.81241619625717,
      "stddev": 0.8881216857267311,
      "unit": "ns"
    },
    "new": {
      "mean": 92.81241619625717,
      "stddev": 0.8881216857267311,
      "unit": "ns"
    }
  },
  "memory/deep_template_rendering": {
    "current": {
      "mean": 1119.8022927354286,
      "stddev": 1.2816164706938076,
      "unit": "ns"
    },
    "new": {
      "mean": 1119.8022927354286,
      "stddev": 1.2816164706938076,
      "unit": "ns"
    }
  },
  "memory/large_data_validation": {
    "current": {
      "mean": 81032.90193332986,
      "stddev": 615.9440002794809,
      "unit": "ns"
    },
    "new": {
      "mean": 81032.90193332986,
      "stddev": 615.9440002794809,
      "unit": "ns"
    }
  },
  "memory/large_spec_parsing": {
    "current": {
      "mean": 5743520.172823129,
      "stddev": 11393.398594012853,
      "unit": "ns"
    },
    "new": {
      "mean": 5743520.172823129,
      "stddev": 11393.398594012853,
      "unit": "ns"
    }
  },
  "openapi_parsing/medium_spec_10_paths": {
    "current": {
      "mean": 136279.56834322153,
      "stddev": 1532.7301034283298,
      "unit": "ns"
    },
    "new": {
      "mean": 136279.56834322153,
      "stddev": 1532.7301034283298,
      "unit": "ns"
    }
  },
  "openapi_parsing/small_spec": {
    "current": {
      "mean": 18803.17764112651,
      "stddev": 87.31643068590992,
      "unit": "ns"
    },
    "new": {
      "mean": 18803.17764112651,
      "stddev": 87.31643068590992,
      "unit": "ns"
    }
  },
  "template_rendering/arrays": {
    "current": {
      "mean": 236.80714975966666,
      "stddev": 2.971810746859975,
      "unit": "ns"
    },
    "new": {
      "mean": 236.80714975966666,
      "stddev": 2.971810746859975,
      "unit": "ns"
    }
  },
  "template_rendering/complex": {
    "current": {
      "mean": 290.0814585575574,
      "stddev": 1.7669439522859598,
      "unit": "ns"
    },
    "new": {
      "mean": 290.0814585575574,
      "stddev": 1.7669439522859598,
      "unit": "ns"
    }
  },
  "template_rendering/simple": {
    "current": {
      "mean": 745.4295604136396,
      "stddev": 13.650846924847832,
      "unit": "ns"
    },
    "new": {
      "mean": 745.4295604136396,
      "stddev": 13.650846924847832,
      "unit": "ns"
    }
  }
}