{
  "data_generation/generate_single_record": {
    "current": {
      "mean": 774.5991998189609,
      "stddev": 19.59512763423679,
      "unit": "ns"
    },
    "new": {
      "mean": 774.5991998189609,
      "stddev": 19.59512763423679,
      "unit": "ns"
    }
  },
  "encryption/aes256_gcm": {
    "current": {
      "mean": 899.0112692774732,
      "stddev": 8.23437150191321,
      "unit": "ns"
    },
    "new": {
      "mean": 899.0112692774732,
      "stddev": 8.23437150191321,
      "unit": "ns"
    }
  },
  "encryption/chacha20_poly1305": {
    "current": {
      "mean": 3528.508729885592,
      "stddev": 32.33633207957999,
      "unit": "ns"
    },
    "new": {
      "mean": 3528.508729885592,
      "stddev": 32.33633207957999,
      "unit": "ns"
    }
  },
  "json_validation/complex": {
    "current": {
      "mean": 658.5428325867413,
      "stddev": 13.72952779937973,
      "unit": "ns"
    },
    "new": {
      "mean": 658.5428325867413,
      "stddev": 13.72952779937973,
      "unit": "ns"
    }
  },
  "json_validation/simple": {
    "current": {
      "mean": 88.34652594897123,
      "stddev": 0.5762268317274323,
      "unit": "ns"
    },
    "new": {
      "mean": 88.34652594897123,
      "stddev": 0.5762268317274323,
      "unit": "ns"
    }
  },
  "memory/deep_template_rendering": {
    "current": {
      "mean": 1610.0978227150013,
      "stddev": 2.384161352473131,
      "unit": "ns"
    },
    "new": {
      "mean": 1610.0978227150013,
      "stddev": 2.384161352473131,
      "unit": "ns"
    }
  },
  "memory/large_data_validation": {
    "current": {
      "mean": 103060.01901277315,
      "stddev": 349.9427430083401,
      "unit": "ns"
    },
    "new": {
      "mean": 103060.01901277315,
      "stddev": 349.9427430083401,
      "unit": "ns"
    }
  },
  "memory/large_spec_parsing": {
    "current": {
      "mean": 7912145.638773811,
      "stddev": 37745.69123616784,
      "unit": "ns"
    },
    "new": {
      "mean": 7912145.638773811,
      "stddev": 37745.69123616784,
      "unit": "ns"
    }
  },
  "openapi_parsing/medium_spec_10_paths": {
    "current": {
      "mean": 160401.66222842585,
      "stddev": 4197.196409081987,
      "unit": "ns"
    },
    "new": {
      "mean": 160401.66222842585,
      "stddev": 4197.196409081987,
      "unit": "ns"
    }
  },
  "openapi_parsing/small_spec": {
    "current": {
      "mean": 22906.207999951337,
      "stddev": 450.8620421581225,
      "unit": "ns"
    },
    "new": {
      "mean": 22906.207999951337,
      "stddev": 450.8620421581225,
      "unit": "ns"
    }
  },
  "template_rendering/arrays": {
    "current": {
      "mean": 306.83650342870516,
      "stddev": 13.078185203127507,
      "unit": "ns"
    },
    "new": {
      "mean": 306.83650342870516,
      "stddev": 13.078185203127507,
      "unit": "ns"
    }
  },
  "template_rendering/complex": {
    "current": {
      "mean": 361.94027350371687,
      "stddev": 2.0071782379552983,
      "unit": "ns"
    },
    "new": {
      "mean": 361.94027350371687,
      "stddev": 2.0071782379552983,
      "unit": "ns"
    }
  },
  "template_rendering/simple": {
    "current": {
      "mean": 791.0361424314428,
      "stddev": 32.086596569799866,
      "unit": "ns"
    },
    "new": {
      "mean": 791.0361424314428,
      "stddev": 32.086596569799866,
      "unit": "ns"
    }
  }
}