{
  "data_generation/generate_single_record": {
    "current": {
      "mean": 857.2178258323756,
      "stddev": 63.08132898889171,
      "unit": "ns"
    },
    "new": {
      "mean": 857.2178258323756,
      "stddev": 63.08132898889171,
      "unit": "ns"
    }
  },
  "encryption/aes256_gcm": {
    "current": {
      "mean": 1197.1238608002577,
      "stddev": 73.48782514831159,
      "unit": "ns"
    },
    "new": {
      "mean": 1197.1238608002577,
      "stddev": 73.48782514831159,
      "unit": "ns"
    }
  },
  "encryption/chacha20_poly1305": {
    "current": {
      "mean": 4352.867449375634,
      "stddev": 188.1040425329466,
      "unit": "ns"
    },
    "new": {
      "mean": 4352.867449375634,
      "stddev": 188.1040425329466,
      "unit": "ns"
    }
  },
  "json_validation/complex": {
    "current": {
      "mean": 607.4743987737118,
      "stddev": 45.049930603503206,
      "unit": "ns"
    },
    "new": {
      "mean": 607.4743987737118,
      "stddev": 45.049930603503206,
      "unit": "ns"
    }
  },
  "json_validation/simple": {
    "current": {
      "mean": 103.7776797558355,
      "stddev": 8.045010426212839,
      "unit": "ns"
    },
    "new": {
      "mean": 103.7776797558355,
      "stddev": 8.045010426212839,
      "unit": "ns"
    }
  },
  "memory/deep_template_rendering": {
    "current": {
      "mean": 1752.1720987387096,
      "stddev": 204.30014362182214,
      "unit": "ns"
    },
    "new": {
      "mean": 1752.1720987387096,
      "stddev": 204.30014362182214,
      "unit": "ns"
    }
  },
  "memory/large_data_validation": {
    "current": {
      "mean": 122094.93077991938,
      "stddev": 9677.24066271579,
      "unit": "ns"
    },
    "new": {
      "mean": 122094.93077991938,
      "stddev": 9677.24066271579,
      "unit": "ns"
    }
  },
  "memory/large_spec_parsing": {
    "current": {
      "mean": 9322825.355008818,
      "stddev": 533699.9753416134,
      "unit": "ns"
    },
    "new": {
      "mean": 9322825.355008818,
      "stddev": 533699.9753416134,
      "unit": "ns"
    }
  },
  "openapi_parsing/medium_spec_10_paths": {
    "current": {
      "mean": 189206.63793579652,
      "stddev": 17264.227623626277,
      "unit": "ns"
    },
    "new": {
      "mean": 189206.63793579652,
      "stddev": 17264.227623626277,
      "unit": "ns"
    }
  },
  "openapi_parsing/small_spec": {
    "current": {
      "mean": 25671.835201331287,
      "stddev": 1905.6984323653617,
      "unit": "ns"
    },
    "new": {
      "mean": 25671.835201331287,
      "stddev": 1905.6984323653617,
      "unit": "ns"
    }
  },
  "template_rendering/arrays": {
    "current": {
      "mean": 357.1949098242637,
      "stddev": 57.80861536681049,
      "unit": "ns"
    },
    "new": {
      "mean": 357.1949098242637,
      "stddev": 57.80861536681049,
      "unit": "ns"
    }
  },
  "template_rendering/complex": {
    "current": {
      "mean": 431.4343084612345,
      "stddev": 71.06331376885268,
      "unit": "ns"
    },
    "new": {
      "mean": 431.4343084612345,
      "stddev": 71.06331376885268,
      "unit": "ns"
    }
  },
  "template_rendering/simple": {
    "current": {
      "mean": 792.1741413735252,
      "stddev": 87.95650502050616,
      "unit": "ns"
    },
    "new": {
      "mean": 792.1741413735252,
      "stddev": 87.95650502050616,
      "unit": "ns"
    }
  }
}