{
  "data_generation/generate_single_record": {
    "current": {
      "mean": 771.8808830109173,
      "stddev": 4.453726827659026,
      "unit": "ns"
    },
    "new": {
      "mean": 771.8808830109173,
      "stddev": 4.453726827659026,
      "unit": "ns"
    }
  },
  "encryption/aes256_gcm": {
    "current": {
      "mean": 911.703763360614,
      "stddev": 18.87094925232708,
      "unit": "ns"
    },
    "new": {
      "mean": 911.703763360614,
      "stddev": 18.87094925232708,
      "unit": "ns"
    }
  },
  "encryption/chacha20_poly1305": {
    "current": {
      "mean": 3525.7815751694056,
      "stddev": 20.6556181606305,
      "unit": "ns"
    },
    "new": {
      "mean": 3525.7815751694056,
      "stddev": 20.6556181606305,
      "unit": "ns"
    }
  },
  "json_validation/complex": {
    "current": {
      "mean": 659.144821392984,
      "stddev": 18.467509191505382,
      "unit": "ns"
    },
    "new": {
      "mean": 659.144821392984,
      "stddev": 18.467509191505382,
      "unit": "ns"
    }
  },
  "json_validation/simple": {
    "current": {
      "mean": 89.61251574959905,
      "stddev": 3.149209604770133,
      "unit": "ns"
    },
    "new": {
      "mean": 89.61251574959905,
      "stddev": 3.149209604770133,
      "unit": "ns"
    }
  },
  "memory/deep_template_rendering": {
    "current": {
      "mean": 1503.8276074033868,
      "stddev": 2.068046781322614,
      "unit": "ns"
    },
    "new": {
      "mean": 1503.8276074033868,
      "stddev": 2.068046781322614,
      "unit": "ns"
    }
  },
  "memory/large_data_validation": {
    "current": {
      "mean": 102658.01193191312,
      "stddev": 182.96966082338957,
      "unit": "ns"
    },
    "new": {
      "mean": 102658.01193191312,
      "stddev": 182.96966082338957,
      "unit": "ns"
    }
  },
  "memory/large_spec_parsing": {
    "current": {
      "mean": 7275932.958391054,
      "stddev": 67800.67633305039,
      "unit": "ns"
    },
    "new": {
      "mean": 7275932.958391054,
      "stddev": 67800.67633305039,
      "unit": "ns"
    }
  },
  "openapi_parsing/medium_spec_10_paths": {
    "current": {
      "mean": 162823.31395061492,
      "stddev": 2156.348390637235,
      "unit": "ns"
    },
    "new": {
      "mean": 162823.31395061492,
      "stddev": 2156.348390637235,
      "unit": "ns"
    }
  },
  "openapi_parsing/small_spec": {
    "current": {
      "mean": 23080.568513767328,
      "stddev": 203.63678801269967,
      "unit": "ns"
    },
    "new": {
      "mean": 23080.568513767328,
      "stddev": 203.63678801269967,
      "unit": "ns"
    }
  },
  "template_rendering/arrays": {
    "current": {
      "mean": 306.6790223847515,
      "stddev": 1.7735826375263515,
      "unit": "ns"
    },
    "new": {
      "mean": 306.6790223847515,
      "stddev": 1.7735826375263515,
      "unit": "ns"
    }
  },
  "template_rendering/complex": {
    "current": {
      "mean": 360.13143149795025,
      "stddev": 1.8393277156534176,
      "unit": "ns"
    },
    "new": {
      "mean": 360.13143149795025,
      "stddev": 1.8393277156534176,
      "unit": "ns"
    }
  },
  "template_rendering/simple": {
    "current": {
      "mean": 713.1496916472959,
      "stddev": 3.4965741869233167,
      "unit": "ns"
    },
    "new": {
      "mean": 713.1496916472959,
      "stddev": 3.4965741869233167,
      "unit": "ns"
    }
  }
}