{
  "data_generation/generate_single_record": {
    "current": {
      "mean": 769.9864567176513,
      "stddev": 19.91008659912994,
      "unit": "ns"
    },
    "new": {
      "mean": 769.9864567176513,
      "stddev": 19.91008659912994,
      "unit": "ns"
    }
  },
  "encryption/aes256_gcm": {
    "current": {
      "mean": 918.8524870059903,
      "stddev": 19.683652550344835,
      "unit": "ns"
    },
    "new": {
      "mean": 918.8524870059903,
      "stddev": 19.683652550344835,
      "unit": "ns"
    }
  },
  "encryption/chacha20_poly1305": {
    "current": {
      "mean": 3539.2665423105645,
      "stddev": 52.12563732751334,
      "unit": "ns"
    },
    "new": {
      "mean": 3539.2665423105645,
      "stddev": 52.12563732751334,
      "unit": "ns"
    }
  },
  "json_validation/complex": {
    "current": {
      "mean": 645.4578892520856,
      "stddev": 22.3938832821004,
      "unit": "ns"
    },
    "new": {
      "mean": 645.4578892520856,
      "stddev": 22.3938832821004,
      "unit": "ns"
    }
  },
  "json_validation/simple": {
    "current": {
      "mean": 85.34486501795273,
      "stddev": 4.394416747460666,
      "unit": "ns"
    },
    "new": {
      "mean": 85.34486501795273,
      "stddev": 4.394416747460666,
      "unit": "ns"
    }
  },
  "memory/deep_template_rendering": {
    "current": {
      "mean": 1519.1008270116283,
      "stddev": 1.5361966590391851,
      "unit": "ns"
    },
    "new": {
      "mean": 1519.1008270116283,
      "stddev": 1.5361966590391851,
      "unit": "ns"
    }
  },
  "memory/large_data_validation": {
    "current": {
      "mean": 102044.8889594972,
      "stddev": 550.2845974141925,
      "unit": "ns"
    },
    "new": {
      "mean": 102044.8889594972,
      "stddev": 550.2845974141925,
      "unit": "ns"
    }
  },
  "memory/large_spec_parsing": {
    "current": {
      "mean": 8460900.962157737,
      "stddev": 258759.615418374,
      "unit": "ns"
    },
    "new": {
      "mean": 8460900.962157737,
      "stddev": 258759.615418374,
      "unit": "ns"
    }
  },
  "openapi_parsing/medium_spec_10_paths": {
    "current": {
      "mean": 162086.6499931732,
      "stddev": 3451.1738481376105,
      "unit": "ns"
    },
    "new": {
      "mean": 162086.6499931732,
      "stddev": 3451.1738481376105,
      "unit": "ns"
    }
  },
  "openapi_parsing/small_spec": {
    "current": {
      "mean": 22918.107531391965,
      "stddev": 515.7546272358865,
      "unit": "ns"
    },
    "new": {
      "mean": 22918.107531391965,
      "stddev": 515.7546272358865,
      "unit": "ns"
    }
  },
  "template_rendering/arrays": {
    "current": {
      "mean": 314.7889115775073,
      "stddev": 15.64808460148102,
      "unit": "ns"
    },
    "new": {
      "mean": 314.7889115775073,
      "stddev": 15.64808460148102,
      "unit": "ns"
    }
  },
  "template_rendering/complex": {
    "current": {
      "mean": 359.4795297466398,
      "stddev": 6.8934918110259416,
      "unit": "ns"
    },
    "new": {
      "mean": 359.4795297466398,
      "stddev": 6.8934918110259416,
      "unit": "ns"
    }
  },
  "template_rendering/simple": {
    "current": {
      "mean": 792.6885608705206,
      "stddev": 29.408030109637306,
      "unit": "ns"
    },
    "new": {
      "mean": 792.6885608705206,
      "stddev": 29.408030109637306,
      "unit": "ns"
    }
  }
}