{
  "data_generation/generate_single_record": {
    "current": {
      "mean": 820.7698491772759,
      "stddev": 10.399792326417648,
      "unit": "ns"
    },
    "new": {
      "mean": 820.7698491772759,
      "stddev": 10.399792326417648,
      "unit": "ns"
    }
  },
  "encryption/aes256_gcm": {
    "current": {
      "mean": 1101.5646020830145,
      "stddev": 5.627311213802536,
      "unit": "ns"
    },
    "new": {
      "mean": 1101.5646020830145,
      "stddev": 5.627311213802536,
      "unit": "ns"
    }
  },
  "encryption/chacha20_poly1305": {
    "current": {
      "mean": 4130.686845744054,
      "stddev": 27.00659217935055,
      "unit": "ns"
    },
    "new": {
      "mean": 4130.686845744054,
      "stddev": 27.00659217935055,
      "unit": "ns"
    }
  },
  "json_validation/complex": {
    "current": {
      "mean": 585.1077073853819,
      "stddev": 9.484199044604466,
      "unit": "ns"
    },
    "new": {
      "mean": 585.1077073853819,
      "stddev": 9.484199044604466,
      "unit": "ns"
    }
  },
  "json_validation/simple": {
    "current": {
      "mean": 99.98150304768967,
      "stddev": 1.778550995484715,
      "unit": "ns"
    },
    "new": {
      "mean": 99.98150304768967,
      "stddev": 1.778550995484715,
      "unit": "ns"
    }
  },
  "memory/deep_template_rendering": {
    "current": {
      "mean": 1513.1789573338706,
      "stddev": 2.3027107726708222,
      "unit": "ns"
    },
    "new": {
      "mean": 1513.1789573338706,
      "stddev": 2.3027107726708222,
      "unit": "ns"
    }
  },
  "memory/large_data_validation": {
    "current": {
      "mean": 106991.37123427878,
      "stddev": 430.82057836815596,
      "unit": "ns"
    },
    "new": {
      "mean": 106991.37123427878,
      "stddev": 430.82057836815596,
      "unit": "ns"
    }
  },
  "memory/large_spec_parsing": {
    "current": {
      "mean": 7338505.249390332,
      "stddev": 284299.39670965954,
      "unit": "ns"
    },
    "new": {
      "mean": 7338505.249390332,
      "stddev": 284299.39670965954,
      "unit": "ns"
    }
  },
  "openapi_parsing/medium_spec_10_paths": {
    "current": {
      "mean": 169212.0782140601,
      "stddev": 6749.13192912372,
      "unit": "ns"
    },
    "new": {
      "mean": 169212.0782140601,
      "stddev": 6749.13192912372,
      "unit": "ns"
    }
  },
  "openapi_parsing/small_spec": {
    "current": {
      "mean": 23900.876022896395,
      "stddev": 423.6199428678158,
      "unit": "ns"
    },
    "new": {
      "mean": 23900.876022896395,
      "stddev": 423.6199428678158,
      "unit": "ns"
    }
  },
  "template_rendering/arrays": {
    "current": {
      "mean": 316.746471734817,
      "stddev": 6.800605275594799,
      "unit": "ns"
    },
    "new": {
      "mean": 316.746471734817,
      "stddev": 6.800605275594799,
      "unit": "ns"
    }
  },
  "template_rendering/complex": {
    "current": {
      "mean": 394.2012781840702,
      "stddev": 3.2307243652868434,
      "unit": "ns"
    },
    "new": {
      "mean": 394.2012781840702,
      "stddev": 3.2307243652868434,
      "unit": "ns"
    }
  },
  "template_rendering/simple": {
    "current": {
      "mean": 903.7120044495922,
      "stddev": 12.560669160657685,
      "unit": "ns"
    },
    "new": {
      "mean": 903.7120044495922,
      "stddev": 12.560669160657685,
      "unit": "ns"
    }
  }
}