{
  "data_generation/generate_single_record": {
    "current": {
      "mean": 773.8538902891768,
      "stddev": 19.073894014481983,
      "unit": "ns"
    },
    "new": {
      "mean": 773.8538902891768,
      "stddev": 19.073894014481983,
      "unit": "ns"
    }
  },
  "encryption/aes256_gcm": {
    "current": {
      "mean": 1124.0193282079229,
      "stddev": 19.612111222378037,
      "unit": "ns"
    },
    "new": {
      "mean": 1124.0193282079229,
      "stddev": 19.612111222378037,
      "unit": "ns"
    }
  },
  "encryption/chacha20_poly1305": {
    "current": {
      "mean": 4141.625195455545,
      "stddev": 22.52813732648392,
      "unit": "ns"
    },
    "new": {
      "mean": 4141.625195455545,
      "stddev": 22.52813732648392,
      "unit": "ns"
    }
  },
  "json_validation/complex": {
    "current": {
      "mean": 582.8023444114781,
      "stddev": 9.132793241690305,
      "unit": "ns"
    },
    "new": {
      "mean": 582.8023444114781,
      "stddev": 9.132793241690305,
      "unit": "ns"
    }
  },
  "json_validation/simple": {
    "current": {
      "mean": 98.93476395171027,
      "stddev": 1.4334120362366196,
      "unit": "ns"
    },
    "new": {
      "mean": 98.93476395171027,
      "stddev": 1.4334120362366196,
      "unit": "ns"
    }
  },
  "memory/deep_template_rendering": {
    "current": {
      "mean": 1470.8643347690563,
      "stddev": 1.9105542823657087,
      "unit": "ns"
    },
    "new": {
      "mean": 1470.8643347690563,
      "stddev": 1.9105542823657087,
      "unit": "ns"
    }
  },
  "memory/large_data_validation": {
    "current": {
      "mean": 105521.62802432994,
      "stddev": 1906.877643384406,
      "unit": "ns"
    },
    "new": {
      "mean": 105521.62802432994,
      "stddev": 1906.877643384406,
      "unit": "ns"
    }
  },
  "memory/large_spec_parsing": {
    "current": {
      "mean": 6868305.750935847,
      "stddev": 21589.512428049704,
      "unit": "ns"
    },
    "new": {
      "mean": 6868305.750935847,
      "stddev": 21589.512428049704,
      "unit": "ns"
    }
  },
  "openapi_parsing/medium_spec_10_paths": {
    "current": {
      "mean": 170048.61542142986,
      "stddev": 2893.27077475354,
      "unit": "ns"
    },
    "new": {
      "mean": 170048.61542142986,
      "stddev": 2893.27077475354,
      "unit": "ns"
    }
  },
  "openapi_parsing/small_spec": {
    "current": {
      "mean": 23944.080975599634,
      "stddev": 468.11169102328165,
      "unit": "ns"
    },
    "new": {
      "mean": 23944.080975599634,
      "stddev": 468.11169102328165,
      "unit": "ns"
    }
  },
  "template_rendering/arrays": {
    "current": {
      "mean": 312.76485212949297,
      "stddev": 2.7469492890905878,
      "unit": "ns"
    },
    "new": {
      "mean": 312.76485212949297,
      "stddev": 2.7469492890905878,
      "unit": "ns"
    }
  },
  "template_rendering/complex": {
    "current": {
      "mean": 370.28754085472576,
      "stddev": 8.697274116552647,
      "unit": "ns"
    },
    "new": {
      "mean": 370.28754085472576,
      "stddev": 8.697274116552647,
      "unit": "ns"
    }
  },
  "template_rendering/simple": {
    "current": {
      "mean": 1241.1063245593696,
      "stddev": 89.3139726880041,
      "unit": "ns"
    },
    "new": {
      "mean": 1241.1063245593696,
      "stddev": 89.3139726880041,
      "unit": "ns"
    }
  }
}