{
  "data_generation/generate_single_record": {
    "current": {
      "mean": 786.4463496442369,
      "stddev": 12.471528949248247,
      "unit": "ns"
    },
    "new": {
      "mean": 786.4463496442369,
      "stddev": 12.471528949248247,
      "unit": "ns"
    }
  },
  "encryption/aes256_gcm": {
    "current": {
      "mean": 1111.1284970090703,
      "stddev": 10.023639405687396,
      "unit": "ns"
    },
    "new": {
      "mean": 1111.1284970090703,
      "stddev": 10.023639405687396,
      "unit": "ns"
    }
  },
  "encryption/chacha20_poly1305": {
    "current": {
      "mean": 4138.001012301303,
      "stddev": 23.15612740280697,
      "unit": "ns"
    },
    "new": {
      "mean": 4138.001012301303,
      "stddev": 23.15612740280697,
      "unit": "ns"
    }
  },
  "json_validation/complex": {
    "current": {
      "mean": 593.0447866095299,
      "stddev": 9.0958843405003,
      "unit": "ns"
    },
    "new": {
      "mean": 593.0447866095299,
      "stddev": 9.0958843405003,
      "unit": "ns"
    }
  },
  "json_validation/simple": {
    "current": {
      "mean": 100.53679767697915,
      "stddev": 1.5030253363942578,
      "unit": "ns"
    },
    "new": {
      "mean": 100.53679767697915,
      "stddev": 1.5030253363942578,
      "unit": "ns"
    }
  },
  "memory/deep_template_rendering": {
    "current": {
      "mean": 1499.310829563962,
      "stddev": 11.47478666161143,
      "unit": "ns"
    },
    "new": {
      "mean": 1499.310829563962,
      "stddev": 11.47478666161143,
      "unit": "ns"
    }
  },
  "memory/large_data_validation": {
    "current": {
      "mean": 105578.50923120412,
      "stddev": 320.38556068915244,
      "unit": "ns"
    },
    "new": {
      "mean": 105578.50923120412,
      "stddev": 320.38556068915244,
      "unit": "ns"
    }
  },
  "memory/large_spec_parsing": {
    "current": {
      "mean": 6881385.370383596,
      "stddev": 32676.35775583203,
      "unit": "ns"
    },
    "new": {
      "mean": 6881385.370383596,
      "stddev": 32676.35775583203,
      "unit": "ns"
    }
  },
  "openapi_parsing/medium_spec_10_paths": {
    "current": {
      "mean": 168694.82256693847,
      "stddev": 2852.391152476059,
      "unit": "ns"
    },
    "new": {
      "mean": 168694.82256693847,
      "stddev": 2852.391152476059,
      "unit": "ns"
    }
  },
  "openapi_parsing/small_spec": {
    "current": {
      "mean": 23704.141429351705,
      "stddev": 554.9775501243504,
      "unit": "ns"
    },
    "new": {
      "mean": 23704.141429351705,
      "stddev": 554.9775501243504,
      "unit": "ns"
    }
  },
  "template_rendering/arrays": {
    "current": {
      "mean": 326.4523417045464,
      "stddev": 5.7334139126263155,
      "unit": "ns"
    },
    "new": {
      "mean": 326.4523417045464,
      "stddev": 5.7334139126263155,
      "unit": "ns"
    }
  },
  "template_rendering/complex": {
    "current": {
      "mean": 388.9949427351688,
      "stddev": 4.069955942536028,
      "unit": "ns"
    },
    "new": {
      "mean": 388.9949427351688,
      "stddev": 4.069955942536028,
      "unit": "ns"
    }
  },
  "template_rendering/simple": {
    "current": {
      "mean": 903.0433952538245,
      "stddev": 16.897103874798237,
      "unit": "ns"
    },
    "new": {
      "mean": 903.0433952538245,
      "stddev": 16.897103874798237,
      "unit": "ns"
    }
  }
}