{
  "data_generation/generate_single_record": {
    "current": {
      "mean": 766.7100159016444,
      "stddev": 7.704524695645464,
      "unit": "ns"
    },
    "new": {
      "mean": 766.7100159016444,
      "stddev": 7.704524695645464,
      "unit": "ns"
    }
  },
  "encryption/aes256_gcm": {
    "current": {
      "mean": 1100.4802270027083,
      "stddev": 7.160600094588994,
      "unit": "ns"
    },
    "new": {
      "mean": 1100.4802270027083,
      "stddev": 7.160600094588994,
      "unit": "ns"
    }
  },
  "encryption/chacha20_poly1305": {
    "current": {
      "mean": 4213.343939342351,
      "stddev": 14.352646598642517,
      "unit": "ns"
    },
    "new": {
      "mean": 4213.343939342351,
      "stddev": 14.352646598642517,
      "unit": "ns"
    }
  },
  "json_validation/complex": {
    "current": {
      "mean": 584.5689683675743,
      "stddev": 4.428582031442916,
      "unit": "ns"
    },
    "new": {
      "mean": 584.5689683675743,
      "stddev": 4.428582031442916,
      "unit": "ns"
    }
  },
  "json_validation/simple": {
    "current": {
      "mean": 102.56548414566512,
      "stddev": 1.7160303344492602,
      "unit": "ns"
    },
    "new": {
      "mean": 102.56548414566512,
      "stddev": 1.7160303344492602,
      "unit": "ns"
    }
  },
  "memory/deep_template_rendering": {
    "current": {
      "mean": 1464.7037667173345,
      "stddev": 2.6415500834158676,
      "unit": "ns"
    },
    "new": {
      "mean": 1464.7037667173345,
      "stddev": 2.6415500834158676,
      "unit": "ns"
    }
  },
  "memory/large_data_validation": {
    "current": {
      "mean": 107091.83781570154,
      "stddev": 304.6477071962092,
      "unit": "ns"
    },
    "new": {
      "mean": 107091.83781570154,
      "stddev": 304.6477071962092,
      "unit": "ns"
    }
  },
  "memory/large_spec_parsing": {
    "current": {
      "mean": 6907931.322103175,
      "stddev": 9319.610400941972,
      "unit": "ns"
    },
    "new": {
      "mean": 6907931.322103175,
      "stddev": 9319.610400941972,
      "unit": "ns"
    }
  },
  "openapi_parsing/medium_spec_10_paths": {
    "current": {
      "mean": 170660.57134043053,
      "stddev": 1763.9126896594298,
      "unit": "ns"
    },
    "new": {
      "mean": 170660.57134043053,
      "stddev": 1763.9126896594298,
      "unit": "ns"
    }
  },
  "openapi_parsing/small_spec": {
    "current": {
      "mean": 24515.6861340362,
      "stddev": 253.28841809570505,
      "unit": "ns"
    },
    "new": {
      "mean": 24515.6861340362,
      "stddev": 253.28841809570505,
      "unit": "ns"
    }
  },
  "template_rendering/arrays": {
    "current": {
      "mean": 315.88800038877935,
      "stddev": 5.457076903504949,
      "unit": "ns"
    },
    "new": {
      "mean": 315.88800038877935,
      "stddev": 5.457076903504949,
      "unit": "ns"
    }
  },
  "template_rendering/complex": {
    "current": {
      "mean": 367.6560212958826,
      "stddev": 6.0984145061027055,
      "unit": "ns"
    },
    "new": {
      "mean": 367.6560212958826,
      "stddev": 6.0984145061027055,
      "unit": "ns"
    }
  },
  "template_rendering/simple": {
    "current": {
      "mean": 1206.6883650186464,
      "stddev": 14.043537302634272,
      "unit": "ns"
    },
    "new": {
      "mean": 1206.6883650186464,
      "stddev": 14.043537302634272,
      "unit": "ns"
    }
  }
}