{
  "data_generation/generate_single_record": {
    "current": {
      "mean": 0.621613482791068,
      "stddev": 0.0016233646527851922,
      "unit": "ns"
    },
    "new": {
      "mean": 0.621613482791068,
      "stddev": 0.0016233646527851922,
      "unit": "ns"
    }
  },
  "encryption/placeholder": {
    "current": {
      "mean": 1.244412946328534,
      "stddev": 0.008558644937225716,
      "unit": "ns"
    },
    "new": {
      "mean": 1.244412946328534,
      "stddev": 0.008558644937225716,
      "unit": "ns"
    }
  },
  "json_validation/complex": {
    "current": {
      "mean": 565.6827103730028,
      "stddev": 5.800219912576237,
      "unit": "ns"
    },
    "new": {
      "mean": 565.6827103730028,
      "stddev": 5.800219912576237,
      "unit": "ns"
    }
  },
  "json_validation/simple": {
    "current": {
      "mean": 104.79562629939487,
      "stddev": 1.8701762760004605,
      "unit": "ns"
    },
    "new": {
      "mean": 104.79562629939487,
      "stddev": 1.8701762760004605,
      "unit": "ns"
    }
  },
  "memory/deep_template_rendering": {
    "current": {
      "mean": 1520.6991296322906,
      "stddev": 4.363298393628108,
      "unit": "ns"
    },
    "new": {
      "mean": 1520.6991296322906,
      "stddev": 4.363298393628108,
      "unit": "ns"
    }
  },
  "memory/large_data_validation": {
    "current": {
      "mean": 103723.67160660072,
      "stddev": 763.9026486214586,
      "unit": "ns"
    },
    "new": {
      "mean": 103723.67160660072,
      "stddev": 763.9026486214586,
      "unit": "ns"
    }
  },
  "memory/large_spec_parsing": {
    "current": {
      "mean": 6979822.969318783,
      "stddev": 18621.095437410724,
      "unit": "ns"
    },
    "new": {
      "mean": 6979822.969318783,
      "stddev": 18621.095437410724,
      "unit": "ns"
    }
  },
  "openapi_parsing/medium_spec_10_paths": {
    "current": {
      "mean": 172246.49639351398,
      "stddev": 2589.9439851726315,
      "unit": "ns"
    },
    "new": {
      "mean": 172246.49639351398,
      "stddev": 2589.9439851726315,
      "unit": "ns"
    }
  },
  "openapi_parsing/small_spec": {
    "current": {
      "mean": 24354.462511007936,
      "stddev": 207.51700914666904,
      "unit": "ns"
    },
    "new": {
      "mean": 24354.462511007936,
      "stddev": 207.51700914666904,
      "unit": "ns"
    }
  },
  "template_rendering/arrays": {
    "current": {
      "mean": 324.4667017237615,
      "stddev": 2.411610209976033,
      "unit": "ns"
    },
    "new": {
      "mean": 324.4667017237615,
      "stddev": 2.411610209976033,
      "unit": "ns"
    }
  },
  "template_rendering/complex": {
    "current": {
      "mean": 381.8944681657359,
      "stddev": 7.510576096884151,
      "unit": "ns"
    },
    "new": {
      "mean": 381.8944681657359,
      "stddev": 7.510576096884151,
      "unit": "ns"
    }
  },
  "template_rendering/simple": {
    "current": {
      "mean": 456.4655901168567,
      "stddev": 27.9572600608219,
      "unit": "ns"
    },
    "new": {
      "mean": 456.4655901168567,
      "stddev": 27.9572600608219,
      "unit": "ns"
    }
  }
}