{
  "data_generation/generate_single_record": {
    "current": {
      "mean": 779.7153916801258,
      "stddev": 7.550682568937752,
      "unit": "ns"
    },
    "new": {
      "mean": 779.7153916801258,
      "stddev": 7.550682568937752,
      "unit": "ns"
    }
  },
  "encryption/aes256_gcm": {
    "current": {
      "mean": 1106.3986130105059,
      "stddev": 10.119635720032925,
      "unit": "ns"
    },
    "new": {
      "mean": 1106.3986130105059,
      "stddev": 10.119635720032925,
      "unit": "ns"
    }
  },
  "encryption/chacha20_poly1305": {
    "current": {
      "mean": 4201.808431552679,
      "stddev": 9.362473425713244,
      "unit": "ns"
    },
    "new": {
      "mean": 4201.808431552679,
      "stddev": 9.362473425713244,
      "unit": "ns"
    }
  },
  "json_validation/complex": {
    "current": {
      "mean": 575.1297790191722,
      "stddev": 3.4504591846739054,
      "unit": "ns"
    },
    "new": {
      "mean": 575.1297790191722,
      "stddev": 3.4504591846739054,
      "unit": "ns"
    }
  },
  "json_validation/simple": {
    "current": {
      "mean": 99.76085167187277,
      "stddev": 1.410967755327648,
      "unit": "ns"
    },
    "new": {
      "mean": 99.76085167187277,
      "stddev": 1.410967755327648,
      "unit": "ns"
    }
  },
  "memory/deep_template_rendering": {
    "current": {
      "mean": 1440.2140701997316,
      "stddev": 1.417256761271712,
      "unit": "ns"
    },
    "new": {
      "mean": 1440.2140701997316,
      "stddev": 1.417256761271712,
      "unit": "ns"
    }
  },
  "memory/large_data_validation": {
    "current": {
      "mean": 104630.59850576213,
      "stddev": 367.77707046972375,
      "unit": "ns"
    },
    "new": {
      "mean": 104630.59850576213,
      "stddev": 367.77707046972375,
      "unit": "ns"
    }
  },
  "memory/large_spec_parsing": {
    "current": {
      "mean": 6851037.015310846,
      "stddev": 19288.49401676176,
      "unit": "ns"
    },
    "new": {
      "mean": 6851037.015310846,
      "stddev": 19288.49401676176,
      "unit": "ns"
    }
  },
  "openapi_parsing/medium_spec_10_paths": {
    "current": {
      "mean": 173855.88157478478,
      "stddev": 2649.3072565205007,
      "unit": "ns"
    },
    "new": {
      "mean": 173855.88157478478,
      "stddev": 2649.3072565205007,
      "unit": "ns"
    }
  },
  "openapi_parsing/small_spec": {
    "current": {
      "mean": 24092.415156209092,
      "stddev": 279.0465074903269,
      "unit": "ns"
    },
    "new": {
      "mean": 24092.415156209092,
      "stddev": 279.0465074903269,
      "unit": "ns"
    }
  },
  "template_rendering/arrays": {
    "current": {
      "mean": 313.0352035299866,
      "stddev": 5.94279327614145,
      "unit": "ns"
    },
    "new": {
      "mean": 313.0352035299866,
      "stddev": 5.94279327614145,
      "unit": "ns"
    }
  },
  "template_rendering/complex": {
    "current": {
      "mean": 365.1205448099231,
      "stddev": 3.3806399889014584,
      "unit": "ns"
    },
    "new": {
      "mean": 365.1205448099231,
      "stddev": 3.3806399889014584,
      "unit": "ns"
    }
  },
  "template_rendering/simple": {
    "current": {
      "mean": 937.3414167994364,
      "stddev": 37.274176879239654,
      "unit": "ns"
    },
    "new": {
      "mean": 937.3414167994364,
      "stddev": 37.274176879239654,
      "unit": "ns"
    }
  }
}