{
  "data_generation/generate_single_record": {
    "current": {
      "mean": 785.9535860995361,
      "stddev": 5.9567075050794145,
      "unit": "ns"
    },
    "new": {
      "mean": 785.9535860995361,
      "stddev": 5.9567075050794145,
      "unit": "ns"
    }
  },
  "encryption/aes256_gcm": {
    "current": {
      "mean": 1091.7855154155557,
      "stddev": 6.320768913122912,
      "unit": "ns"
    },
    "new": {
      "mean": 1091.7855154155557,
      "stddev": 6.320768913122912,
      "unit": "ns"
    }
  },
  "encryption/chacha20_poly1305": {
    "current": {
      "mean": 4143.770450413934,
      "stddev": 13.667819923835056,
      "unit": "ns"
    },
    "new": {
      "mean": 4143.770450413934,
      "stddev": 13.667819923835056,
      "unit": "ns"
    }
  },
  "json_validation/complex": {
    "current": {
      "mean": 589.9263124906915,
      "stddev": 18.96698686967627,
      "unit": "ns"
    },
    "new": {
      "mean": 589.9263124906915,
      "stddev": 18.96698686967627,
      "unit": "ns"
    }
  },
  "json_validation/simple": {
    "current": {
      "mean": 98.87251103630258,
      "stddev": 0.818896676456726,
      "unit": "ns"
    },
    "new": {
      "mean": 98.87251103630258,
      "stddev": 0.818896676456726,
      "unit": "ns"
    }
  },
  "memory/deep_template_rendering": {
    "current": {
      "mean": 1482.4589407522099,
      "stddev": 5.324984206341255,
      "unit": "ns"
    },
    "new": {
      "mean": 1482.4589407522099,
      "stddev": 5.324984206341255,
      "unit": "ns"
    }
  },
  "memory/large_data_validation": {
    "current": {
      "mean": 106429.21575946445,
      "stddev": 433.0853655673955,
      "unit": "ns"
    },
    "new": {
      "mean": 106429.21575946445,
      "stddev": 433.0853655673955,
      "unit": "ns"
    }
  },
  "memory/large_spec_parsing": {
    "current": {
      "mean": 7016451.269808201,
      "stddev": 27912.913619811534,
      "unit": "ns"
    },
    "new": {
      "mean": 7016451.269808201,
      "stddev": 27912.913619811534,
      "unit": "ns"
    }
  },
  "openapi_parsing/medium_spec_10_paths": {
    "current": {
      "mean": 171124.7349915482,
      "stddev": 3568.486589050484,
      "unit": "ns"
    },
    "new": {
      "mean": 171124.7349915482,
      "stddev": 3568.486589050484,
      "unit": "ns"
    }
  },
  "openapi_parsing/small_spec": {
    "current": {
      "mean": 24169.395512591054,
      "stddev": 265.99341104263624,
      "unit": "ns"
    },
    "new": {
      "mean": 24169.395512591054,
      "stddev": 265.99341104263624,
      "unit": "ns"
    }
  },
  "template_rendering/arrays": {
    "current": {
      "mean": 317.006744520518,
      "stddev": 9.93270367779973,
      "unit": "ns"
    },
    "new": {
      "mean": 317.006744520518,
      "stddev": 9.93270367779973,
      "unit": "ns"
    }
  },
  "template_rendering/complex": {
    "current": {
      "mean": 389.83290497922104,
      "stddev": 7.673251183771871,
      "unit": "ns"
    },
    "new": {
      "mean": 389.83290497922104,
      "stddev": 7.673251183771871,
      "unit": "ns"
    }
  },
  "template_rendering/simple": {
    "current": {
      "mean": 1221.8909271779858,
      "stddev": 11.984400751421914,
      "unit": "ns"
    },
    "new": {
      "mean": 1221.8909271779858,
      "stddev": 11.984400751421914,
      "unit": "ns"
    }
  }
}