{
  "data_generation/generate_single_record": {
    "current": {
      "mean": 766.86420613662,
      "stddev": 17.253791569275023,
      "unit": "ns"
    },
    "new": {
      "mean": 766.86420613662,
      "stddev": 17.253791569275023,
      "unit": "ns"
    }
  },
  "encryption/aes256_gcm": {
    "current": {
      "mean": 913.3979303628723,
      "stddev": 13.81226474828986,
      "unit": "ns"
    },
    "new": {
      "mean": 913.3979303628723,
      "stddev": 13.81226474828986,
      "unit": "ns"
    }
  },
  "encryption/chacha20_poly1305": {
    "current": {
      "mean": 3534.863568695144,
      "stddev": 22.130611133740157,
      "unit": "ns"
    },
    "new": {
      "mean": 3534.863568695144,
      "stddev": 22.130611133740157,
      "unit": "ns"
    }
  },
  "json_validation/complex": {
    "current": {
      "mean": 648.3000698210252,
      "stddev": 6.164551229283451,
      "unit": "ns"
    },
    "new": {
      "mean": 648.3000698210252,
      "stddev": 6.164551229283451,
      "unit": "ns"
    }
  },
  "json_validation/simple": {
    "current": {
      "mean": 89.49184815146411,
      "stddev": 0.6435944616132557,
      "unit": "ns"
    },
    "new": {
      "mean": 89.49184815146411,
      "stddev": 0.6435944616132557,
      "unit": "ns"
    }
  },
  "memory/deep_template_rendering": {
    "current": {
      "mean": 1496.0190092258854,
      "stddev": 10.714666473682739,
      "unit": "ns"
    },
    "new": {
      "mean": 1496.0190092258854,
      "stddev": 10.714666473682739,
      "unit": "ns"
    }
  },
  "memory/large_data_validation": {
    "current": {
      "mean": 102844.96500449444,
      "stddev": 901.2025681878473,
      "unit": "ns"
    },
    "new": {
      "mean": 102844.96500449444,
      "stddev": 901.2025681878473,
      "unit": "ns"
    }
  },
  "memory/large_spec_parsing": {
    "current": {
      "mean": 7239911.143167387,
      "stddev": 58524.27282628354,
      "unit": "ns"
    },
    "new": {
      "mean": 7239911.143167387,
      "stddev": 58524.27282628354,
      "unit": "ns"
    }
  },
  "openapi_parsing/medium_spec_10_paths": {
    "current": {
      "mean": 164400.02428173673,
      "stddev": 1215.8190198393147,
      "unit": "ns"
    },
    "new": {
      "mean": 164400.02428173673,
      "stddev": 1215.8190198393147,
      "unit": "ns"
    }
  },
  "openapi_parsing/small_spec": {
    "current": {
      "mean": 23476.98909808073,
      "stddev": 417.8240655645322,
      "unit": "ns"
    },
    "new": {
      "mean": 23476.98909808073,
      "stddev": 417.8240655645322,
      "unit": "ns"
    }
  },
  "template_rendering/arrays": {
    "current": {
      "mean": 319.5237309729007,
      "stddev": 10.758180944609219,
      "unit": "ns"
    },
    "new": {
      "mean": 319.5237309729007,
      "stddev": 10.758180944609219,
      "unit": "ns"
    }
  },
  "template_rendering/complex": {
    "current": {
      "mean": 358.61236225669194,
      "stddev": 23.780514218393563,
      "unit": "ns"
    },
    "new": {
      "mean": 358.61236225669194,
      "stddev": 23.780514218393563,
      "unit": "ns"
    }
  },
  "template_rendering/simple": {
    "current": {
      "mean": 722.5172423097829,
      "stddev": 32.89455107215621,
      "unit": "ns"
    },
    "new": {
      "mean": 722.5172423097829,
      "stddev": 32.89455107215621,
      "unit": "ns"
    }
  }
}