{
  "data_generation/generate_single_record": {
    "current": {
      "mean": 764.2503801925441,
      "stddev": 16.276224057016723,
      "unit": "ns"
    },
    "new": {
      "mean": 764.2503801925441,
      "stddev": 16.276224057016723,
      "unit": "ns"
    }
  },
  "encryption/aes256_gcm": {
    "current": {
      "mean": 1106.5348353870045,
      "stddev": 11.143236164930336,
      "unit": "ns"
    },
    "new": {
      "mean": 1106.5348353870045,
      "stddev": 11.143236164930336,
      "unit": "ns"
    }
  },
  "encryption/chacha20_poly1305": {
    "current": {
      "mean": 4188.540752304451,
      "stddev": 21.922766908079666,
      "unit": "ns"
    },
    "new": {
      "mean": 4188.540752304451,
      "stddev": 21.922766908079666,
      "unit": "ns"
    }
  },
  "json_validation/complex": {
    "current": {
      "mean": 582.721530487129,
      "stddev": 20.14705433316629,
      "unit": "ns"
    },
    "new": {
      "mean": 582.721530487129,
      "stddev": 20.14705433316629,
      "unit": "ns"
    }
  },
  "json_validation/simple": {
    "current": {
      "mean": 99.7369922485693,
      "stddev": 1.5820453355863109,
      "unit": "ns"
    },
    "new": {
      "mean": 99.7369922485693,
      "stddev": 1.5820453355863109,
      "unit": "ns"
    }
  },
  "memory/deep_template_rendering": {
    "current": {
      "mean": 1428.2198799179262,
      "stddev": 2.5050700845172598,
      "unit": "ns"
    },
    "new": {
      "mean": 1428.2198799179262,
      "stddev": 2.5050700845172598,
      "unit": "ns"
    }
  },
  "memory/large_data_validation": {
    "current": {
      "mean": 105759.7695367091,
      "stddev": 318.56631413292695,
      "unit": "ns"
    },
    "new": {
      "mean": 105759.7695367091,
      "stddev": 318.56631413292695,
      "unit": "ns"
    }
  },
  "memory/large_spec_parsing": {
    "current": {
      "mean": 7987985.63413889,
      "stddev": 51034.556273266106,
      "unit": "ns"
    },
    "new": {
      "mean": 7987985.63413889,
      "stddev": 51034.556273266106,
      "unit": "ns"
    }
  },
  "openapi_parsing/medium_spec_10_paths": {
    "current": {
      "mean": 174816.55549226387,
      "stddev": 3127.2261117879884,
      "unit": "ns"
    },
    "new": {
      "mean": 174816.55549226387,
      "stddev": 3127.2261117879884,
      "unit": "ns"
    }
  },
  "openapi_parsing/small_spec": {
    "current": {
      "mean": 24056.827957860627,
      "stddev": 316.6734010112265,
      "unit": "ns"
    },
    "new": {
      "mean": 24056.827957860627,
      "stddev": 316.6734010112265,
      "unit": "ns"
    }
  },
  "template_rendering/arrays": {
    "current": {
      "mean": 312.45423967359244,
      "stddev": 6.141626042958039,
      "unit": "ns"
    },
    "new": {
      "mean": 312.45423967359244,
      "stddev": 6.141626042958039,
      "unit": "ns"
    }
  },
  "template_rendering/complex": {
    "current": {
      "mean": 365.58808441816603,
      "stddev": 3.689169620762123,
      "unit": "ns"
    },
    "new": {
      "mean": 365.58808441816603,
      "stddev": 3.689169620762123,
      "unit": "ns"
    }
  },
  "template_rendering/simple": {
    "current": {
      "mean": 941.6537296298967,
      "stddev": 15.0607182945897,
      "unit": "ns"
    },
    "new": {
      "mean": 941.6537296298967,
      "stddev": 15.0607182945897,
      "unit": "ns"
    }
  }
}