{
  "data_generation/generate_single_record": {
    "current": {
      "mean": 798.338693946283,
      "stddev": 14.47343505962927,
      "unit": "ns"
    },
    "new": {
      "mean": 798.338693946283,
      "stddev": 14.47343505962927,
      "unit": "ns"
    }
  },
  "encryption/aes256_gcm": {
    "current": {
      "mean": 1113.3383325325253,
      "stddev": 36.08556549620858,
      "unit": "ns"
    },
    "new": {
      "mean": 1113.3383325325253,
      "stddev": 36.08556549620858,
      "unit": "ns"
    }
  },
  "encryption/chacha20_poly1305": {
    "current": {
      "mean": 4152.716923020823,
      "stddev": 127.19643007188017,
      "unit": "ns"
    },
    "new": {
      "mean": 4152.716923020823,
      "stddev": 127.19643007188017,
      "unit": "ns"
    }
  },
  "json_validation/complex": {
    "current": {
      "mean": 601.7211479094881,
      "stddev": 10.87334851909125,
      "unit": "ns"
    },
    "new": {
      "mean": 601.7211479094881,
      "stddev": 10.87334851909125,
      "unit": "ns"
    }
  },
  "json_validation/simple": {
    "current": {
      "mean": 111.14925028019842,
      "stddev": 3.045746658634648,
      "unit": "ns"
    },
    "new": {
      "mean": 111.14925028019842,
      "stddev": 3.045746658634648,
      "unit": "ns"
    }
  },
  "memory/deep_template_rendering": {
    "current": {
      "mean": 1429.6739713756988,
      "stddev": 1.292476508323043,
      "unit": "ns"
    },
    "new": {
      "mean": 1429.6739713756988,
      "stddev": 1.292476508323043,
      "unit": "ns"
    }
  },
  "memory/large_data_validation": {
    "current": {
      "mean": 107785.23411002483,
      "stddev": 1434.4869449936205,
      "unit": "ns"
    },
    "new": {
      "mean": 107785.23411002483,
      "stddev": 1434.4869449936205,
      "unit": "ns"
    }
  },
  "memory/large_spec_parsing": {
    "current": {
      "mean": 7078879.673098845,
      "stddev": 119606.4024960158,
      "unit": "ns"
    },
    "new": {
      "mean": 7078879.673098845,
      "stddev": 119606.4024960158,
      "unit": "ns"
    }
  },
  "openapi_parsing/medium_spec_10_paths": {
    "current": {
      "mean": 171728.6572156245,
      "stddev": 2406.6899688018707,
      "unit": "ns"
    },
    "new": {
      "mean": 171728.6572156245,
      "stddev": 2406.6899688018707,
      "unit": "ns"
    }
  },
  "openapi_parsing/small_spec": {
    "current": {
      "mean": 24312.28136796033,
      "stddev": 496.76047798100353,
      "unit": "ns"
    },
    "new": {
      "mean": 24312.28136796033,
      "stddev": 496.76047798100353,
      "unit": "ns"
    }
  },
  "template_rendering/arrays": {
    "current": {
      "mean": 323.5643448627925,
      "stddev": 19.18801167179188,
      "unit": "ns"
    },
    "new": {
      "mean": 323.5643448627925,
      "stddev": 19.18801167179188,
      "unit": "ns"
    }
  },
  "template_rendering/complex": {
    "current": {
      "mean": 365.9624531458425,
      "stddev": 8.069334679056512,
      "unit": "ns"
    },
    "new": {
      "mean": 365.9624531458425,
      "stddev": 8.069334679056512,
      "unit": "ns"
    }
  },
  "template_rendering/simple": {
    "current": {
      "mean": 1227.3534208167073,
      "stddev": 75.31248550310718,
      "unit": "ns"
    },
    "new": {
      "mean": 1227.3534208167073,
      "stddev": 75.31248550310718,
      "unit": "ns"
    }
  }
}