{
  "data_generation/generate_single_record": {
    "current": {
      "mean": 764.157574384331,
      "stddev": 5.0413144549494895,
      "unit": "ns"
    },
    "new": {
      "mean": 764.157574384331,
      "stddev": 5.0413144549494895,
      "unit": "ns"
    }
  },
  "encryption/aes256_gcm": {
    "current": {
      "mean": 1088.120082673875,
      "stddev": 15.535904916610143,
      "unit": "ns"
    },
    "new": {
      "mean": 1088.120082673875,
      "stddev": 15.535904916610143,
      "unit": "ns"
    }
  },
  "encryption/chacha20_poly1305": {
    "current": {
      "mean": 4204.2141452761225,
      "stddev": 13.485066967006247,
      "unit": "ns"
    },
    "new": {
      "mean": 4204.2141452761225,
      "stddev": 13.485066967006247,
      "unit": "ns"
    }
  },
  "json_validation/complex": {
    "current": {
      "mean": 579.9900364903312,
      "stddev": 7.679368869419062,
      "unit": "ns"
    },
    "new": {
      "mean": 579.9900364903312,
      "stddev": 7.679368869419062,
      "unit": "ns"
    }
  },
  "json_validation/simple": {
    "current": {
      "mean": 100.0634957314012,
      "stddev": 0.5632306468807531,
      "unit": "ns"
    },
    "new": {
      "mean": 100.0634957314012,
      "stddev": 0.5632306468807531,
      "unit": "ns"
    }
  },
  "memory/deep_template_rendering": {
    "current": {
      "mean": 1522.0936288936596,
      "stddev": 0.9675023162679267,
      "unit": "ns"
    },
    "new": {
      "mean": 1522.0936288936596,
      "stddev": 0.9675023162679267,
      "unit": "ns"
    }
  },
  "memory/large_data_validation": {
    "current": {
      "mean": 104020.29144452956,
      "stddev": 148.17769582482524,
      "unit": "ns"
    },
    "new": {
      "mean": 104020.29144452956,
      "stddev": 148.17769582482524,
      "unit": "ns"
    }
  },
  "memory/large_spec_parsing": {
    "current": {
      "mean": 6828791.78448082,
      "stddev": 32515.87351410618,
      "unit": "ns"
    },
    "new": {
      "mean": 6828791.78448082,
      "stddev": 32515.87351410618,
      "unit": "ns"
    }
  },
  "openapi_parsing/medium_spec_10_paths": {
    "current": {
      "mean": 171541.63663084796,
      "stddev": 1912.0661590989985,
      "unit": "ns"
    },
    "new": {
      "mean": 171541.63663084796,
      "stddev": 1912.0661590989985,
      "unit": "ns"
    }
  },
  "openapi_parsing/small_spec": {
    "current": {
      "mean": 23870.30196280931,
      "stddev": 256.7488114947666,
      "unit": "ns"
    },
    "new": {
      "mean": 23870.30196280931,
      "stddev": 256.7488114947666,
      "unit": "ns"
    }
  },
  "template_rendering/arrays": {
    "current": {
      "mean": 322.3200793969661,
      "stddev": 7.416103022152316,
      "unit": "ns"
    },
    "new": {
      "mean": 322.3200793969661,
      "stddev": 7.416103022152316,
      "unit": "ns"
    }
  },
  "template_rendering/complex": {
    "current": {
      "mean": 392.7767416133787,
      "stddev": 2.2952899011336965,
      "unit": "ns"
    },
    "new": {
      "mean": 392.7767416133787,
      "stddev": 2.2952899011336965,
      "unit": "ns"
    }
  },
  "template_rendering/simple": {
    "current": {
      "mean": 906.1340464413968,
      "stddev": 7.337308761844177,
      "unit": "ns"
    },
    "new": {
      "mean": 906.1340464413968,
      "stddev": 7.337308761844177,
      "unit": "ns"
    }
  }
}