{
  "data_generation/generate_single_record": {
    "current": {
      "mean": 757.3155320048901,
      "stddev": 12.865109136644824,
      "unit": "ns"
    },
    "new": {
      "mean": 757.3155320048901,
      "stddev": 12.865109136644824,
      "unit": "ns"
    }
  },
  "encryption/aes256_gcm": {
    "current": {
      "mean": 1105.9182489141285,
      "stddev": 16.363162747877986,
      "unit": "ns"
    },
    "new": {
      "mean": 1105.9182489141285,
      "stddev": 16.363162747877986,
      "unit": "ns"
    }
  },
  "encryption/chacha20_poly1305": {
    "current": {
      "mean": 4158.7811640139835,
      "stddev": 35.32139550583495,
      "unit": "ns"
    },
    "new": {
      "mean": 4158.7811640139835,
      "stddev": 35.32139550583495,
      "unit": "ns"
    }
  },
  "json_validation/complex": {
    "current": {
      "mean": 585.8797045846372,
      "stddev": 8.035170276171423,
      "unit": "ns"
    },
    "new": {
      "mean": 585.8797045846372,
      "stddev": 8.035170276171423,
      "unit": "ns"
    }
  },
  "json_validation/simple": {
    "current": {
      "mean": 101.90647650999504,
      "stddev": 3.4318989204496697,
      "unit": "ns"
    },
    "new": {
      "mean": 101.90647650999504,
      "stddev": 3.4318989204496697,
      "unit": "ns"
    }
  },
  "memory/deep_template_rendering": {
    "current": {
      "mean": 1552.1271756191145,
      "stddev": 3.907771210689701,
      "unit": "ns"
    },
    "new": {
      "mean": 1552.1271756191145,
      "stddev": 3.907771210689701,
      "unit": "ns"
    }
  },
  "memory/large_data_validation": {
    "current": {
      "mean": 106946.9859007498,
      "stddev": 285.9408583937017,
      "unit": "ns"
    },
    "new": {
      "mean": 106946.9859007498,
      "stddev": 285.9408583937017,
      "unit": "ns"
    }
  },
  "memory/large_spec_parsing": {
    "current": {
      "mean": 6962694.732460318,
      "stddev": 41849.19477329337,
      "unit": "ns"
    },
    "new": {
      "mean": 6962694.732460318,
      "stddev": 41849.19477329337,
      "unit": "ns"
    }
  },
  "openapi_parsing/medium_spec_10_paths": {
    "current": {
      "mean": 172244.3203510422,
      "stddev": 3446.791307803639,
      "unit": "ns"
    },
    "new": {
      "mean": 172244.3203510422,
      "stddev": 3446.791307803639,
      "unit": "ns"
    }
  },
  "openapi_parsing/small_spec": {
    "current": {
      "mean": 24393.440105047477,
      "stddev": 422.31173348341616,
      "unit": "ns"
    },
    "new": {
      "mean": 24393.440105047477,
      "stddev": 422.31173348341616,
      "unit": "ns"
    }
  },
  "template_rendering/arrays": {
    "current": {
      "mean": 319.9775662867388,
      "stddev": 11.109763812765218,
      "unit": "ns"
    },
    "new": {
      "mean": 319.9775662867388,
      "stddev": 11.109763812765218,
      "unit": "ns"
    }
  },
  "template_rendering/complex": {
    "current": {
      "mean": 380.0138220669261,
      "stddev": 6.698438898559232,
      "unit": "ns"
    },
    "new": {
      "mean": 380.0138220669261,
      "stddev": 6.698438898559232,
      "unit": "ns"
    }
  },
  "template_rendering/simple": {
    "current": {
      "mean": 905.0873968991427,
      "stddev": 9.525752239161953,
      "unit": "ns"
    },
    "new": {
      "mean": 905.0873968991427,
      "stddev": 9.525752239161953,
      "unit": "ns"
    }
  }
}