{
  "data_generation/generate_single_record": {
    "current": {
      "mean": 758.8372485267697,
      "stddev": 11.226141279692767,
      "unit": "ns"
    },
    "new": {
      "mean": 758.8372485267697,
      "stddev": 11.226141279692767,
      "unit": "ns"
    }
  },
  "encryption/aes256_gcm": {
    "current": {
      "mean": 1086.0202010144237,
      "stddev": 3.5720076111686216,
      "unit": "ns"
    },
    "new": {
      "mean": 1086.0202010144237,
      "stddev": 3.5720076111686216,
      "unit": "ns"
    }
  },
  "encryption/chacha20_poly1305": {
    "current": {
      "mean": 4161.984064469519,
      "stddev": 11.14178646003025,
      "unit": "ns"
    },
    "new": {
      "mean": 4161.984064469519,
      "stddev": 11.14178646003025,
      "unit": "ns"
    }
  },
  "json_validation/complex": {
    "current": {
      "mean": 574.9390188355235,
      "stddev": 3.9290389093313345,
      "unit": "ns"
    },
    "new": {
      "mean": 574.9390188355235,
      "stddev": 3.9290389093313345,
      "unit": "ns"
    }
  },
  "json_validation/simple": {
    "current": {
      "mean": 108.11754544417973,
      "stddev": 1.032556686985145,
      "unit": "ns"
    },
    "new": {
      "mean": 108.11754544417973,
      "stddev": 1.032556686985145,
      "unit": "ns"
    }
  },
  "memory/deep_template_rendering": {
    "current": {
      "mean": 1485.6182700123738,
      "stddev": 2.421452308251594,
      "unit": "ns"
    },
    "new": {
      "mean": 1485.6182700123738,
      "stddev": 2.421452308251594,
      "unit": "ns"
    }
  },
  "memory/large_data_validation": {
    "current": {
      "mean": 104801.5398807396,
      "stddev": 242.87320345206555,
      "unit": "ns"
    },
    "new": {
      "mean": 104801.5398807396,
      "stddev": 242.87320345206555,
      "unit": "ns"
    }
  },
  "memory/large_spec_parsing": {
    "current": {
      "mean": 6886149.274064153,
      "stddev": 19278.698233135976,
      "unit": "ns"
    },
    "new": {
      "mean": 6886149.274064153,
      "stddev": 19278.698233135976,
      "unit": "ns"
    }
  },
  "openapi_parsing/medium_spec_10_paths": {
    "current": {
      "mean": 170356.31571810573,
      "stddev": 3015.4136487194264,
      "unit": "ns"
    },
    "new": {
      "mean": 170356.31571810573,
      "stddev": 3015.4136487194264,
      "unit": "ns"
    }
  },
  "openapi_parsing/small_spec": {
    "current": {
      "mean": 24286.49259551811,
      "stddev": 369.7160222858379,
      "unit": "ns"
    },
    "new": {
      "mean": 24286.49259551811,
      "stddev": 369.7160222858379,
      "unit": "ns"
    }
  },
  "template_rendering/arrays": {
    "current": {
      "mean": 322.1085726481357,
      "stddev": 2.259133110225138,
      "unit": "ns"
    },
    "new": {
      "mean": 322.1085726481357,
      "stddev": 2.259133110225138,
      "unit": "ns"
    }
  },
  "template_rendering/complex": {
    "current": {
      "mean": 378.44862537245143,
      "stddev": 5.812196797998053,
      "unit": "ns"
    },
    "new": {
      "mean": 378.44862537245143,
      "stddev": 5.812196797998053,
      "unit": "ns"
    }
  },
  "template_rendering/simple": {
    "current": {
      "mean": 914.728098640299,
      "stddev": 12.623961564501396,
      "unit": "ns"
    },
    "new": {
      "mean": 914.728098640299,
      "stddev": 12.623961564501396,
      "unit": "ns"
    }
  }
}