{
  "data_generation/generate_single_record": {
    "current": {
      "mean": 803.4693652742878,
      "stddev": 9.93835900260392,
      "unit": "ns"
    },
    "new": {
      "mean": 803.4693652742878,
      "stddev": 9.93835900260392,
      "unit": "ns"
    }
  },
  "encryption/aes256_gcm": {
    "current": {
      "mean": 1111.064384159732,
      "stddev": 4.960849853338638,
      "unit": "ns"
    },
    "new": {
      "mean": 1111.064384159732,
      "stddev": 4.960849853338638,
      "unit": "ns"
    }
  },
  "encryption/chacha20_poly1305": {
    "current": {
      "mean": 4660.328959221882,
      "stddev": 17.14818218429013,
      "unit": "ns"
    },
    "new": {
      "mean": 4660.328959221882,
      "stddev": 17.14818218429013,
      "unit": "ns"
    }
  },
  "json_validation/complex": {
    "current": {
      "mean": 579.2602451579875,
      "stddev": 13.759877825494117,
      "unit": "ns"
    },
    "new": {
      "mean": 579.2602451579875,
      "stddev": 13.759877825494117,
      "unit": "ns"
    }
  },
  "json_validation/simple": {
    "current": {
      "mean": 110.23587423880787,
      "stddev": 1.198602488648095,
      "unit": "ns"
    },
    "new": {
      "mean": 110.23587423880787,
      "stddev": 1.198602488648095,
      "unit": "ns"
    }
  },
  "memory/deep_template_rendering": {
    "current": {
      "mean": 1407.1668140467884,
      "stddev": 3.5256641385741614,
      "unit": "ns"
    },
    "new": {
      "mean": 1407.1668140467884,
      "stddev": 3.5256641385741614,
      "unit": "ns"
    }
  },
  "memory/large_data_validation": {
    "current": {
      "mean": 103679.81601642417,
      "stddev": 180.90282010285938,
      "unit": "ns"
    },
    "new": {
      "mean": 103679.81601642417,
      "stddev": 180.90282010285938,
      "unit": "ns"
    }
  },
  "memory/large_spec_parsing": {
    "current": {
      "mean": 7289097.123878066,
      "stddev": 16105.211819873573,
      "unit": "ns"
    },
    "new": {
      "mean": 7289097.123878066,
      "stddev": 16105.211819873573,
      "unit": "ns"
    }
  },
  "openapi_parsing/medium_spec_10_paths": {
    "current": {
      "mean": 170378.12888893203,
      "stddev": 1741.614356804641,
      "unit": "ns"
    },
    "new": {
      "mean": 170378.12888893203,
      "stddev": 1741.614356804641,
      "unit": "ns"
    }
  },
  "openapi_parsing/small_spec": {
    "current": {
      "mean": 24016.50035310946,
      "stddev": 364.97609278281817,
      "unit": "ns"
    },
    "new": {
      "mean": 24016.50035310946,
      "stddev": 364.97609278281817,
      "unit": "ns"
    }
  },
  "template_rendering/arrays": {
    "current": {
      "mean": 306.64742465978,
      "stddev": 3.976643592700236,
      "unit": "ns"
    },
    "new": {
      "mean": 306.64742465978,
      "stddev": 3.976643592700236,
      "unit": "ns"
    }
  },
  "template_rendering/complex": {
    "current": {
      "mean": 372.2771975864904,
      "stddev": 5.013676973227839,
      "unit": "ns"
    },
    "new": {
      "mean": 372.2771975864904,
      "stddev": 5.013676973227839,
      "unit": "ns"
    }
  },
  "template_rendering/simple": {
    "current": {
      "mean": 993.5463208846876,
      "stddev": 24.039206440885163,
      "unit": "ns"
    },
    "new": {
      "mean": 993.5463208846876,
      "stddev": 24.039206440885163,
      "unit": "ns"
    }
  }
}