{
  "data_generation/generate_single_record": {
    "current": {
      "mean": 768.1422088371671,
      "stddev": 6.136588390427384,
      "unit": "ns"
    },
    "new": {
      "mean": 768.1422088371671,
      "stddev": 6.136588390427384,
      "unit": "ns"
    }
  },
  "encryption/aes256_gcm": {
    "current": {
      "mean": 1096.6954929036397,
      "stddev": 7.261105719201227,
      "unit": "ns"
    },
    "new": {
      "mean": 1096.6954929036397,
      "stddev": 7.261105719201227,
      "unit": "ns"
    }
  },
  "encryption/chacha20_poly1305": {
    "current": {
      "mean": 4129.702279422679,
      "stddev": 26.522195196062366,
      "unit": "ns"
    },
    "new": {
      "mean": 4129.702279422679,
      "stddev": 26.522195196062366,
      "unit": "ns"
    }
  },
  "json_validation/complex": {
    "current": {
      "mean": 570.7549080154757,
      "stddev": 6.237777643230793,
      "unit": "ns"
    },
    "new": {
      "mean": 570.7549080154757,
      "stddev": 6.237777643230793,
      "unit": "ns"
    }
  },
  "json_validation/simple": {
    "current": {
      "mean": 98.68242854420475,
      "stddev": 1.3448236434475687,
      "unit": "ns"
    },
    "new": {
      "mean": 98.68242854420475,
      "stddev": 1.3448236434475687,
      "unit": "ns"
    }
  },
  "memory/deep_template_rendering": {
    "current": {
      "mean": 1428.3920921858407,
      "stddev": 0.8393339940133602,
      "unit": "ns"
    },
    "new": {
      "mean": 1428.3920921858407,
      "stddev": 0.8393339940133602,
      "unit": "ns"
    }
  },
  "memory/large_data_validation": {
    "current": {
      "mean": 106010.98635986898,
      "stddev": 483.5725184846383,
      "unit": "ns"
    },
    "new": {
      "mean": 106010.98635986898,
      "stddev": 483.5725184846383,
      "unit": "ns"
    }
  },
  "memory/large_spec_parsing": {
    "current": {
      "mean": 7109094.203740981,
      "stddev": 163989.86090524518,
      "unit": "ns"
    },
    "new": {
      "mean": 7109094.203740981,
      "stddev": 163989.86090524518,
      "unit": "ns"
    }
  },
  "openapi_parsing/medium_spec_10_paths": {
    "current": {
      "mean": 165279.2775732088,
      "stddev": 3940.7013159019966,
      "unit": "ns"
    },
    "new": {
      "mean": 165279.2775732088,
      "stddev": 3940.7013159019966,
      "unit": "ns"
    }
  },
  "openapi_parsing/small_spec": {
    "current": {
      "mean": 24030.670101929245,
      "stddev": 499.7476684790891,
      "unit": "ns"
    },
    "new": {
      "mean": 24030.670101929245,
      "stddev": 499.7476684790891,
      "unit": "ns"
    }
  },
  "template_rendering/arrays": {
    "current": {
      "mean": 311.19909301336577,
      "stddev": 5.167461552302529,
      "unit": "ns"
    },
    "new": {
      "mean": 311.19909301336577,
      "stddev": 5.167461552302529,
      "unit": "ns"
    }
  },
  "template_rendering/complex": {
    "current": {
      "mean": 406.6449764733142,
      "stddev": 2.8332231647811885,
      "unit": "ns"
    },
    "new": {
      "mean": 406.6449764733142,
      "stddev": 2.8332231647811885,
      "unit": "ns"
    }
  },
  "template_rendering/simple": {
    "current": {
      "mean": 933.9708890169718,
      "stddev": 49.05231106392365,
      "unit": "ns"
    },
    "new": {
      "mean": 933.9708890169718,
      "stddev": 49.05231106392365,
      "unit": "ns"
    }
  }
}