{
  "data_generation/generate_single_record": {
    "current": {
      "mean": 765.7297749176282,
      "stddev": 4.286383779933889,
      "unit": "ns"
    },
    "new": {
      "mean": 765.7297749176282,
      "stddev": 4.286383779933889,
      "unit": "ns"
    }
  },
  "encryption/aes256_gcm": {
    "current": {
      "mean": 1096.2875924725643,
      "stddev": 11.077270330416814,
      "unit": "ns"
    },
    "new": {
      "mean": 1096.2875924725643,
      "stddev": 11.077270330416814,
      "unit": "ns"
    }
  },
  "encryption/chacha20_poly1305": {
    "current": {
      "mean": 4159.694690655312,
      "stddev": 13.819683746988199,
      "unit": "ns"
    },
    "new": {
      "mean": 4159.694690655312,
      "stddev": 13.819683746988199,
      "unit": "ns"
    }
  },
  "json_validation/complex": {
    "current": {
      "mean": 585.2325336297185,
      "stddev": 8.31236439754258,
      "unit": "ns"
    },
    "new": {
      "mean": 585.2325336297185,
      "stddev": 8.31236439754258,
      "unit": "ns"
    }
  },
  "json_validation/simple": {
    "current": {
      "mean": 105.59619979149538,
      "stddev": 1.7101137844481635,
      "unit": "ns"
    },
    "new": {
      "mean": 105.59619979149538,
      "stddev": 1.7101137844481635,
      "unit": "ns"
    }
  },
  "memory/deep_template_rendering": {
    "current": {
      "mean": 1474.272688208922,
      "stddev": 7.706294967807693,
      "unit": "ns"
    },
    "new": {
      "mean": 1474.272688208922,
      "stddev": 7.706294967807693,
      "unit": "ns"
    }
  },
  "memory/large_data_validation": {
    "current": {
      "mean": 105195.33566374154,
      "stddev": 146.16477415354757,
      "unit": "ns"
    },
    "new": {
      "mean": 105195.33566374154,
      "stddev": 146.16477415354757,
      "unit": "ns"
    }
  },
  "memory/large_spec_parsing": {
    "current": {
      "mean": 7097968.493065476,
      "stddev": 140517.5236690482,
      "unit": "ns"
    },
    "new": {
      "mean": 7097968.493065476,
      "stddev": 140517.5236690482,
      "unit": "ns"
    }
  },
  "openapi_parsing/medium_spec_10_paths": {
    "current": {
      "mean": 169991.0622842183,
      "stddev": 1766.5793330136264,
      "unit": "ns"
    },
    "new": {
      "mean": 169991.0622842183,
      "stddev": 1766.5793330136264,
      "unit": "ns"
    }
  },
  "openapi_parsing/small_spec": {
    "current": {
      "mean": 23813.254992577757,
      "stddev": 414.1815845513589,
      "unit": "ns"
    },
    "new": {
      "mean": 23813.254992577757,
      "stddev": 414.1815845513589,
      "unit": "ns"
    }
  },
  "template_rendering/arrays": {
    "current": {
      "mean": 319.8007917829459,
      "stddev": 10.718077949762714,
      "unit": "ns"
    },
    "new": {
      "mean": 319.8007917829459,
      "stddev": 10.718077949762714,
      "unit": "ns"
    }
  },
  "template_rendering/complex": {
    "current": {
      "mean": 378.049624464479,
      "stddev": 7.1813197003800555,
      "unit": "ns"
    },
    "new": {
      "mean": 378.049624464479,
      "stddev": 7.1813197003800555,
      "unit": "ns"
    }
  },
  "template_rendering/simple": {
    "current": {
      "mean": 927.1111141172046,
      "stddev": 16.587101579168138,
      "unit": "ns"
    },
    "new": {
      "mean": 927.1111141172046,
      "stddev": 16.587101579168138,
      "unit": "ns"
    }
  }
}