{
  "data_generation/generate_single_record": {
    "current": {
      "mean": 762.978451256125,
      "stddev": 8.413827523395195,
      "unit": "ns"
    },
    "new": {
      "mean": 762.978451256125,
      "stddev": 8.413827523395195,
      "unit": "ns"
    }
  },
  "encryption/aes256_gcm": {
    "current": {
      "mean": 1095.0809712648786,
      "stddev": 43.46812740991937,
      "unit": "ns"
    },
    "new": {
      "mean": 1095.0809712648786,
      "stddev": 43.46812740991937,
      "unit": "ns"
    }
  },
  "encryption/chacha20_poly1305": {
    "current": {
      "mean": 4142.880384946977,
      "stddev": 9.344382210939612,
      "unit": "ns"
    },
    "new": {
      "mean": 4142.880384946977,
      "stddev": 9.344382210939612,
      "unit": "ns"
    }
  },
  "json_validation/complex": {
    "current": {
      "mean": 580.0729344295864,
      "stddev": 12.291186459954016,
      "unit": "ns"
    },
    "new": {
      "mean": 580.0729344295864,
      "stddev": 12.291186459954016,
      "unit": "ns"
    }
  },
  "json_validation/simple": {
    "current": {
      "mean": 128.14404739258268,
      "stddev": 3.5350693993416304,
      "unit": "ns"
    },
    "new": {
      "mean": 128.14404739258268,
      "stddev": 3.5350693993416304,
      "unit": "ns"
    }
  },
  "memory/deep_template_rendering": {
    "current": {
      "mean": 1476.3194528847393,
      "stddev": 2.174903370023558,
      "unit": "ns"
    },
    "new": {
      "mean": 1476.3194528847393,
      "stddev": 2.174903370023558,
      "unit": "ns"
    }
  },
  "memory/large_data_validation": {
    "current": {
      "mean": 105274.38459131296,
      "stddev": 415.0770830234254,
      "unit": "ns"
    },
    "new": {
      "mean": 105274.38459131296,
      "stddev": 415.0770830234254,
      "unit": "ns"
    }
  },
  "memory/large_spec_parsing": {
    "current": {
      "mean": 6961037.053227514,
      "stddev": 30752.730108091597,
      "unit": "ns"
    },
    "new": {
      "mean": 6961037.053227514,
      "stddev": 30752.730108091597,
      "unit": "ns"
    }
  },
  "openapi_parsing/medium_spec_10_paths": {
    "current": {
      "mean": 170665.2401268496,
      "stddev": 2504.4122207589844,
      "unit": "ns"
    },
    "new": {
      "mean": 170665.2401268496,
      "stddev": 2504.4122207589844,
      "unit": "ns"
    }
  },
  "openapi_parsing/small_spec": {
    "current": {
      "mean": 24458.43612740152,
      "stddev": 498.9137068258351,
      "unit": "ns"
    },
    "new": {
      "mean": 24458.43612740152,
      "stddev": 498.9137068258351,
      "unit": "ns"
    }
  },
  "template_rendering/arrays": {
    "current": {
      "mean": 317.28092657531835,
      "stddev": 5.443783979860927,
      "unit": "ns"
    },
    "new": {
      "mean": 317.28092657531835,
      "stddev": 5.443783979860927,
      "unit": "ns"
    }
  },
  "template_rendering/complex": {
    "current": {
      "mean": 374.54883414689743,
      "stddev": 6.116534044492998,
      "unit": "ns"
    },
    "new": {
      "mean": 374.54883414689743,
      "stddev": 6.116534044492998,
      "unit": "ns"
    }
  },
  "template_rendering/simple": {
    "current": {
      "mean": 939.3399824307212,
      "stddev": 20.207329836923293,
      "unit": "ns"
    },
    "new": {
      "mean": 939.3399824307212,
      "stddev": 20.207329836923293,
      "unit": "ns"
    }
  }
}