{
  "data_generation/generate_single_record": {
    "current": {
      "mean": 754.530994786893,
      "stddev": 11.95078358332506,
      "unit": "ns"
    },
    "new": {
      "mean": 754.530994786893,
      "stddev": 11.95078358332506,
      "unit": "ns"
    }
  },
  "encryption/aes256_gcm": {
    "current": {
      "mean": 1089.4094676748216,
      "stddev": 12.109786738327267,
      "unit": "ns"
    },
    "new": {
      "mean": 1089.4094676748216,
      "stddev": 12.109786738327267,
      "unit": "ns"
    }
  },
  "encryption/chacha20_poly1305": {
    "current": {
      "mean": 4175.999577690078,
      "stddev": 11.50441799844762,
      "unit": "ns"
    },
    "new": {
      "mean": 4175.999577690078,
      "stddev": 11.50441799844762,
      "unit": "ns"
    }
  },
  "json_validation/complex": {
    "current": {
      "mean": 581.2597068224384,
      "stddev": 4.353662886694193,
      "unit": "ns"
    },
    "new": {
      "mean": 581.2597068224384,
      "stddev": 4.353662886694193,
      "unit": "ns"
    }
  },
  "json_validation/simple": {
    "current": {
      "mean": 99.59696172299877,
      "stddev": 0.7074135327719163,
      "unit": "ns"
    },
    "new": {
      "mean": 99.59696172299877,
      "stddev": 0.7074135327719163,
      "unit": "ns"
    }
  },
  "memory/deep_template_rendering": {
    "current": {
      "mean": 1474.0273346268532,
      "stddev": 4.588170954054878,
      "unit": "ns"
    },
    "new": {
      "mean": 1474.0273346268532,
      "stddev": 4.588170954054878,
      "unit": "ns"
    }
  },
  "memory/large_data_validation": {
    "current": {
      "mean": 105134.22049191376,
      "stddev": 463.8417283154042,
      "unit": "ns"
    },
    "new": {
      "mean": 105134.22049191376,
      "stddev": 463.8417283154042,
      "unit": "ns"
    }
  },
  "memory/large_spec_parsing": {
    "current": {
      "mean": 7081155.5716414135,
      "stddev": 51649.04794185476,
      "unit": "ns"
    },
    "new": {
      "mean": 7081155.5716414135,
      "stddev": 51649.04794185476,
      "unit": "ns"
    }
  },
  "openapi_parsing/medium_spec_10_paths": {
    "current": {
      "mean": 169942.22530327635,
      "stddev": 1361.65482562452,
      "unit": "ns"
    },
    "new": {
      "mean": 169942.22530327635,
      "stddev": 1361.65482562452,
      "unit": "ns"
    }
  },
  "openapi_parsing/small_spec": {
    "current": {
      "mean": 24151.23548836426,
      "stddev": 363.80826530080674,
      "unit": "ns"
    },
    "new": {
      "mean": 24151.23548836426,
      "stddev": 363.80826530080674,
      "unit": "ns"
    }
  },
  "template_rendering/arrays": {
    "current": {
      "mean": 325.7492263268929,
      "stddev": 4.251873907387471,
      "unit": "ns"
    },
    "new": {
      "mean": 325.7492263268929,
      "stddev": 4.251873907387471,
      "unit": "ns"
    }
  },
  "template_rendering/complex": {
    "current": {
      "mean": 378.0415999608365,
      "stddev": 4.614930651052801,
      "unit": "ns"
    },
    "new": {
      "mean": 378.0415999608365,
      "stddev": 4.614930651052801,
      "unit": "ns"
    }
  },
  "template_rendering/simple": {
    "current": {
      "mean": 928.1600306305864,
      "stddev": 19.552479070200963,
      "unit": "ns"
    },
    "new": {
      "mean": 928.1600306305864,
      "stddev": 19.552479070200963,
      "unit": "ns"
    }
  }
}