{
  "data_generation/generate_single_record": {
    "current": {
      "mean": 804.8491251159817,
      "stddev": 16.559782674116462,
      "unit": "ns"
    },
    "new": {
      "mean": 804.8491251159817,
      "stddev": 16.559782674116462,
      "unit": "ns"
    }
  },
  "encryption/aes256_gcm": {
    "current": {
      "mean": 1096.493284204238,
      "stddev": 12.697266549839954,
      "unit": "ns"
    },
    "new": {
      "mean": 1096.493284204238,
      "stddev": 12.697266549839954,
      "unit": "ns"
    }
  },
  "encryption/chacha20_poly1305": {
    "current": {
      "mean": 4133.658909349423,
      "stddev": 15.86322504685767,
      "unit": "ns"
    },
    "new": {
      "mean": 4133.658909349423,
      "stddev": 15.86322504685767,
      "unit": "ns"
    }
  },
  "json_validation/complex": {
    "current": {
      "mean": 586.7797412824533,
      "stddev": 12.070084627480718,
      "unit": "ns"
    },
    "new": {
      "mean": 586.7797412824533,
      "stddev": 12.070084627480718,
      "unit": "ns"
    }
  },
  "json_validation/simple": {
    "current": {
      "mean": 98.64639848214952,
      "stddev": 1.6883726577364864,
      "unit": "ns"
    },
    "new": {
      "mean": 98.64639848214952,
      "stddev": 1.6883726577364864,
      "unit": "ns"
    }
  },
  "memory/deep_template_rendering": {
    "current": {
      "mean": 1427.1764621269965,
      "stddev": 1.6186527835011215,
      "unit": "ns"
    },
    "new": {
      "mean": 1427.1764621269965,
      "stddev": 1.6186527835011215,
      "unit": "ns"
    }
  },
  "memory/large_data_validation": {
    "current": {
      "mean": 107626.08248529867,
      "stddev": 745.3508407786057,
      "unit": "ns"
    },
    "new": {
      "mean": 107626.08248529867,
      "stddev": 745.3508407786057,
      "unit": "ns"
    }
  },
  "memory/large_spec_parsing": {
    "current": {
      "mean": 7250592.715281385,
      "stddev": 66959.4984612824,
      "unit": "ns"
    },
    "new": {
      "mean": 7250592.715281385,
      "stddev": 66959.4984612824,
      "unit": "ns"
    }
  },
  "openapi_parsing/medium_spec_10_paths": {
    "current": {
      "mean": 174908.40619051497,
      "stddev": 2836.9333086678444,
      "unit": "ns"
    },
    "new": {
      "mean": 174908.40619051497,
      "stddev": 2836.9333086678444,
      "unit": "ns"
    }
  },
  "openapi_parsing/small_spec": {
    "current": {
      "mean": 24078.014434466193,
      "stddev": 233.37636567036134,
      "unit": "ns"
    },
    "new": {
      "mean": 24078.014434466193,
      "stddev": 233.37636567036134,
      "unit": "ns"
    }
  },
  "template_rendering/arrays": {
    "current": {
      "mean": 311.2803221150309,
      "stddev": 6.849481132882966,
      "unit": "ns"
    },
    "new": {
      "mean": 311.2803221150309,
      "stddev": 6.849481132882966,
      "unit": "ns"
    }
  },
  "template_rendering/complex": {
    "current": {
      "mean": 366.87459149002535,
      "stddev": 7.415627571305521,
      "unit": "ns"
    },
    "new": {
      "mean": 366.87459149002535,
      "stddev": 7.415627571305521,
      "unit": "ns"
    }
  },
  "template_rendering/simple": {
    "current": {
      "mean": 1214.3802272142043,
      "stddev": 28.82354838273081,
      "unit": "ns"
    },
    "new": {
      "mean": 1214.3802272142043,
      "stddev": 28.82354838273081,
      "unit": "ns"
    }
  }
}