{
  "data_generation/generate_single_record": {
    "current": {
      "mean": 845.841843886801,
      "stddev": 81.6032826228331,
      "unit": "ns"
    },
    "new": {
      "mean": 845.841843886801,
      "stddev": 81.6032826228331,
      "unit": "ns"
    }
  },
  "encryption/aes256_gcm": {
    "current": {
      "mean": 1217.397505248367,
      "stddev": 57.13348527687915,
      "unit": "ns"
    },
    "new": {
      "mean": 1217.397505248367,
      "stddev": 57.13348527687915,
      "unit": "ns"
    }
  },
  "encryption/chacha20_poly1305": {
    "current": {
      "mean": 4314.196961510451,
      "stddev": 211.01912437630637,
      "unit": "ns"
    },
    "new": {
      "mean": 4314.196961510451,
      "stddev": 211.01912437630637,
      "unit": "ns"
    }
  },
  "json_validation/complex": {
    "current": {
      "mean": 634.3209624836041,
      "stddev": 75.29900447603512,
      "unit": "ns"
    },
    "new": {
      "mean": 634.3209624836041,
      "stddev": 75.29900447603512,
      "unit": "ns"
    }
  },
  "json_validation/simple": {
    "current": {
      "mean": 106.5265338628117,
      "stddev": 6.2247217519087705,
      "unit": "ns"
    },
    "new": {
      "mean": 106.5265338628117,
      "stddev": 6.2247217519087705,
      "unit": "ns"
    }
  },
  "memory/deep_template_rendering": {
    "current": {
      "mean": 1760.0222881510974,
      "stddev": 68.75102083162398,
      "unit": "ns"
    },
    "new": {
      "mean": 1760.0222881510974,
      "stddev": 68.75102083162398,
      "unit": "ns"
    }
  },
  "memory/large_data_validation": {
    "current": {
      "mean": 114555.33174200429,
      "stddev": 4980.432999632308,
      "unit": "ns"
    },
    "new": {
      "mean": 114555.33174200429,
      "stddev": 4980.432999632308,
      "unit": "ns"
    }
  },
  "memory/large_spec_parsing": {
    "current": {
      "mean": 7902064.300730159,
      "stddev": 495398.2091413191,
      "unit": "ns"
    },
    "new": {
      "mean": 7902064.300730159,
      "stddev": 495398.2091413191,
      "unit": "ns"
    }
  },
  "openapi_parsing/medium_spec_10_paths": {
    "current": {
      "mean": 202077.67341550134,
      "stddev": 34879.699275991006,
      "unit": "ns"
    },
    "new": {
      "mean": 202077.67341550134,
      "stddev": 34879.699275991006,
      "unit": "ns"
    }
  },
  "openapi_parsing/small_spec": {
    "current": {
      "mean": 26632.999695950653,
      "stddev": 2494.024016231553,
      "unit": "ns"
    },
    "new": {
      "mean": 26632.999695950653,
      "stddev": 2494.024016231553,
      "unit": "ns"
    }
  },
  "template_rendering/arrays": {
    "current": {
      "mean": 356.3172022797403,
      "stddev": 34.842148532583735,
      "unit": "ns"
    },
    "new": {
      "mean": 356.3172022797403,
      "stddev": 34.842148532583735,
      "unit": "ns"
    }
  },
  "template_rendering/complex": {
    "current": {
      "mean": 422.017115221588,
      "stddev": 31.114373967635057,
      "unit": "ns"
    },
    "new": {
      "mean": 422.017115221588,
      "stddev": 31.114373967635057,
      "unit": "ns"
    }
  },
  "template_rendering/simple": {
    "current": {
      "mean": 742.6604327149812,
      "stddev": 56.892072811515504,
      "unit": "ns"
    },
    "new": {
      "mean": 742.6604327149812,
      "stddev": 56.892072811515504,
      "unit": "ns"
    }
  }
}