{
  "data_generation/generate_single_record": {
    "current": {
      "mean": 765.1086562082611,
      "stddev": 12.18805766330246,
      "unit": "ns"
    },
    "new": {
      "mean": 765.1086562082611,
      "stddev": 12.18805766330246,
      "unit": "ns"
    }
  },
  "encryption/aes256_gcm": {
    "current": {
      "mean": 1100.516089592397,
      "stddev": 10.389379778190266,
      "unit": "ns"
    },
    "new": {
      "mean": 1100.516089592397,
      "stddev": 10.389379778190266,
      "unit": "ns"
    }
  },
  "encryption/chacha20_poly1305": {
    "current": {
      "mean": 4184.7752670990585,
      "stddev": 9.520402643732103,
      "unit": "ns"
    },
    "new": {
      "mean": 4184.7752670990585,
      "stddev": 9.520402643732103,
      "unit": "ns"
    }
  },
  "json_validation/complex": {
    "current": {
      "mean": 580.258603354696,
      "stddev": 9.3000757865951,
      "unit": "ns"
    },
    "new": {
      "mean": 580.258603354696,
      "stddev": 9.3000757865951,
      "unit": "ns"
    }
  },
  "json_validation/simple": {
    "current": {
      "mean": 105.90896007523145,
      "stddev": 0.9935306772284054,
      "unit": "ns"
    },
    "new": {
      "mean": 105.90896007523145,
      "stddev": 0.9935306772284054,
      "unit": "ns"
    }
  },
  "memory/deep_template_rendering": {
    "current": {
      "mean": 1496.5443267998137,
      "stddev": 2.3056762535149216,
      "unit": "ns"
    },
    "new": {
      "mean": 1496.5443267998137,
      "stddev": 2.3056762535149216,
      "unit": "ns"
    }
  },
  "memory/large_data_validation": {
    "current": {
      "mean": 104879.8448757113,
      "stddev": 259.26652186810134,
      "unit": "ns"
    },
    "new": {
      "mean": 104879.8448757113,
      "stddev": 259.26652186810134,
      "unit": "ns"
    }
  },
  "memory/large_spec_parsing": {
    "current": {
      "mean": 7059842.340367965,
      "stddev": 105259.76915691205,
      "unit": "ns"
    },
    "new": {
      "mean": 7059842.340367965,
      "stddev": 105259.76915691205,
      "unit": "ns"
    }
  },
  "openapi_parsing/medium_spec_10_paths": {
    "current": {
      "mean": 169695.06978578866,
      "stddev": 3727.3186021541514,
      "unit": "ns"
    },
    "new": {
      "mean": 169695.06978578866,
      "stddev": 3727.3186021541514,
      "unit": "ns"
    }
  },
  "openapi_parsing/small_spec": {
    "current": {
      "mean": 23899.891796266358,
      "stddev": 254.97148138329365,
      "unit": "ns"
    },
    "new": {
      "mean": 23899.891796266358,
      "stddev": 254.97148138329365,
      "unit": "ns"
    }
  },
  "template_rendering/arrays": {
    "current": {
      "mean": 321.1940837651646,
      "stddev": 9.66142325549114,
      "unit": "ns"
    },
    "new": {
      "mean": 321.1940837651646,
      "stddev": 9.66142325549114,
      "unit": "ns"
    }
  },
  "template_rendering/complex": {
    "current": {
      "mean": 384.9371846617081,
      "stddev": 11.484076102589452,
      "unit": "ns"
    },
    "new": {
      "mean": 384.9371846617081,
      "stddev": 11.484076102589452,
      "unit": "ns"
    }
  },
  "template_rendering/simple": {
    "current": {
      "mean": 894.5353962786628,
      "stddev": 13.458922498417476,
      "unit": "ns"
    },
    "new": {
      "mean": 894.5353962786628,
      "stddev": 13.458922498417476,
      "unit": "ns"
    }
  }
}