{
  "data_generation/generate_single_record": {
    "current": {
      "mean": 784.2704685055264,
      "stddev": 14.775034413548523,
      "unit": "ns"
    },
    "new": {
      "mean": 784.2704685055264,
      "stddev": 14.775034413548523,
      "unit": "ns"
    }
  },
  "encryption/aes256_gcm": {
    "current": {
      "mean": 1101.9262517276463,
      "stddev": 13.580748353376682,
      "unit": "ns"
    },
    "new": {
      "mean": 1101.9262517276463,
      "stddev": 13.580748353376682,
      "unit": "ns"
    }
  },
  "encryption/chacha20_poly1305": {
    "current": {
      "mean": 4150.791848918116,
      "stddev": 41.787678880698266,
      "unit": "ns"
    },
    "new": {
      "mean": 4150.791848918116,
      "stddev": 41.787678880698266,
      "unit": "ns"
    }
  },
  "json_validation/complex": {
    "current": {
      "mean": 584.580461372733,
      "stddev": 10.080852720417829,
      "unit": "ns"
    },
    "new": {
      "mean": 584.580461372733,
      "stddev": 10.080852720417829,
      "unit": "ns"
    }
  },
  "json_validation/simple": {
    "current": {
      "mean": 100.77936026513387,
      "stddev": 2.3724323789691537,
      "unit": "ns"
    },
    "new": {
      "mean": 100.77936026513387,
      "stddev": 2.3724323789691537,
      "unit": "ns"
    }
  },
  "memory/deep_template_rendering": {
    "current": {
      "mean": 1608.629679430074,
      "stddev": 7.821496261555819,
      "unit": "ns"
    },
    "new": {
      "mean": 1608.629679430074,
      "stddev": 7.821496261555819,
      "unit": "ns"
    }
  },
  "memory/large_data_validation": {
    "current": {
      "mean": 111658.91731937605,
      "stddev": 660.5786674989856,
      "unit": "ns"
    },
    "new": {
      "mean": 111658.91731937605,
      "stddev": 660.5786674989856,
      "unit": "ns"
    }
  },
  "memory/large_spec_parsing": {
    "current": {
      "mean": 7398985.337222221,
      "stddev": 102016.87238681178,
      "unit": "ns"
    },
    "new": {
      "mean": 7398985.337222221,
      "stddev": 102016.87238681178,
      "unit": "ns"
    }
  },
  "openapi_parsing/medium_spec_10_paths": {
    "current": {
      "mean": 179708.06845090885,
      "stddev": 3439.5235048855357,
      "unit": "ns"
    },
    "new": {
      "mean": 179708.06845090885,
      "stddev": 3439.5235048855357,
      "unit": "ns"
    }
  },
  "openapi_parsing/small_spec": {
    "current": {
      "mean": 24723.546663613506,
      "stddev": 296.29987113318197,
      "unit": "ns"
    },
    "new": {
      "mean": 24723.546663613506,
      "stddev": 296.29987113318197,
      "unit": "ns"
    }
  },
  "template_rendering/arrays": {
    "current": {
      "mean": 320.51227798744765,
      "stddev": 8.73989682349255,
      "unit": "ns"
    },
    "new": {
      "mean": 320.51227798744765,
      "stddev": 8.73989682349255,
      "unit": "ns"
    }
  },
  "template_rendering/complex": {
    "current": {
      "mean": 394.00410899073387,
      "stddev": 5.9017081192948435,
      "unit": "ns"
    },
    "new": {
      "mean": 394.00410899073387,
      "stddev": 5.9017081192948435,
      "unit": "ns"
    }
  },
  "template_rendering/simple": {
    "current": {
      "mean": 926.7110830623344,
      "stddev": 15.290223399895611,
      "unit": "ns"
    },
    "new": {
      "mean": 926.7110830623344,
      "stddev": 15.290223399895611,
      "unit": "ns"
    }
  }
}