{
  "data_generation/generate_single_record": {
    "current": {
      "mean": 754.2687455641902,
      "stddev": 10.396367525440258,
      "unit": "ns"
    },
    "new": {
      "mean": 754.2687455641902,
      "stddev": 10.396367525440258,
      "unit": "ns"
    }
  },
  "encryption/aes256_gcm": {
    "current": {
      "mean": 1110.9530410018017,
      "stddev": 13.460335165506875,
      "unit": "ns"
    },
    "new": {
      "mean": 1110.9530410018017,
      "stddev": 13.460335165506875,
      "unit": "ns"
    }
  },
  "encryption/chacha20_poly1305": {
    "current": {
      "mean": 4166.800782447014,
      "stddev": 10.459201595184558,
      "unit": "ns"
    },
    "new": {
      "mean": 4166.800782447014,
      "stddev": 10.459201595184558,
      "unit": "ns"
    }
  },
  "json_validation/complex": {
    "current": {
      "mean": 575.5846049567401,
      "stddev": 4.2848994419678235,
      "unit": "ns"
    },
    "new": {
      "mean": 575.5846049567401,
      "stddev": 4.2848994419678235,
      "unit": "ns"
    }
  },
  "json_validation/simple": {
    "current": {
      "mean": 99.6117328123682,
      "stddev": 0.9072135186105036,
      "unit": "ns"
    },
    "new": {
      "mean": 99.6117328123682,
      "stddev": 0.9072135186105036,
      "unit": "ns"
    }
  },
  "memory/deep_template_rendering": {
    "current": {
      "mean": 1467.9767340899057,
      "stddev": 46.93660541735347,
      "unit": "ns"
    },
    "new": {
      "mean": 1467.9767340899057,
      "stddev": 46.93660541735347,
      "unit": "ns"
    }
  },
  "memory/large_data_validation": {
    "current": {
      "mean": 105305.01221357207,
      "stddev": 222.54628498649333,
      "unit": "ns"
    },
    "new": {
      "mean": 105305.01221357207,
      "stddev": 222.54628498649333,
      "unit": "ns"
    }
  },
  "memory/large_spec_parsing": {
    "current": {
      "mean": 7029200.244862914,
      "stddev": 14257.746330501748,
      "unit": "ns"
    },
    "new": {
      "mean": 7029200.244862914,
      "stddev": 14257.746330501748,
      "unit": "ns"
    }
  },
  "openapi_parsing/medium_spec_10_paths": {
    "current": {
      "mean": 170854.29735182234,
      "stddev": 3051.898097164236,
      "unit": "ns"
    },
    "new": {
      "mean": 170854.29735182234,
      "stddev": 3051.898097164236,
      "unit": "ns"
    }
  },
  "openapi_parsing/small_spec": {
    "current": {
      "mean": 24721.917009295674,
      "stddev": 211.62919003894845,
      "unit": "ns"
    },
    "new": {
      "mean": 24721.917009295674,
      "stddev": 211.62919003894845,
      "unit": "ns"
    }
  },
  "template_rendering/arrays": {
    "current": {
      "mean": 311.4709416505655,
      "stddev": 6.264626077677469,
      "unit": "ns"
    },
    "new": {
      "mean": 311.4709416505655,
      "stddev": 6.264626077677469,
      "unit": "ns"
    }
  },
  "template_rendering/complex": {
    "current": {
      "mean": 380.5409023564632,
      "stddev": 16.15509488108769,
      "unit": "ns"
    },
    "new": {
      "mean": 380.5409023564632,
      "stddev": 16.15509488108769,
      "unit": "ns"
    }
  },
  "template_rendering/simple": {
    "current": {
      "mean": 951.7991319971765,
      "stddev": 56.80996740773233,
      "unit": "ns"
    },
    "new": {
      "mean": 951.7991319971765,
      "stddev": 56.80996740773233,
      "unit": "ns"
    }
  }
}