{
  "data_generation/generate_single_record": {
    "current": {
      "mean": 782.0839492072638,
      "stddev": 11.266134877531503,
      "unit": "ns"
    },
    "new": {
      "mean": 782.0839492072638,
      "stddev": 11.266134877531503,
      "unit": "ns"
    }
  },
  "encryption/aes256_gcm": {
    "current": {
      "mean": 1175.5097804799575,
      "stddev": 3.7706138550681554,
      "unit": "ns"
    },
    "new": {
      "mean": 1175.5097804799575,
      "stddev": 3.7706138550681554,
      "unit": "ns"
    }
  },
  "encryption/chacha20_poly1305": {
    "current": {
      "mean": 4150.452841118542,
      "stddev": 23.312026783571635,
      "unit": "ns"
    },
    "new": {
      "mean": 4150.452841118542,
      "stddev": 23.312026783571635,
      "unit": "ns"
    }
  },
  "json_validation/complex": {
    "current": {
      "mean": 588.5863494264856,
      "stddev": 9.258941978860703,
      "unit": "ns"
    },
    "new": {
      "mean": 588.5863494264856,
      "stddev": 9.258941978860703,
      "unit": "ns"
    }
  },
  "json_validation/simple": {
    "current": {
      "mean": 100.12745311764766,
      "stddev": 1.2161251751116318,
      "unit": "ns"
    },
    "new": {
      "mean": 100.12745311764766,
      "stddev": 1.2161251751116318,
      "unit": "ns"
    }
  },
  "memory/deep_template_rendering": {
    "current": {
      "mean": 1449.239506909476,
      "stddev": 17.03274196805077,
      "unit": "ns"
    },
    "new": {
      "mean": 1449.239506909476,
      "stddev": 17.03274196805077,
      "unit": "ns"
    }
  },
  "memory/large_data_validation": {
    "current": {
      "mean": 106551.24903797246,
      "stddev": 352.2331385431978,
      "unit": "ns"
    },
    "new": {
      "mean": 106551.24903797246,
      "stddev": 352.2331385431978,
      "unit": "ns"
    }
  },
  "memory/large_spec_parsing": {
    "current": {
      "mean": 7181333.032925685,
      "stddev": 173603.6706843082,
      "unit": "ns"
    },
    "new": {
      "mean": 7181333.032925685,
      "stddev": 173603.6706843082,
      "unit": "ns"
    }
  },
  "openapi_parsing/medium_spec_10_paths": {
    "current": {
      "mean": 176959.66336368202,
      "stddev": 5145.763556151494,
      "unit": "ns"
    },
    "new": {
      "mean": 176959.66336368202,
      "stddev": 5145.763556151494,
      "unit": "ns"
    }
  },
  "openapi_parsing/small_spec": {
    "current": {
      "mean": 24068.625916385277,
      "stddev": 448.18650982138354,
      "unit": "ns"
    },
    "new": {
      "mean": 24068.625916385277,
      "stddev": 448.18650982138354,
      "unit": "ns"
    }
  },
  "template_rendering/arrays": {
    "current": {
      "mean": 311.2851357717441,
      "stddev": 5.782383575843176,
      "unit": "ns"
    },
    "new": {
      "mean": 311.2851357717441,
      "stddev": 5.782383575843176,
      "unit": "ns"
    }
  },
  "template_rendering/complex": {
    "current": {
      "mean": 373.84910051234067,
      "stddev": 3.4723808390331303,
      "unit": "ns"
    },
    "new": {
      "mean": 373.84910051234067,
      "stddev": 3.4723808390331303,
      "unit": "ns"
    }
  },
  "template_rendering/simple": {
    "current": {
      "mean": 1271.0764978009822,
      "stddev": 96.06621657683537,
      "unit": "ns"
    },
    "new": {
      "mean": 1271.0764978009822,
      "stddev": 96.06621657683537,
      "unit": "ns"
    }
  }
}