{
  "data_generation/generate_single_record": {
    "current": {
      "mean": 780.2798841770287,
      "stddev": 8.439080415417743,
      "unit": "ns"
    },
    "new": {
      "mean": 780.2798841770287,
      "stddev": 8.439080415417743,
      "unit": "ns"
    }
  },
  "encryption/aes256_gcm": {
    "current": {
      "mean": 1100.9537469511765,
      "stddev": 11.665421082467006,
      "unit": "ns"
    },
    "new": {
      "mean": 1100.9537469511765,
      "stddev": 11.665421082467006,
      "unit": "ns"
    }
  },
  "encryption/chacha20_poly1305": {
    "current": {
      "mean": 4175.667318247369,
      "stddev": 31.20275707042587,
      "unit": "ns"
    },
    "new": {
      "mean": 4175.667318247369,
      "stddev": 31.20275707042587,
      "unit": "ns"
    }
  },
  "json_validation/complex": {
    "current": {
      "mean": 648.6046265851506,
      "stddev": 11.160514905022577,
      "unit": "ns"
    },
    "new": {
      "mean": 648.6046265851506,
      "stddev": 11.160514905022577,
      "unit": "ns"
    }
  },
  "json_validation/simple": {
    "current": {
      "mean": 113.9391344589402,
      "stddev": 1.64623428124689,
      "unit": "ns"
    },
    "new": {
      "mean": 113.9391344589402,
      "stddev": 1.64623428124689,
      "unit": "ns"
    }
  },
  "memory/deep_template_rendering": {
    "current": {
      "mean": 1444.3183068400263,
      "stddev": 1.6202715061168904,
      "unit": "ns"
    },
    "new": {
      "mean": 1444.3183068400263,
      "stddev": 1.6202715061168904,
      "unit": "ns"
    }
  },
  "memory/large_data_validation": {
    "current": {
      "mean": 110632.23957410357,
      "stddev": 464.18779670090754,
      "unit": "ns"
    },
    "new": {
      "mean": 110632.23957410357,
      "stddev": 464.18779670090754,
      "unit": "ns"
    }
  },
  "memory/large_spec_parsing": {
    "current": {
      "mean": 6914452.762507215,
      "stddev": 22263.271228202455,
      "unit": "ns"
    },
    "new": {
      "mean": 6914452.762507215,
      "stddev": 22263.271228202455,
      "unit": "ns"
    }
  },
  "openapi_parsing/medium_spec_10_paths": {
    "current": {
      "mean": 175513.2936509196,
      "stddev": 5566.977980583322,
      "unit": "ns"
    },
    "new": {
      "mean": 175513.2936509196,
      "stddev": 5566.977980583322,
      "unit": "ns"
    }
  },
  "openapi_parsing/small_spec": {
    "current": {
      "mean": 24461.604798917408,
      "stddev": 370.0123607692859,
      "unit": "ns"
    },
    "new": {
      "mean": 24461.604798917408,
      "stddev": 370.0123607692859,
      "unit": "ns"
    }
  },
  "template_rendering/arrays": {
    "current": {
      "mean": 309.6673075830289,
      "stddev": 17.944625348818448,
      "unit": "ns"
    },
    "new": {
      "mean": 309.6673075830289,
      "stddev": 17.944625348818448,
      "unit": "ns"
    }
  },
  "template_rendering/complex": {
    "current": {
      "mean": 369.67539413712524,
      "stddev": 2.4624986528990402,
      "unit": "ns"
    },
    "new": {
      "mean": 369.67539413712524,
      "stddev": 2.4624986528990402,
      "unit": "ns"
    }
  },
  "template_rendering/simple": {
    "current": {
      "mean": 892.8143900505635,
      "stddev": 12.393309712320661,
      "unit": "ns"
    },
    "new": {
      "mean": 892.8143900505635,
      "stddev": 12.393309712320661,
      "unit": "ns"
    }
  }
}