{
  "data_generation/generate_single_record": {
    "current": {
      "mean": 788.6784326249294,
      "stddev": 11.69499179160263,
      "unit": "ns"
    },
    "new": {
      "mean": 788.6784326249294,
      "stddev": 11.69499179160263,
      "unit": "ns"
    }
  },
  "encryption/aes256_gcm": {
    "current": {
      "mean": 1097.839142703603,
      "stddev": 7.880239156399489,
      "unit": "ns"
    },
    "new": {
      "mean": 1097.839142703603,
      "stddev": 7.880239156399489,
      "unit": "ns"
    }
  },
  "encryption/chacha20_poly1305": {
    "current": {
      "mean": 4136.75679008353,
      "stddev": 17.19595327410296,
      "unit": "ns"
    },
    "new": {
      "mean": 4136.75679008353,
      "stddev": 17.19595327410296,
      "unit": "ns"
    }
  },
  "json_validation/complex": {
    "current": {
      "mean": 587.0824128427869,
      "stddev": 15.079374760904178,
      "unit": "ns"
    },
    "new": {
      "mean": 587.0824128427869,
      "stddev": 15.079374760904178,
      "unit": "ns"
    }
  },
  "json_validation/simple": {
    "current": {
      "mean": 100.68417209050145,
      "stddev": 1.7648485614037872,
      "unit": "ns"
    },
    "new": {
      "mean": 100.68417209050145,
      "stddev": 1.7648485614037872,
      "unit": "ns"
    }
  },
  "memory/deep_template_rendering": {
    "current": {
      "mean": 1477.5623273152964,
      "stddev": 3.47192957447967,
      "unit": "ns"
    },
    "new": {
      "mean": 1477.5623273152964,
      "stddev": 3.47192957447967,
      "unit": "ns"
    }
  },
  "memory/large_data_validation": {
    "current": {
      "mean": 106171.78248706483,
      "stddev": 513.1717059921472,
      "unit": "ns"
    },
    "new": {
      "mean": 106171.78248706483,
      "stddev": 513.1717059921472,
      "unit": "ns"
    }
  },
  "memory/large_spec_parsing": {
    "current": {
      "mean": 6944067.571087964,
      "stddev": 25506.733589190248,
      "unit": "ns"
    },
    "new": {
      "mean": 6944067.571087964,
      "stddev": 25506.733589190248,
      "unit": "ns"
    }
  },
  "openapi_parsing/medium_spec_10_paths": {
    "current": {
      "mean": 167499.0266684849,
      "stddev": 1584.7972263118627,
      "unit": "ns"
    },
    "new": {
      "mean": 167499.0266684849,
      "stddev": 1584.7972263118627,
      "unit": "ns"
    }
  },
  "openapi_parsing/small_spec": {
    "current": {
      "mean": 24803.009081240787,
      "stddev": 385.169201830533,
      "unit": "ns"
    },
    "new": {
      "mean": 24803.009081240787,
      "stddev": 385.169201830533,
      "unit": "ns"
    }
  },
  "template_rendering/arrays": {
    "current": {
      "mean": 315.94362526152236,
      "stddev": 2.383648604764183,
      "unit": "ns"
    },
    "new": {
      "mean": 315.94362526152236,
      "stddev": 2.383648604764183,
      "unit": "ns"
    }
  },
  "template_rendering/complex": {
    "current": {
      "mean": 378.308487195728,
      "stddev": 5.980901463163422,
      "unit": "ns"
    },
    "new": {
      "mean": 378.308487195728,
      "stddev": 5.980901463163422,
      "unit": "ns"
    }
  },
  "template_rendering/simple": {
    "current": {
      "mean": 1258.805556510601,
      "stddev": 113.40002301191349,
      "unit": "ns"
    },
    "new": {
      "mean": 1258.805556510601,
      "stddev": 113.40002301191349,
      "unit": "ns"
    }
  }
}