{
  "data_generation/generate_single_record": {
    "current": {
      "mean": 795.3752884917026,
      "stddev": 15.534406950098798,
      "unit": "ns"
    },
    "new": {
      "mean": 795.3752884917026,
      "stddev": 15.534406950098798,
      "unit": "ns"
    }
  },
  "encryption/aes256_gcm": {
    "current": {
      "mean": 1099.0780940012444,
      "stddev": 12.854051836886025,
      "unit": "ns"
    },
    "new": {
      "mean": 1099.0780940012444,
      "stddev": 12.854051836886025,
      "unit": "ns"
    }
  },
  "encryption/chacha20_poly1305": {
    "current": {
      "mean": 4126.018952517712,
      "stddev": 13.767106524645135,
      "unit": "ns"
    },
    "new": {
      "mean": 4126.018952517712,
      "stddev": 13.767106524645135,
      "unit": "ns"
    }
  },
  "json_validation/complex": {
    "current": {
      "mean": 592.101394249886,
      "stddev": 10.894607729241166,
      "unit": "ns"
    },
    "new": {
      "mean": 592.101394249886,
      "stddev": 10.894607729241166,
      "unit": "ns"
    }
  },
  "json_validation/simple": {
    "current": {
      "mean": 100.62907372049862,
      "stddev": 1.99340272668074,
      "unit": "ns"
    },
    "new": {
      "mean": 100.62907372049862,
      "stddev": 1.99340272668074,
      "unit": "ns"
    }
  },
  "memory/deep_template_rendering": {
    "current": {
      "mean": 1428.6341802333181,
      "stddev": 1.154635332123846,
      "unit": "ns"
    },
    "new": {
      "mean": 1428.6341802333181,
      "stddev": 1.154635332123846,
      "unit": "ns"
    }
  },
  "memory/large_data_validation": {
    "current": {
      "mean": 105924.18120724808,
      "stddev": 393.98303788190117,
      "unit": "ns"
    },
    "new": {
      "mean": 105924.18120724808,
      "stddev": 393.98303788190117,
      "unit": "ns"
    }
  },
  "memory/large_spec_parsing": {
    "current": {
      "mean": 7155242.03476912,
      "stddev": 46239.43876896832,
      "unit": "ns"
    },
    "new": {
      "mean": 7155242.03476912,
      "stddev": 46239.43876896832,
      "unit": "ns"
    }
  },
  "openapi_parsing/medium_spec_10_paths": {
    "current": {
      "mean": 174760.39686135956,
      "stddev": 4042.358412940004,
      "unit": "ns"
    },
    "new": {
      "mean": 174760.39686135956,
      "stddev": 4042.358412940004,
      "unit": "ns"
    }
  },
  "openapi_parsing/small_spec": {
    "current": {
      "mean": 27210.09432071405,
      "stddev": 672.3286219134941,
      "unit": "ns"
    },
    "new": {
      "mean": 27210.09432071405,
      "stddev": 672.3286219134941,
      "unit": "ns"
    }
  },
  "template_rendering/arrays": {
    "current": {
      "mean": 311.62691124966705,
      "stddev": 5.488633043531617,
      "unit": "ns"
    },
    "new": {
      "mean": 311.62691124966705,
      "stddev": 5.488633043531617,
      "unit": "ns"
    }
  },
  "template_rendering/complex": {
    "current": {
      "mean": 364.2466394567146,
      "stddev": 6.106960983096448,
      "unit": "ns"
    },
    "new": {
      "mean": 364.2466394567146,
      "stddev": 6.106960983096448,
      "unit": "ns"
    }
  },
  "template_rendering/simple": {
    "current": {
      "mean": 1209.7954047330286,
      "stddev": 17.63054868596461,
      "unit": "ns"
    },
    "new": {
      "mean": 1209.7954047330286,
      "stddev": 17.63054868596461,
      "unit": "ns"
    }
  }
}