{
  "data_generation/generate_single_record": {
    "current": {
      "mean": 826.8822493293998,
      "stddev": 6.356967049807968,
      "unit": "ns"
    },
    "new": {
      "mean": 826.8822493293998,
      "stddev": 6.356967049807968,
      "unit": "ns"
    }
  },
  "encryption/aes256_gcm": {
    "current": {
      "mean": 1088.4134378551978,
      "stddev": 13.248870098838543,
      "unit": "ns"
    },
    "new": {
      "mean": 1088.4134378551978,
      "stddev": 13.248870098838543,
      "unit": "ns"
    }
  },
  "encryption/chacha20_poly1305": {
    "current": {
      "mean": 4112.716350090831,
      "stddev": 25.920053269941373,
      "unit": "ns"
    },
    "new": {
      "mean": 4112.716350090831,
      "stddev": 25.920053269941373,
      "unit": "ns"
    }
  },
  "json_validation/complex": {
    "current": {
      "mean": 589.4635893539485,
      "stddev": 7.059147136955633,
      "unit": "ns"
    },
    "new": {
      "mean": 589.4635893539485,
      "stddev": 7.059147136955633,
      "unit": "ns"
    }
  },
  "json_validation/simple": {
    "current": {
      "mean": 100.23854334472442,
      "stddev": 1.7514668766045778,
      "unit": "ns"
    },
    "new": {
      "mean": 100.23854334472442,
      "stddev": 1.7514668766045778,
      "unit": "ns"
    }
  },
  "memory/deep_template_rendering": {
    "current": {
      "mean": 1479.1920481276275,
      "stddev": 9.88099533203611,
      "unit": "ns"
    },
    "new": {
      "mean": 1479.1920481276275,
      "stddev": 9.88099533203611,
      "unit": "ns"
    }
  },
  "memory/large_data_validation": {
    "current": {
      "mean": 105935.10799112593,
      "stddev": 259.4734332812899,
      "unit": "ns"
    },
    "new": {
      "mean": 105935.10799112593,
      "stddev": 259.4734332812899,
      "unit": "ns"
    }
  },
  "memory/large_spec_parsing": {
    "current": {
      "mean": 6893144.191997354,
      "stddev": 13783.586189395784,
      "unit": "ns"
    },
    "new": {
      "mean": 6893144.191997354,
      "stddev": 13783.586189395784,
      "unit": "ns"
    }
  },
  "openapi_parsing/medium_spec_10_paths": {
    "current": {
      "mean": 169841.15201490905,
      "stddev": 3556.99036521016,
      "unit": "ns"
    },
    "new": {
      "mean": 169841.15201490905,
      "stddev": 3556.99036521016,
      "unit": "ns"
    }
  },
  "openapi_parsing/small_spec": {
    "current": {
      "mean": 24467.471191946766,
      "stddev": 397.42171256819756,
      "unit": "ns"
    },
    "new": {
      "mean": 24467.471191946766,
      "stddev": 397.42171256819756,
      "unit": "ns"
    }
  },
  "template_rendering/arrays": {
    "current": {
      "mean": 314.40575147877894,
      "stddev": 4.708523384537367,
      "unit": "ns"
    },
    "new": {
      "mean": 314.40575147877894,
      "stddev": 4.708523384537367,
      "unit": "ns"
    }
  },
  "template_rendering/complex": {
    "current": {
      "mean": 374.4186070959448,
      "stddev": 2.9901007357742144,
      "unit": "ns"
    },
    "new": {
      "mean": 374.4186070959448,
      "stddev": 2.9901007357742144,
      "unit": "ns"
    }
  },
  "template_rendering/simple": {
    "current": {
      "mean": 907.2017976693102,
      "stddev": 14.695009702962738,
      "unit": "ns"
    },
    "new": {
      "mean": 907.2017976693102,
      "stddev": 14.695009702962738,
      "unit": "ns"
    }
  }
}