{
  "data_generation/generate_single_record": {
    "current": {
      "mean": 824.919701889111,
      "stddev": 66.32524421190884,
      "unit": "ns"
    },
    "new": {
      "mean": 824.919701889111,
      "stddev": 66.32524421190884,
      "unit": "ns"
    }
  },
  "encryption/aes256_gcm": {
    "current": {
      "mean": 1186.0345756129268,
      "stddev": 86.19218430755706,
      "unit": "ns"
    },
    "new": {
      "mean": 1186.0345756129268,
      "stddev": 86.19218430755706,
      "unit": "ns"
    }
  },
  "encryption/chacha20_poly1305": {
    "current": {
      "mean": 4454.889426925493,
      "stddev": 250.3114400528551,
      "unit": "ns"
    },
    "new": {
      "mean": 4454.889426925493,
      "stddev": 250.3114400528551,
      "unit": "ns"
    }
  },
  "json_validation/complex": {
    "current": {
      "mean": 713.6567193690415,
      "stddev": 145.3531564308582,
      "unit": "ns"
    },
    "new": {
      "mean": 713.6567193690415,
      "stddev": 145.3531564308582,
      "unit": "ns"
    }
  },
  "json_validation/simple": {
    "current": {
      "mean": 106.58894990523152,
      "stddev": 9.095957445431093,
      "unit": "ns"
    },
    "new": {
      "mean": 106.58894990523152,
      "stddev": 9.095957445431093,
      "unit": "ns"
    }
  },
  "memory/deep_template_rendering": {
    "current": {
      "mean": 1712.392454258667,
      "stddev": 82.80032046351047,
      "unit": "ns"
    },
    "new": {
      "mean": 1712.392454258667,
      "stddev": 82.80032046351047,
      "unit": "ns"
    }
  },
  "memory/large_data_validation": {
    "current": {
      "mean": 129626.72635345804,
      "stddev": 22572.809281038262,
      "unit": "ns"
    },
    "new": {
      "mean": 129626.72635345804,
      "stddev": 22572.809281038262,
      "unit": "ns"
    }
  },
  "memory/large_spec_parsing": {
    "current": {
      "mean": 10031083.909648526,
      "stddev": 1801373.6900168,
      "unit": "ns"
    },
    "new": {
      "mean": 10031083.909648526,
      "stddev": 1801373.6900168,
      "unit": "ns"
    }
  },
  "openapi_parsing/medium_spec_10_paths": {
    "current": {
      "mean": 198580.66278687972,
      "stddev": 13433.49282241056,
      "unit": "ns"
    },
    "new": {
      "mean": 198580.66278687972,
      "stddev": 13433.49282241056,
      "unit": "ns"
    }
  },
  "openapi_parsing/small_spec": {
    "current": {
      "mean": 30954.83245887207,
      "stddev": 5155.923355847122,
      "unit": "ns"
    },
    "new": {
      "mean": 30954.83245887207,
      "stddev": 5155.923355847122,
      "unit": "ns"
    }
  },
  "template_rendering/arrays": {
    "current": {
      "mean": 350.426707258492,
      "stddev": 26.91085223006592,
      "unit": "ns"
    },
    "new": {
      "mean": 350.426707258492,
      "stddev": 26.91085223006592,
      "unit": "ns"
    }
  },
  "template_rendering/complex": {
    "current": {
      "mean": 408.4750968252292,
      "stddev": 18.519817053461335,
      "unit": "ns"
    },
    "new": {
      "mean": 408.4750968252292,
      "stddev": 18.519817053461335,
      "unit": "ns"
    }
  },
  "template_rendering/simple": {
    "current": {
      "mean": 775.9587395826788,
      "stddev": 97.97284919577106,
      "unit": "ns"
    },
    "new": {
      "mean": 775.9587395826788,
      "stddev": 97.97284919577106,
      "unit": "ns"
    }
  }
}