{
  "data_generation/generate_single_record": {
    "current": {
      "mean": 773.7583071088945,
      "stddev": 12.275707725584384,
      "unit": "ns"
    },
    "new": {
      "mean": 773.7583071088945,
      "stddev": 12.275707725584384,
      "unit": "ns"
    }
  },
  "encryption/aes256_gcm": {
    "current": {
      "mean": 1118.4650139981784,
      "stddev": 12.035756457653974,
      "unit": "ns"
    },
    "new": {
      "mean": 1118.4650139981784,
      "stddev": 12.035756457653974,
      "unit": "ns"
    }
  },
  "encryption/chacha20_poly1305": {
    "current": {
      "mean": 4200.708229211713,
      "stddev": 96.46792588246694,
      "unit": "ns"
    },
    "new": {
      "mean": 4200.708229211713,
      "stddev": 96.46792588246694,
      "unit": "ns"
    }
  },
  "json_validation/complex": {
    "current": {
      "mean": 567.2164006523997,
      "stddev": 5.1299204205325415,
      "unit": "ns"
    },
    "new": {
      "mean": 567.2164006523997,
      "stddev": 5.1299204205325415,
      "unit": "ns"
    }
  },
  "json_validation/simple": {
    "current": {
      "mean": 100.84281613071856,
      "stddev": 1.6242019336365061,
      "unit": "ns"
    },
    "new": {
      "mean": 100.84281613071856,
      "stddev": 1.6242019336365061,
      "unit": "ns"
    }
  },
  "memory/deep_template_rendering": {
    "current": {
      "mean": 1513.2555942589156,
      "stddev": 1.6193774011140247,
      "unit": "ns"
    },
    "new": {
      "mean": 1513.2555942589156,
      "stddev": 1.6193774011140247,
      "unit": "ns"
    }
  },
  "memory/large_data_validation": {
    "current": {
      "mean": 101814.27897785109,
      "stddev": 195.56464971306863,
      "unit": "ns"
    },
    "new": {
      "mean": 101814.27897785109,
      "stddev": 195.56464971306863,
      "unit": "ns"
    }
  },
  "memory/large_spec_parsing": {
    "current": {
      "mean": 7241948.369476913,
      "stddev": 90813.39829255991,
      "unit": "ns"
    },
    "new": {
      "mean": 7241948.369476913,
      "stddev": 90813.39829255991,
      "unit": "ns"
    }
  },
  "openapi_parsing/medium_spec_10_paths": {
    "current": {
      "mean": 173960.34686213077,
      "stddev": 3505.455302255019,
      "unit": "ns"
    },
    "new": {
      "mean": 173960.34686213077,
      "stddev": 3505.455302255019,
      "unit": "ns"
    }
  },
  "openapi_parsing/small_spec": {
    "current": {
      "mean": 24934.638146933034,
      "stddev": 1071.2155905849304,
      "unit": "ns"
    },
    "new": {
      "mean": 24934.638146933034,
      "stddev": 1071.2155905849304,
      "unit": "ns"
    }
  },
  "template_rendering/arrays": {
    "current": {
      "mean": 324.52538937527436,
      "stddev": 6.68941673243938,
      "unit": "ns"
    },
    "new": {
      "mean": 324.52538937527436,
      "stddev": 6.68941673243938,
      "unit": "ns"
    }
  },
  "template_rendering/complex": {
    "current": {
      "mean": 388.11234492688214,
      "stddev": 3.8302428139945253,
      "unit": "ns"
    },
    "new": {
      "mean": 388.11234492688214,
      "stddev": 3.8302428139945253,
      "unit": "ns"
    }
  },
  "template_rendering/simple": {
    "current": {
      "mean": 970.7722848319241,
      "stddev": 165.35764752059757,
      "unit": "ns"
    },
    "new": {
      "mean": 970.7722848319241,
      "stddev": 165.35764752059757,
      "unit": "ns"
    }
  }
}