{
  "data_generation/generate_single_record": {
    "current": {
      "mean": 760.492388279453,
      "stddev": 6.651516869030961,
      "unit": "ns"
    },
    "new": {
      "mean": 760.492388279453,
      "stddev": 6.651516869030961,
      "unit": "ns"
    }
  },
  "encryption/aes256_gcm": {
    "current": {
      "mean": 1093.0085725045874,
      "stddev": 14.280305037734403,
      "unit": "ns"
    },
    "new": {
      "mean": 1093.0085725045874,
      "stddev": 14.280305037734403,
      "unit": "ns"
    }
  },
  "encryption/chacha20_poly1305": {
    "current": {
      "mean": 4163.884909552635,
      "stddev": 11.66587952096407,
      "unit": "ns"
    },
    "new": {
      "mean": 4163.884909552635,
      "stddev": 11.66587952096407,
      "unit": "ns"
    }
  },
  "json_validation/complex": {
    "current": {
      "mean": 579.7371890193155,
      "stddev": 9.598686562796384,
      "unit": "ns"
    },
    "new": {
      "mean": 579.7371890193155,
      "stddev": 9.598686562796384,
      "unit": "ns"
    }
  },
  "json_validation/simple": {
    "current": {
      "mean": 97.60912201943717,
      "stddev": 1.7608647713255994,
      "unit": "ns"
    },
    "new": {
      "mean": 97.60912201943717,
      "stddev": 1.7608647713255994,
      "unit": "ns"
    }
  },
  "memory/deep_template_rendering": {
    "current": {
      "mean": 1419.871317383217,
      "stddev": 0.9466144976983315,
      "unit": "ns"
    },
    "new": {
      "mean": 1419.871317383217,
      "stddev": 0.9466144976983315,
      "unit": "ns"
    }
  },
  "memory/large_data_validation": {
    "current": {
      "mean": 106161.15008244295,
      "stddev": 237.23289510530273,
      "unit": "ns"
    },
    "new": {
      "mean": 106161.15008244295,
      "stddev": 237.23289510530273,
      "unit": "ns"
    }
  },
  "memory/large_spec_parsing": {
    "current": {
      "mean": 7154743.481006494,
      "stddev": 51735.46911556949,
      "unit": "ns"
    },
    "new": {
      "mean": 7154743.481006494,
      "stddev": 51735.46911556949,
      "unit": "ns"
    }
  },
  "openapi_parsing/medium_spec_10_paths": {
    "current": {
      "mean": 171251.50850286573,
      "stddev": 3307.6559396855178,
      "unit": "ns"
    },
    "new": {
      "mean": 171251.50850286573,
      "stddev": 3307.6559396855178,
      "unit": "ns"
    }
  },
  "openapi_parsing/small_spec": {
    "current": {
      "mean": 24065.3661915206,
      "stddev": 181.71357834323172,
      "unit": "ns"
    },
    "new": {
      "mean": 24065.3661915206,
      "stddev": 181.71357834323172,
      "unit": "ns"
    }
  },
  "template_rendering/arrays": {
    "current": {
      "mean": 313.662936374373,
      "stddev": 15.068598369610841,
      "unit": "ns"
    },
    "new": {
      "mean": 313.662936374373,
      "stddev": 15.068598369610841,
      "unit": "ns"
    }
  },
  "template_rendering/complex": {
    "current": {
      "mean": 366.4033534926,
      "stddev": 6.449999056729549,
      "unit": "ns"
    },
    "new": {
      "mean": 366.4033534926,
      "stddev": 6.449999056729549,
      "unit": "ns"
    }
  },
  "template_rendering/simple": {
    "current": {
      "mean": 909.303468962634,
      "stddev": 9.13869868439041,
      "unit": "ns"
    },
    "new": {
      "mean": 909.303468962634,
      "stddev": 9.13869868439041,
      "unit": "ns"
    }
  }
}