{
  "data_generation/generate_single_record": {
    "current": {
      "mean": 754.730920007448,
      "stddev": 11.013119860482753,
      "unit": "ns"
    },
    "new": {
      "mean": 754.730920007448,
      "stddev": 11.013119860482753,
      "unit": "ns"
    }
  },
  "encryption/aes256_gcm": {
    "current": {
      "mean": 1129.2764548256978,
      "stddev": 14.44194170532328,
      "unit": "ns"
    },
    "new": {
      "mean": 1129.2764548256978,
      "stddev": 14.44194170532328,
      "unit": "ns"
    }
  },
  "encryption/chacha20_poly1305": {
    "current": {
      "mean": 4182.132191978409,
      "stddev": 19.283354679832225,
      "unit": "ns"
    },
    "new": {
      "mean": 4182.132191978409,
      "stddev": 19.283354679832225,
      "unit": "ns"
    }
  },
  "json_validation/complex": {
    "current": {
      "mean": 585.5959094699133,
      "stddev": 8.227358007101763,
      "unit": "ns"
    },
    "new": {
      "mean": 585.5959094699133,
      "stddev": 8.227358007101763,
      "unit": "ns"
    }
  },
  "json_validation/simple": {
    "current": {
      "mean": 104.39107504206112,
      "stddev": 1.5994802224994553,
      "unit": "ns"
    },
    "new": {
      "mean": 104.39107504206112,
      "stddev": 1.5994802224994553,
      "unit": "ns"
    }
  },
  "memory/deep_template_rendering": {
    "current": {
      "mean": 1460.2627558474323,
      "stddev": 1.5664412631387485,
      "unit": "ns"
    },
    "new": {
      "mean": 1460.2627558474323,
      "stddev": 1.5664412631387485,
      "unit": "ns"
    }
  },
  "memory/large_data_validation": {
    "current": {
      "mean": 105097.31839106299,
      "stddev": 308.6826686301584,
      "unit": "ns"
    },
    "new": {
      "mean": 105097.31839106299,
      "stddev": 308.6826686301584,
      "unit": "ns"
    }
  },
  "memory/large_spec_parsing": {
    "current": {
      "mean": 6905964.600016534,
      "stddev": 9136.551131656619,
      "unit": "ns"
    },
    "new": {
      "mean": 6905964.600016534,
      "stddev": 9136.551131656619,
      "unit": "ns"
    }
  },
  "openapi_parsing/medium_spec_10_paths": {
    "current": {
      "mean": 173010.68538107123,
      "stddev": 2114.7112772809446,
      "unit": "ns"
    },
    "new": {
      "mean": 173010.68538107123,
      "stddev": 2114.7112772809446,
      "unit": "ns"
    }
  },
  "openapi_parsing/small_spec": {
    "current": {
      "mean": 24533.713329934744,
      "stddev": 281.0836276829941,
      "unit": "ns"
    },
    "new": {
      "mean": 24533.713329934744,
      "stddev": 281.0836276829941,
      "unit": "ns"
    }
  },
  "template_rendering/arrays": {
    "current": {
      "mean": 320.1089119640575,
      "stddev": 3.917770668846858,
      "unit": "ns"
    },
    "new": {
      "mean": 320.1089119640575,
      "stddev": 3.917770668846858,
      "unit": "ns"
    }
  },
  "template_rendering/complex": {
    "current": {
      "mean": 377.8751417472641,
      "stddev": 2.4204015266847603,
      "unit": "ns"
    },
    "new": {
      "mean": 377.8751417472641,
      "stddev": 2.4204015266847603,
      "unit": "ns"
    }
  },
  "template_rendering/simple": {
    "current": {
      "mean": 919.4777252828045,
      "stddev": 11.088827227396985,
      "unit": "ns"
    },
    "new": {
      "mean": 919.4777252828045,
      "stddev": 11.088827227396985,
      "unit": "ns"
    }
  }
}