{
  "data_generation/generate_single_record": {
    "current": {
      "mean": 0.6228078057141648,
      "stddev": 0.004275953318241335,
      "unit": "ns"
    },
    "new": {
      "mean": 0.6228078057141648,
      "stddev": 0.004275953318241335,
      "unit": "ns"
    }
  },
  "encryption/placeholder": {
    "current": {
      "mean": 1.2438297710805633,
      "stddev": 0.008460066029157635,
      "unit": "ns"
    },
    "new": {
      "mean": 1.2438297710805633,
      "stddev": 0.008460066029157635,
      "unit": "ns"
    }
  },
  "json_validation/complex": {
    "current": {
      "mean": 571.0576576481914,
      "stddev": 7.123246696547496,
      "unit": "ns"
    },
    "new": {
      "mean": 571.0576576481914,
      "stddev": 7.123246696547496,
      "unit": "ns"
    }
  },
  "json_validation/simple": {
    "current": {
      "mean": 98.45505244341658,
      "stddev": 0.6970095199403029,
      "unit": "ns"
    },
    "new": {
      "mean": 98.45505244341658,
      "stddev": 0.6970095199403029,
      "unit": "ns"
    }
  },
  "memory/deep_template_rendering": {
    "current": {
      "mean": 1525.8503249834794,
      "stddev": 1.9384575875768442,
      "unit": "ns"
    },
    "new": {
      "mean": 1525.8503249834794,
      "stddev": 1.9384575875768442,
      "unit": "ns"
    }
  },
  "memory/large_data_validation": {
    "current": {
      "mean": 104671.98498445314,
      "stddev": 332.47260466929845,
      "unit": "ns"
    },
    "new": {
      "mean": 104671.98498445314,
      "stddev": 332.47260466929845,
      "unit": "ns"
    }
  },
  "memory/large_spec_parsing": {
    "current": {
      "mean": 7187665.388896105,
      "stddev": 98831.64442691517,
      "unit": "ns"
    },
    "new": {
      "mean": 7187665.388896105,
      "stddev": 98831.64442691517,
      "unit": "ns"
    }
  },
  "openapi_parsing/medium_spec_10_paths": {
    "current": {
      "mean": 171136.07462638762,
      "stddev": 2531.813142552051,
      "unit": "ns"
    },
    "new": {
      "mean": 171136.07462638762,
      "stddev": 2531.813142552051,
      "unit": "ns"
    }
  },
  "openapi_parsing/small_spec": {
    "current": {
      "mean": 24314.805804481908,
      "stddev": 227.03962978848415,
      "unit": "ns"
    },
    "new": {
      "mean": 24314.805804481908,
      "stddev": 227.03962978848415,
      "unit": "ns"
    }
  },
  "template_rendering/arrays": {
    "current": {
      "mean": 318.0987897289813,
      "stddev": 1.5987705370899665,
      "unit": "ns"
    },
    "new": {
      "mean": 318.0987897289813,
      "stddev": 1.5987705370899665,
      "unit": "ns"
    }
  },
  "template_rendering/complex": {
    "current": {
      "mean": 382.91910990075803,
      "stddev": 7.184757544874085,
      "unit": "ns"
    },
    "new": {
      "mean": 382.91910990075803,
      "stddev": 7.184757544874085,
      "unit": "ns"
    }
  },
  "template_rendering/simple": {
    "current": {
      "mean": 423.3313375799701,
      "stddev": 2.181596747923161,
      "unit": "ns"
    },
    "new": {
      "mean": 423.3313375799701,
      "stddev": 2.181596747923161,
      "unit": "ns"
    }
  }
}