{
  "data_generation/generate_single_record": {
    "current": {
      "mean": 757.5264213212163,
      "stddev": 9.121693745402196,
      "unit": "ns"
    },
    "new": {
      "mean": 757.5264213212163,
      "stddev": 9.121693745402196,
      "unit": "ns"
    }
  },
  "encryption/aes256_gcm": {
    "current": {
      "mean": 1088.232990137831,
      "stddev": 6.203039623927059,
      "unit": "ns"
    },
    "new": {
      "mean": 1088.232990137831,
      "stddev": 6.203039623927059,
      "unit": "ns"
    }
  },
  "encryption/chacha20_poly1305": {
    "current": {
      "mean": 4165.642756636761,
      "stddev": 14.921589946008675,
      "unit": "ns"
    },
    "new": {
      "mean": 4165.642756636761,
      "stddev": 14.921589946008675,
      "unit": "ns"
    }
  },
  "json_validation/complex": {
    "current": {
      "mean": 579.046708504327,
      "stddev": 12.345928871948733,
      "unit": "ns"
    },
    "new": {
      "mean": 579.046708504327,
      "stddev": 12.345928871948733,
      "unit": "ns"
    }
  },
  "json_validation/simple": {
    "current": {
      "mean": 103.82759862372274,
      "stddev": 2.0101457568483156,
      "unit": "ns"
    },
    "new": {
      "mean": 103.82759862372274,
      "stddev": 2.0101457568483156,
      "unit": "ns"
    }
  },
  "memory/deep_template_rendering": {
    "current": {
      "mean": 1478.6515479841976,
      "stddev": 2.690780576174292,
      "unit": "ns"
    },
    "new": {
      "mean": 1478.6515479841976,
      "stddev": 2.690780576174292,
      "unit": "ns"
    }
  },
  "memory/large_data_validation": {
    "current": {
      "mean": 108596.47104781857,
      "stddev": 267.0534136680391,
      "unit": "ns"
    },
    "new": {
      "mean": 108596.47104781857,
      "stddev": 267.0534136680391,
      "unit": "ns"
    }
  },
  "memory/large_spec_parsing": {
    "current": {
      "mean": 7507639.484469697,
      "stddev": 338773.8623165713,
      "unit": "ns"
    },
    "new": {
      "mean": 7507639.484469697,
      "stddev": 338773.8623165713,
      "unit": "ns"
    }
  },
  "openapi_parsing/medium_spec_10_paths": {
    "current": {
      "mean": 171259.2638965256,
      "stddev": 2121.2174795869373,
      "unit": "ns"
    },
    "new": {
      "mean": 171259.2638965256,
      "stddev": 2121.2174795869373,
      "unit": "ns"
    }
  },
  "openapi_parsing/small_spec": {
    "current": {
      "mean": 24171.781727613343,
      "stddev": 627.1266872126658,
      "unit": "ns"
    },
    "new": {
      "mean": 24171.781727613343,
      "stddev": 627.1266872126658,
      "unit": "ns"
    }
  },
  "template_rendering/arrays": {
    "current": {
      "mean": 332.3787491254781,
      "stddev": 9.716271235708339,
      "unit": "ns"
    },
    "new": {
      "mean": 332.3787491254781,
      "stddev": 9.716271235708339,
      "unit": "ns"
    }
  },
  "template_rendering/complex": {
    "current": {
      "mean": 383.06113797074687,
      "stddev": 5.20488071546905,
      "unit": "ns"
    },
    "new": {
      "mean": 383.06113797074687,
      "stddev": 5.20488071546905,
      "unit": "ns"
    }
  },
  "template_rendering/simple": {
    "current": {
      "mean": 898.515098302884,
      "stddev": 21.573286208991906,
      "unit": "ns"
    },
    "new": {
      "mean": 898.515098302884,
      "stddev": 21.573286208991906,
      "unit": "ns"
    }
  }
}