{
  "data_generation/generate_single_record": {
    "current": {
      "mean": 774.1714625309805,
      "stddev": 10.931521900733713,
      "unit": "ns"
    },
    "new": {
      "mean": 774.1714625309805,
      "stddev": 10.931521900733713,
      "unit": "ns"
    }
  },
  "encryption/aes256_gcm": {
    "current": {
      "mean": 1118.7374304714153,
      "stddev": 10.509525557395493,
      "unit": "ns"
    },
    "new": {
      "mean": 1118.7374304714153,
      "stddev": 10.509525557395493,
      "unit": "ns"
    }
  },
  "encryption/chacha20_poly1305": {
    "current": {
      "mean": 4240.260493613625,
      "stddev": 16.855703503978816,
      "unit": "ns"
    },
    "new": {
      "mean": 4240.260493613625,
      "stddev": 16.855703503978816,
      "unit": "ns"
    }
  },
  "json_validation/complex": {
    "current": {
      "mean": 578.494512509707,
      "stddev": 2.5529788527907193,
      "unit": "ns"
    },
    "new": {
      "mean": 578.494512509707,
      "stddev": 2.5529788527907193,
      "unit": "ns"
    }
  },
  "json_validation/simple": {
    "current": {
      "mean": 98.08039626673757,
      "stddev": 0.8630593702006673,
      "unit": "ns"
    },
    "new": {
      "mean": 98.08039626673757,
      "stddev": 0.8630593702006673,
      "unit": "ns"
    }
  },
  "memory/deep_template_rendering": {
    "current": {
      "mean": 1450.0810793270593,
      "stddev": 2.8861514749562,
      "unit": "ns"
    },
    "new": {
      "mean": 1450.0810793270593,
      "stddev": 2.8861514749562,
      "unit": "ns"
    }
  },
  "memory/large_data_validation": {
    "current": {
      "mean": 104685.22753612405,
      "stddev": 164.61237711616388,
      "unit": "ns"
    },
    "new": {
      "mean": 104685.22753612405,
      "stddev": 164.61237711616388,
      "unit": "ns"
    }
  },
  "memory/large_spec_parsing": {
    "current": {
      "mean": 6920363.772400792,
      "stddev": 22243.26096758242,
      "unit": "ns"
    },
    "new": {
      "mean": 6920363.772400792,
      "stddev": 22243.26096758242,
      "unit": "ns"
    }
  },
  "openapi_parsing/medium_spec_10_paths": {
    "current": {
      "mean": 167562.46777718802,
      "stddev": 2154.59076631979,
      "unit": "ns"
    },
    "new": {
      "mean": 167562.46777718802,
      "stddev": 2154.59076631979,
      "unit": "ns"
    }
  },
  "openapi_parsing/small_spec": {
    "current": {
      "mean": 24139.488248200727,
      "stddev": 237.4136642252117,
      "unit": "ns"
    },
    "new": {
      "mean": 24139.488248200727,
      "stddev": 237.4136642252117,
      "unit": "ns"
    }
  },
  "template_rendering/arrays": {
    "current": {
      "mean": 317.83585616440337,
      "stddev": 5.205696810040446,
      "unit": "ns"
    },
    "new": {
      "mean": 317.83585616440337,
      "stddev": 5.205696810040446,
      "unit": "ns"
    }
  },
  "template_rendering/complex": {
    "current": {
      "mean": 377.27595721629257,
      "stddev": 6.297002696113137,
      "unit": "ns"
    },
    "new": {
      "mean": 377.27595721629257,
      "stddev": 6.297002696113137,
      "unit": "ns"
    }
  },
  "template_rendering/simple": {
    "current": {
      "mean": 899.9637062247986,
      "stddev": 4.651058983260815,
      "unit": "ns"
    },
    "new": {
      "mean": 899.9637062247986,
      "stddev": 4.651058983260815,
      "unit": "ns"
    }
  }
}