{
  "data_generation/generate_single_record": {
    "current": {
      "mean": 807.1815177907589,
      "stddev": 7.549995000436808,
      "unit": "ns"
    },
    "new": {
      "mean": 807.1815177907589,
      "stddev": 7.549995000436808,
      "unit": "ns"
    }
  },
  "encryption/aes256_gcm": {
    "current": {
      "mean": 1099.6584713908562,
      "stddev": 7.002143718378336,
      "unit": "ns"
    },
    "new": {
      "mean": 1099.6584713908562,
      "stddev": 7.002143718378336,
      "unit": "ns"
    }
  },
  "encryption/chacha20_poly1305": {
    "current": {
      "mean": 4102.623153761002,
      "stddev": 25.422666358014,
      "unit": "ns"
    },
    "new": {
      "mean": 4102.623153761002,
      "stddev": 25.422666358014,
      "unit": "ns"
    }
  },
  "json_validation/complex": {
    "current": {
      "mean": 592.5481903018497,
      "stddev": 5.416774674957868,
      "unit": "ns"
    },
    "new": {
      "mean": 592.5481903018497,
      "stddev": 5.416774674957868,
      "unit": "ns"
    }
  },
  "json_validation/simple": {
    "current": {
      "mean": 128.34617783301155,
      "stddev": 1.745363290046767,
      "unit": "ns"
    },
    "new": {
      "mean": 128.34617783301155,
      "stddev": 1.745363290046767,
      "unit": "ns"
    }
  },
  "memory/deep_template_rendering": {
    "current": {
      "mean": 1443.3705303823006,
      "stddev": 2.1961736201893105,
      "unit": "ns"
    },
    "new": {
      "mean": 1443.3705303823006,
      "stddev": 2.1961736201893105,
      "unit": "ns"
    }
  },
  "memory/large_data_validation": {
    "current": {
      "mean": 109374.75149474593,
      "stddev": 1129.647758448035,
      "unit": "ns"
    },
    "new": {
      "mean": 109374.75149474593,
      "stddev": 1129.647758448035,
      "unit": "ns"
    }
  },
  "memory/large_spec_parsing": {
    "current": {
      "mean": 6929403.521583994,
      "stddev": 26060.941827047784,
      "unit": "ns"
    },
    "new": {
      "mean": 6929403.521583994,
      "stddev": 26060.941827047784,
      "unit": "ns"
    }
  },
  "openapi_parsing/medium_spec_10_paths": {
    "current": {
      "mean": 171842.96610861472,
      "stddev": 4247.134038289173,
      "unit": "ns"
    },
    "new": {
      "mean": 171842.96610861472,
      "stddev": 4247.134038289173,
      "unit": "ns"
    }
  },
  "openapi_parsing/small_spec": {
    "current": {
      "mean": 24247.25320272983,
      "stddev": 262.3612984029112,
      "unit": "ns"
    },
    "new": {
      "mean": 24247.25320272983,
      "stddev": 262.3612984029112,
      "unit": "ns"
    }
  },
  "template_rendering/arrays": {
    "current": {
      "mean": 318.66172375997786,
      "stddev": 10.60217699885584,
      "unit": "ns"
    },
    "new": {
      "mean": 318.66172375997786,
      "stddev": 10.60217699885584,
      "unit": "ns"
    }
  },
  "template_rendering/complex": {
    "current": {
      "mean": 376.2281097188233,
      "stddev": 5.735846965979428,
      "unit": "ns"
    },
    "new": {
      "mean": 376.2281097188233,
      "stddev": 5.735846965979428,
      "unit": "ns"
    }
  },
  "template_rendering/simple": {
    "current": {
      "mean": 896.7072918078545,
      "stddev": 13.45969790239408,
      "unit": "ns"
    },
    "new": {
      "mean": 896.7072918078545,
      "stddev": 13.45969790239408,
      "unit": "ns"
    }
  }
}