{
  "data_generation/generate_single_record": {
    "current": {
      "mean": 0.6231690705856429,
      "stddev": 0.007278418021436783,
      "unit": "ns"
    },
    "new": {
      "mean": 0.6231690705856429,
      "stddev": 0.007278418021436783,
      "unit": "ns"
    }
  },
  "encryption/placeholder": {
    "current": {
      "mean": 1.2530757669269337,
      "stddev": 0.05672666322863899,
      "unit": "ns"
    },
    "new": {
      "mean": 1.2530757669269337,
      "stddev": 0.05672666322863899,
      "unit": "ns"
    }
  },
  "json_validation/complex": {
    "current": {
      "mean": 9176.511365226426,
      "stddev": 155.04015628195592,
      "unit": "ns"
    },
    "new": {
      "mean": 9176.511365226426,
      "stddev": 155.04015628195592,
      "unit": "ns"
    }
  },
  "json_validation/simple": {
    "current": {
      "mean": 3524.3490659899344,
      "stddev": 133.7077079967244,
      "unit": "ns"
    },
    "new": {
      "mean": 3524.3490659899344,
      "stddev": 133.7077079967244,
      "unit": "ns"
    }
  },
  "memory/deep_template_rendering": {
    "current": {
      "mean": 3008.3644449569592,
      "stddev": 11.304801931250871,
      "unit": "ns"
    },
    "new": {
      "mean": 3008.3644449569592,
      "stddev": 11.304801931250871,
      "unit": "ns"
    }
  },
  "memory/large_data_validation": {
    "current": {
      "mean": 131681.0314316733,
      "stddev": 411.7062766290101,
      "unit": "ns"
    },
    "new": {
      "mean": 131681.0314316733,
      "stddev": 411.7062766290101,
      "unit": "ns"
    }
  },
  "memory/large_spec_parsing": {
    "current": {
      "mean": 7144138.648167389,
      "stddev": 177301.28381664972,
      "unit": "ns"
    },
    "new": {
      "mean": 7144138.648167389,
      "stddev": 177301.28381664972,
      "unit": "ns"
    }
  },
  "openapi_parsing/medium_spec_10_paths": {
    "current": {
      "mean": 176736.34743521042,
      "stddev": 3510.573778712739,
      "unit": "ns"
    },
    "new": {
      "mean": 176736.34743521042,
      "stddev": 3510.573778712739,
      "unit": "ns"
    }
  },
  "openapi_parsing/small_spec": {
    "current": {
      "mean": 24848.124259378856,
      "stddev": 603.5140738795102,
      "unit": "ns"
    },
    "new": {
      "mean": 24848.124259378856,
      "stddev": 603.5140738795102,
      "unit": "ns"
    }
  },
  "template_rendering/arrays": {
    "current": {
      "mean": 1554.9663799445768,
      "stddev": 108.26118326765757,
      "unit": "ns"
    },
    "new": {
      "mean": 1554.9663799445768,
      "stddev": 108.26118326765757,
      "unit": "ns"
    }
  },
  "template_rendering/complex": {
    "current": {
      "mean": 1657.225957369403,
      "stddev": 33.169746717428815,
      "unit": "ns"
    },
    "new": {
      "mean": 1657.225957369403,
      "stddev": 33.169746717428815,
      "unit": "ns"
    }
  },
  "template_rendering/simple": {
    "current": {
      "mean": 1574.5266479995962,
      "stddev": 120.29501390879435,
      "unit": "ns"
    },
    "new": {
      "mean": 1574.5266479995962,
      "stddev": 120.29501390879435,
      "unit": "ns"
    }
  }
}