{
  "data_generation/generate_single_record": {
    "current": {
      "mean": 766.3376801183294,
      "stddev": 5.443468804711803,
      "unit": "ns"
    },
    "new": {
      "mean": 766.3376801183294,
      "stddev": 5.443468804711803,
      "unit": "ns"
    }
  },
  "encryption/aes256_gcm": {
    "current": {
      "mean": 1095.1911626572426,
      "stddev": 6.082773392739199,
      "unit": "ns"
    },
    "new": {
      "mean": 1095.1911626572426,
      "stddev": 6.082773392739199,
      "unit": "ns"
    }
  },
  "encryption/chacha20_poly1305": {
    "current": {
      "mean": 4159.311764017444,
      "stddev": 23.534360404764076,
      "unit": "ns"
    },
    "new": {
      "mean": 4159.311764017444,
      "stddev": 23.534360404764076,
      "unit": "ns"
    }
  },
  "json_validation/complex": {
    "current": {
      "mean": 589.5501765525842,
      "stddev": 14.666230671741747,
      "unit": "ns"
    },
    "new": {
      "mean": 589.5501765525842,
      "stddev": 14.666230671741747,
      "unit": "ns"
    }
  },
  "json_validation/simple": {
    "current": {
      "mean": 99.27579532798369,
      "stddev": 1.6028130045963396,
      "unit": "ns"
    },
    "new": {
      "mean": 99.27579532798369,
      "stddev": 1.6028130045963396,
      "unit": "ns"
    }
  },
  "memory/deep_template_rendering": {
    "current": {
      "mean": 1416.411037242139,
      "stddev": 1.5388887921040768,
      "unit": "ns"
    },
    "new": {
      "mean": 1416.411037242139,
      "stddev": 1.5388887921040768,
      "unit": "ns"
    }
  },
  "memory/large_data_validation": {
    "current": {
      "mean": 107143.01302470348,
      "stddev": 1040.0321773538071,
      "unit": "ns"
    },
    "new": {
      "mean": 107143.01302470348,
      "stddev": 1040.0321773538071,
      "unit": "ns"
    }
  },
  "memory/large_spec_parsing": {
    "current": {
      "mean": 6988576.567099866,
      "stddev": 22185.266360750724,
      "unit": "ns"
    },
    "new": {
      "mean": 6988576.567099866,
      "stddev": 22185.266360750724,
      "unit": "ns"
    }
  },
  "openapi_parsing/medium_spec_10_paths": {
    "current": {
      "mean": 171813.87962965982,
      "stddev": 2602.0649210125825,
      "unit": "ns"
    },
    "new": {
      "mean": 171813.87962965982,
      "stddev": 2602.0649210125825,
      "unit": "ns"
    }
  },
  "openapi_parsing/small_spec": {
    "current": {
      "mean": 24442.044090071846,
      "stddev": 219.51160890924555,
      "unit": "ns"
    },
    "new": {
      "mean": 24442.044090071846,
      "stddev": 219.51160890924555,
      "unit": "ns"
    }
  },
  "template_rendering/arrays": {
    "current": {
      "mean": 310.72441820249,
      "stddev": 4.656762941401716,
      "unit": "ns"
    },
    "new": {
      "mean": 310.72441820249,
      "stddev": 4.656762941401716,
      "unit": "ns"
    }
  },
  "template_rendering/complex": {
    "current": {
      "mean": 365.6039810179549,
      "stddev": 5.966437390732945,
      "unit": "ns"
    },
    "new": {
      "mean": 365.6039810179549,
      "stddev": 5.966437390732945,
      "unit": "ns"
    }
  },
  "template_rendering/simple": {
    "current": {
      "mean": 901.2176692482925,
      "stddev": 7.675588707503706,
      "unit": "ns"
    },
    "new": {
      "mean": 901.2176692482925,
      "stddev": 7.675588707503706,
      "unit": "ns"
    }
  }
}