{
  "data_generation/generate_single_record": {
    "current": {
      "mean": 751.1030715428518,
      "stddev": 5.852942688152024,
      "unit": "ns"
    },
    "new": {
      "mean": 751.1030715428518,
      "stddev": 5.852942688152024,
      "unit": "ns"
    }
  },
  "encryption/aes256_gcm": {
    "current": {
      "mean": 1100.2942986350315,
      "stddev": 12.819555516575523,
      "unit": "ns"
    },
    "new": {
      "mean": 1100.2942986350315,
      "stddev": 12.819555516575523,
      "unit": "ns"
    }
  },
  "encryption/chacha20_poly1305": {
    "current": {
      "mean": 4211.241151088524,
      "stddev": 22.785920068977877,
      "unit": "ns"
    },
    "new": {
      "mean": 4211.241151088524,
      "stddev": 22.785920068977877,
      "unit": "ns"
    }
  },
  "json_validation/complex": {
    "current": {
      "mean": 593.9296021517824,
      "stddev": 11.331550499373947,
      "unit": "ns"
    },
    "new": {
      "mean": 593.9296021517824,
      "stddev": 11.331550499373947,
      "unit": "ns"
    }
  },
  "json_validation/simple": {
    "current": {
      "mean": 98.79301520527783,
      "stddev": 1.576707537369127,
      "unit": "ns"
    },
    "new": {
      "mean": 98.79301520527783,
      "stddev": 1.576707537369127,
      "unit": "ns"
    }
  },
  "memory/deep_template_rendering": {
    "current": {
      "mean": 1465.1666481161715,
      "stddev": 1.99206183918737,
      "unit": "ns"
    },
    "new": {
      "mean": 1465.1666481161715,
      "stddev": 1.99206183918737,
      "unit": "ns"
    }
  },
  "memory/large_data_validation": {
    "current": {
      "mean": 105022.65189361144,
      "stddev": 546.8883104100557,
      "unit": "ns"
    },
    "new": {
      "mean": 105022.65189361144,
      "stddev": 546.8883104100557,
      "unit": "ns"
    }
  },
  "memory/large_spec_parsing": {
    "current": {
      "mean": 6852620.396557538,
      "stddev": 17732.93180223434,
      "unit": "ns"
    },
    "new": {
      "mean": 6852620.396557538,
      "stddev": 17732.93180223434,
      "unit": "ns"
    }
  },
  "openapi_parsing/medium_spec_10_paths": {
    "current": {
      "mean": 165981.37964491657,
      "stddev": 1600.4572083121109,
      "unit": "ns"
    },
    "new": {
      "mean": 165981.37964491657,
      "stddev": 1600.4572083121109,
      "unit": "ns"
    }
  },
  "openapi_parsing/small_spec": {
    "current": {
      "mean": 24287.047862690324,
      "stddev": 2489.110822825731,
      "unit": "ns"
    },
    "new": {
      "mean": 24287.047862690324,
      "stddev": 2489.110822825731,
      "unit": "ns"
    }
  },
  "template_rendering/arrays": {
    "current": {
      "mean": 315.7703527349415,
      "stddev": 2.639441440243023,
      "unit": "ns"
    },
    "new": {
      "mean": 315.7703527349415,
      "stddev": 2.639441440243023,
      "unit": "ns"
    }
  },
  "template_rendering/complex": {
    "current": {
      "mean": 371.36409532867566,
      "stddev": 6.605727820079966,
      "unit": "ns"
    },
    "new": {
      "mean": 371.36409532867566,
      "stddev": 6.605727820079966,
      "unit": "ns"
    }
  },
  "template_rendering/simple": {
    "current": {
      "mean": 1190.929517074866,
      "stddev": 6.655049516841969,
      "unit": "ns"
    },
    "new": {
      "mean": 1190.929517074866,
      "stddev": 6.655049516841969,
      "unit": "ns"
    }
  }
}