{
  "data_generation/generate_single_record": {
    "current": {
      "mean": 768.2517886792982,
      "stddev": 12.741231023549902,
      "unit": "ns"
    },
    "new": {
      "mean": 768.2517886792982,
      "stddev": 12.741231023549902,
      "unit": "ns"
    }
  },
  "encryption/aes256_gcm": {
    "current": {
      "mean": 1103.2780824560216,
      "stddev": 10.262640616372977,
      "unit": "ns"
    },
    "new": {
      "mean": 1103.2780824560216,
      "stddev": 10.262640616372977,
      "unit": "ns"
    }
  },
  "encryption/chacha20_poly1305": {
    "current": {
      "mean": 4169.060434653738,
      "stddev": 12.43654324843513,
      "unit": "ns"
    },
    "new": {
      "mean": 4169.060434653738,
      "stddev": 12.43654324843513,
      "unit": "ns"
    }
  },
  "json_validation/complex": {
    "current": {
      "mean": 584.161975976633,
      "stddev": 6.7475489289604464,
      "unit": "ns"
    },
    "new": {
      "mean": 584.161975976633,
      "stddev": 6.7475489289604464,
      "unit": "ns"
    }
  },
  "json_validation/simple": {
    "current": {
      "mean": 99.64927733680183,
      "stddev": 1.0312395959949567,
      "unit": "ns"
    },
    "new": {
      "mean": 99.64927733680183,
      "stddev": 1.0312395959949567,
      "unit": "ns"
    }
  },
  "memory/deep_template_rendering": {
    "current": {
      "mean": 1446.4643008829114,
      "stddev": 1.581273103926167,
      "unit": "ns"
    },
    "new": {
      "mean": 1446.4643008829114,
      "stddev": 1.581273103926167,
      "unit": "ns"
    }
  },
  "memory/large_data_validation": {
    "current": {
      "mean": 105745.81368469824,
      "stddev": 543.6628674850689,
      "unit": "ns"
    },
    "new": {
      "mean": 105745.81368469824,
      "stddev": 543.6628674850689,
      "unit": "ns"
    }
  },
  "memory/large_spec_parsing": {
    "current": {
      "mean": 6955955.024368386,
      "stddev": 85582.73834985423,
      "unit": "ns"
    },
    "new": {
      "mean": 6955955.024368386,
      "stddev": 85582.73834985423,
      "unit": "ns"
    }
  },
  "openapi_parsing/medium_spec_10_paths": {
    "current": {
      "mean": 167258.14859370378,
      "stddev": 1873.1084058754739,
      "unit": "ns"
    },
    "new": {
      "mean": 167258.14859370378,
      "stddev": 1873.1084058754739,
      "unit": "ns"
    }
  },
  "openapi_parsing/small_spec": {
    "current": {
      "mean": 24206.25717173693,
      "stddev": 338.0883540401841,
      "unit": "ns"
    },
    "new": {
      "mean": 24206.25717173693,
      "stddev": 338.0883540401841,
      "unit": "ns"
    }
  },
  "template_rendering/arrays": {
    "current": {
      "mean": 312.4195010932267,
      "stddev": 2.4736727927434834,
      "unit": "ns"
    },
    "new": {
      "mean": 312.4195010932267,
      "stddev": 2.4736727927434834,
      "unit": "ns"
    }
  },
  "template_rendering/complex": {
    "current": {
      "mean": 371.355302944806,
      "stddev": 2.266314200684673,
      "unit": "ns"
    },
    "new": {
      "mean": 371.355302944806,
      "stddev": 2.266314200684673,
      "unit": "ns"
    }
  },
  "template_rendering/simple": {
    "current": {
      "mean": 899.1474541493997,
      "stddev": 18.711968575672813,
      "unit": "ns"
    },
    "new": {
      "mean": 899.1474541493997,
      "stddev": 18.711968575672813,
      "unit": "ns"
    }
  }
}