{
  "data_generation/generate_single_record": {
    "current": {
      "mean": 776.1509341276252,
      "stddev": 7.619524077230201,
      "unit": "ns"
    },
    "new": {
      "mean": 776.1509341276252,
      "stddev": 7.619524077230201,
      "unit": "ns"
    }
  },
  "encryption/aes256_gcm": {
    "current": {
      "mean": 1080.4007936662151,
      "stddev": 11.05892633374737,
      "unit": "ns"
    },
    "new": {
      "mean": 1080.4007936662151,
      "stddev": 11.05892633374737,
      "unit": "ns"
    }
  },
  "encryption/chacha20_poly1305": {
    "current": {
      "mean": 4140.345655936559,
      "stddev": 19.382273235393615,
      "unit": "ns"
    },
    "new": {
      "mean": 4140.345655936559,
      "stddev": 19.382273235393615,
      "unit": "ns"
    }
  },
  "json_validation/complex": {
    "current": {
      "mean": 572.2442822022758,
      "stddev": 13.552092185192393,
      "unit": "ns"
    },
    "new": {
      "mean": 572.2442822022758,
      "stddev": 13.552092185192393,
      "unit": "ns"
    }
  },
  "json_validation/simple": {
    "current": {
      "mean": 107.40529911044787,
      "stddev": 1.5324968627847182,
      "unit": "ns"
    },
    "new": {
      "mean": 107.40529911044787,
      "stddev": 1.5324968627847182,
      "unit": "ns"
    }
  },
  "memory/deep_template_rendering": {
    "current": {
      "mean": 1486.742716933029,
      "stddev": 1.2504605469215988,
      "unit": "ns"
    },
    "new": {
      "mean": 1486.742716933029,
      "stddev": 1.2504605469215988,
      "unit": "ns"
    }
  },
  "memory/large_data_validation": {
    "current": {
      "mean": 104914.51928454087,
      "stddev": 918.0559563486077,
      "unit": "ns"
    },
    "new": {
      "mean": 104914.51928454087,
      "stddev": 918.0559563486077,
      "unit": "ns"
    }
  },
  "memory/large_spec_parsing": {
    "current": {
      "mean": 6987238.080144299,
      "stddev": 31377.019112062215,
      "unit": "ns"
    },
    "new": {
      "mean": 6987238.080144299,
      "stddev": 31377.019112062215,
      "unit": "ns"
    }
  },
  "openapi_parsing/medium_spec_10_paths": {
    "current": {
      "mean": 169652.1197790362,
      "stddev": 1344.6946118445112,
      "unit": "ns"
    },
    "new": {
      "mean": 169652.1197790362,
      "stddev": 1344.6946118445112,
      "unit": "ns"
    }
  },
  "openapi_parsing/small_spec": {
    "current": {
      "mean": 24111.93272302537,
      "stddev": 171.11708426068142,
      "unit": "ns"
    },
    "new": {
      "mean": 24111.93272302537,
      "stddev": 171.11708426068142,
      "unit": "ns"
    }
  },
  "template_rendering/arrays": {
    "current": {
      "mean": 316.1800390538445,
      "stddev": 9.075426033892478,
      "unit": "ns"
    },
    "new": {
      "mean": 316.1800390538445,
      "stddev": 9.075426033892478,
      "unit": "ns"
    }
  },
  "template_rendering/complex": {
    "current": {
      "mean": 375.18284802834967,
      "stddev": 6.673523205519587,
      "unit": "ns"
    },
    "new": {
      "mean": 375.18284802834967,
      "stddev": 6.673523205519587,
      "unit": "ns"
    }
  },
  "template_rendering/simple": {
    "current": {
      "mean": 905.4356455770712,
      "stddev": 28.08979670890411,
      "unit": "ns"
    },
    "new": {
      "mean": 905.4356455770712,
      "stddev": 28.08979670890411,
      "unit": "ns"
    }
  }
}