{
  "data_generation/generate_single_record": {
    "current": {
      "mean": 797.6735200277761,
      "stddev": 5.4389579343213486,
      "unit": "ns"
    },
    "new": {
      "mean": 797.6735200277761,
      "stddev": 5.4389579343213486,
      "unit": "ns"
    }
  },
  "encryption/aes256_gcm": {
    "current": {
      "mean": 1106.572413947437,
      "stddev": 13.205553686268713,
      "unit": "ns"
    },
    "new": {
      "mean": 1106.572413947437,
      "stddev": 13.205553686268713,
      "unit": "ns"
    }
  },
  "encryption/chacha20_poly1305": {
    "current": {
      "mean": 4656.2010746913475,
      "stddev": 8.85282796528863,
      "unit": "ns"
    },
    "new": {
      "mean": 4656.2010746913475,
      "stddev": 8.85282796528863,
      "unit": "ns"
    }
  },
  "json_validation/complex": {
    "current": {
      "mean": 587.3003230073001,
      "stddev": 3.405054361144899,
      "unit": "ns"
    },
    "new": {
      "mean": 587.3003230073001,
      "stddev": 3.405054361144899,
      "unit": "ns"
    }
  },
  "json_validation/simple": {
    "current": {
      "mean": 118.0809352725722,
      "stddev": 1.865839620486669,
      "unit": "ns"
    },
    "new": {
      "mean": 118.0809352725722,
      "stddev": 1.865839620486669,
      "unit": "ns"
    }
  },
  "memory/deep_template_rendering": {
    "current": {
      "mean": 1438.5692421933813,
      "stddev": 2.0495196998103293,
      "unit": "ns"
    },
    "new": {
      "mean": 1438.5692421933813,
      "stddev": 2.0495196998103293,
      "unit": "ns"
    }
  },
  "memory/large_data_validation": {
    "current": {
      "mean": 107470.14937849478,
      "stddev": 498.0699623965034,
      "unit": "ns"
    },
    "new": {
      "mean": 107470.14937849478,
      "stddev": 498.0699623965034,
      "unit": "ns"
    }
  },
  "memory/large_spec_parsing": {
    "current": {
      "mean": 7131010.172893217,
      "stddev": 9646.753315209722,
      "unit": "ns"
    },
    "new": {
      "mean": 7131010.172893217,
      "stddev": 9646.753315209722,
      "unit": "ns"
    }
  },
  "openapi_parsing/medium_spec_10_paths": {
    "current": {
      "mean": 173362.76994426653,
      "stddev": 6749.674961481252,
      "unit": "ns"
    },
    "new": {
      "mean": 173362.76994426653,
      "stddev": 6749.674961481252,
      "unit": "ns"
    }
  },
  "openapi_parsing/small_spec": {
    "current": {
      "mean": 24116.60024305203,
      "stddev": 422.5313096331848,
      "unit": "ns"
    },
    "new": {
      "mean": 24116.60024305203,
      "stddev": 422.5313096331848,
      "unit": "ns"
    }
  },
  "template_rendering/arrays": {
    "current": {
      "mean": 307.3842038465658,
      "stddev": 5.592780722244664,
      "unit": "ns"
    },
    "new": {
      "mean": 307.3842038465658,
      "stddev": 5.592780722244664,
      "unit": "ns"
    }
  },
  "template_rendering/complex": {
    "current": {
      "mean": 375.7214470522441,
      "stddev": 5.272504506422372,
      "unit": "ns"
    },
    "new": {
      "mean": 375.7214470522441,
      "stddev": 5.272504506422372,
      "unit": "ns"
    }
  },
  "template_rendering/simple": {
    "current": {
      "mean": 970.1335940975353,
      "stddev": 7.802784716160782,
      "unit": "ns"
    },
    "new": {
      "mean": 970.1335940975353,
      "stddev": 7.802784716160782,
      "unit": "ns"
    }
  }
}