{
  "data_generation/generate_single_record": {
    "current": {
      "mean": 0.33645866667624796,
      "stddev": 0.011014611467116062,
      "unit": "ns"
    },
    "new": {
      "mean": 0.33645866667624796,
      "stddev": 0.011014611467116062,
      "unit": "ns"
    }
  },
  "encryption/placeholder": {
    "current": {
      "mean": 0.8674391967944612,
      "stddev": 0.0025354134684241933,
      "unit": "ns"
    },
    "new": {
      "mean": 0.8674391967944612,
      "stddev": 0.0025354134684241933,
      "unit": "ns"
    }
  },
  "json_validation/complex": {
    "current": {
      "mean": 636.135674784559,
      "stddev": 3.9507871637161105,
      "unit": "ns"
    },
    "new": {
      "mean": 636.135674784559,
      "stddev": 3.9507871637161105,
      "unit": "ns"
    }
  },
  "json_validation/simple": {
    "current": {
      "mean": 90.23995688359895,
      "stddev": 0.6760882150541053,
      "unit": "ns"
    },
    "new": {
      "mean": 90.23995688359895,
      "stddev": 0.6760882150541053,
      "unit": "ns"
    }
  },
  "memory/deep_template_rendering": {
    "current": {
      "mean": 1534.7622882490734,
      "stddev": 1.1682153344180242,
      "unit": "ns"
    },
    "new": {
      "mean": 1534.7622882490734,
      "stddev": 1.1682153344180242,
      "unit": "ns"
    }
  },
  "memory/large_data_validation": {
    "current": {
      "mean": 99475.8876551909,
      "stddev": 613.5471867926609,
      "unit": "ns"
    },
    "new": {
      "mean": 99475.8876551909,
      "stddev": 613.5471867926609,
      "unit": "ns"
    }
  },
  "memory/large_spec_parsing": {
    "current": {
      "mean": 7081497.638531746,
      "stddev": 24662.484439959317,
      "unit": "ns"
    },
    "new": {
      "mean": 7081497.638531746,
      "stddev": 24662.484439959317,
      "unit": "ns"
    }
  },
  "openapi_parsing/medium_spec_10_paths": {
    "current": {
      "mean": 165436.24775476457,
      "stddev": 3540.3284095107124,
      "unit": "ns"
    },
    "new": {
      "mean": 165436.24775476457,
      "stddev": 3540.3284095107124,
      "unit": "ns"
    }
  },
  "openapi_parsing/small_spec": {
    "current": {
      "mean": 23125.05392467648,
      "stddev": 659.0254025080205,
      "unit": "ns"
    },
    "new": {
      "mean": 23125.05392467648,
      "stddev": 659.0254025080205,
      "unit": "ns"
    }
  },
  "template_rendering/arrays": {
    "current": {
      "mean": 316.54520477136157,
      "stddev": 6.976395389120377,
      "unit": "ns"
    },
    "new": {
      "mean": 316.54520477136157,
      "stddev": 6.976395389120377,
      "unit": "ns"
    }
  },
  "template_rendering/complex": {
    "current": {
      "mean": 379.0124413595698,
      "stddev": 3.157442193385847,
      "unit": "ns"
    },
    "new": {
      "mean": 379.0124413595698,
      "stddev": 3.157442193385847,
      "unit": "ns"
    }
  },
  "template_rendering/simple": {
    "current": {
      "mean": 338.23877607920105,
      "stddev": 4.117252238657608,
      "unit": "ns"
    },
    "new": {
      "mean": 338.23877607920105,
      "stddev": 4.117252238657608,
      "unit": "ns"
    }
  }
}