{
  "data_generation/generate_single_record": {
    "current": {
      "mean": 0.6240952305190013,
      "stddev": 0.007204947346903476,
      "unit": "ns"
    },
    "new": {
      "mean": 0.6240952305190013,
      "stddev": 0.007204947346903476,
      "unit": "ns"
    }
  },
  "encryption/placeholder": {
    "current": {
      "mean": 1.248122104111201,
      "stddev": 0.02812495834268138,
      "unit": "ns"
    },
    "new": {
      "mean": 1.248122104111201,
      "stddev": 0.02812495834268138,
      "unit": "ns"
    }
  },
  "json_validation/complex": {
    "current": {
      "mean": 9359.196734195135,
      "stddev": 215.9335532149104,
      "unit": "ns"
    },
    "new": {
      "mean": 9359.196734195135,
      "stddev": 215.9335532149104,
      "unit": "ns"
    }
  },
  "json_validation/simple": {
    "current": {
      "mean": 3471.467398227142,
      "stddev": 81.01345274684225,
      "unit": "ns"
    },
    "new": {
      "mean": 3471.467398227142,
      "stddev": 81.01345274684225,
      "unit": "ns"
    }
  },
  "memory/deep_template_rendering": {
    "current": {
      "mean": 3056.567131652018,
      "stddev": 9.150597171109219,
      "unit": "ns"
    },
    "new": {
      "mean": 3056.567131652018,
      "stddev": 9.150597171109219,
      "unit": "ns"
    }
  },
  "memory/large_data_validation": {
    "current": {
      "mean": 127478.13123091767,
      "stddev": 1227.5738814948115,
      "unit": "ns"
    },
    "new": {
      "mean": 127478.13123091767,
      "stddev": 1227.5738814948115,
      "unit": "ns"
    }
  },
  "memory/large_spec_parsing": {
    "current": {
      "mean": 6791240.941760463,
      "stddev": 51110.57322482295,
      "unit": "ns"
    },
    "new": {
      "mean": 6791240.941760463,
      "stddev": 51110.57322482295,
      "unit": "ns"
    }
  },
  "openapi_parsing/medium_spec_10_paths": {
    "current": {
      "mean": 175030.18024212404,
      "stddev": 8730.488736601164,
      "unit": "ns"
    },
    "new": {
      "mean": 175030.18024212404,
      "stddev": 8730.488736601164,
      "unit": "ns"
    }
  },
  "openapi_parsing/small_spec": {
    "current": {
      "mean": 23992.006853599654,
      "stddev": 480.18795657771636,
      "unit": "ns"
    },
    "new": {
      "mean": 23992.006853599654,
      "stddev": 480.18795657771636,
      "unit": "ns"
    }
  },
  "template_rendering/arrays": {
    "current": {
      "mean": 1552.0095411867542,
      "stddev": 77.92807601455866,
      "unit": "ns"
    },
    "new": {
      "mean": 1552.0095411867542,
      "stddev": 77.92807601455866,
      "unit": "ns"
    }
  },
  "template_rendering/complex": {
    "current": {
      "mean": 1660.7597582228577,
      "stddev": 39.09637657609079,
      "unit": "ns"
    },
    "new": {
      "mean": 1660.7597582228577,
      "stddev": 39.09637657609079,
      "unit": "ns"
    }
  },
  "template_rendering/simple": {
    "current": {
      "mean": 1536.974354827652,
      "stddev": 76.37487575250698,
      "unit": "ns"
    },
    "new": {
      "mean": 1536.974354827652,
      "stddev": 76.37487575250698,
      "unit": "ns"
    }
  }
}
