{
  "data_generation/generate_single_record": {
    "current": {
      "mean": 762.0467421205642,
      "stddev": 11.582474990134866,
      "unit": "ns"
    },
    "new": {
      "mean": 762.0467421205642,
      "stddev": 11.582474990134866,
      "unit": "ns"
    }
  },
  "encryption/aes256_gcm": {
    "current": {
      "mean": 1069.3557534256836,
      "stddev": 10.862631547423284,
      "unit": "ns"
    },
    "new": {
      "mean": 1069.3557534256836,
      "stddev": 10.862631547423284,
      "unit": "ns"
    }
  },
  "encryption/chacha20_poly1305": {
    "current": {
      "mean": 4175.293246218805,
      "stddev": 27.062053097217063,
      "unit": "ns"
    },
    "new": {
      "mean": 4175.293246218805,
      "stddev": 27.062053097217063,
      "unit": "ns"
    }
  },
  "json_validation/complex": {
    "current": {
      "mean": 570.9130942512808,
      "stddev": 3.2184418079912414,
      "unit": "ns"
    },
    "new": {
      "mean": 570.9130942512808,
      "stddev": 3.2184418079912414,
      "unit": "ns"
    }
  },
  "json_validation/simple": {
    "current": {
      "mean": 106.10607713622785,
      "stddev": 4.312786748410629,
      "unit": "ns"
    },
    "new": {
      "mean": 106.10607713622785,
      "stddev": 4.312786748410629,
      "unit": "ns"
    }
  },
  "memory/deep_template_rendering": {
    "current": {
      "mean": 1457.8148486617379,
      "stddev": 1.6909099049255798,
      "unit": "ns"
    },
    "new": {
      "mean": 1457.8148486617379,
      "stddev": 1.6909099049255798,
      "unit": "ns"
    }
  },
  "memory/large_data_validation": {
    "current": {
      "mean": 104942.07784037858,
      "stddev": 446.4977655485657,
      "unit": "ns"
    },
    "new": {
      "mean": 104942.07784037858,
      "stddev": 446.4977655485657,
      "unit": "ns"
    }
  },
  "memory/large_spec_parsing": {
    "current": {
      "mean": 6920457.891051588,
      "stddev": 14371.423363289607,
      "unit": "ns"
    },
    "new": {
      "mean": 6920457.891051588,
      "stddev": 14371.423363289607,
      "unit": "ns"
    }
  },
  "openapi_parsing/medium_spec_10_paths": {
    "current": {
      "mean": 169465.639554044,
      "stddev": 1722.904331019765,
      "unit": "ns"
    },
    "new": {
      "mean": 169465.639554044,
      "stddev": 1722.904331019765,
      "unit": "ns"
    }
  },
  "openapi_parsing/small_spec": {
    "current": {
      "mean": 24068.463228110923,
      "stddev": 254.92374940288738,
      "unit": "ns"
    },
    "new": {
      "mean": 24068.463228110923,
      "stddev": 254.92374940288738,
      "unit": "ns"
    }
  },
  "template_rendering/arrays": {
    "current": {
      "mean": 318.054658622701,
      "stddev": 4.410289902702136,
      "unit": "ns"
    },
    "new": {
      "mean": 318.054658622701,
      "stddev": 4.410289902702136,
      "unit": "ns"
    }
  },
  "template_rendering/complex": {
    "current": {
      "mean": 375.8944841962608,
      "stddev": 5.648545678074823,
      "unit": "ns"
    },
    "new": {
      "mean": 375.8944841962608,
      "stddev": 5.648545678074823,
      "unit": "ns"
    }
  },
  "template_rendering/simple": {
    "current": {
      "mean": 913.9670892727379,
      "stddev": 11.535839095116868,
      "unit": "ns"
    },
    "new": {
      "mean": 913.9670892727379,
      "stddev": 11.535839095116868,
      "unit": "ns"
    }
  }
}