{
  "data_generation/generate_single_record": {
    "current": {
      "mean": 753.80700765602,
      "stddev": 5.823176901842523,
      "unit": "ns"
    },
    "new": {
      "mean": 753.80700765602,
      "stddev": 5.823176901842523,
      "unit": "ns"
    }
  },
  "encryption/aes256_gcm": {
    "current": {
      "mean": 1105.213100386234,
      "stddev": 6.604921783548732,
      "unit": "ns"
    },
    "new": {
      "mean": 1105.213100386234,
      "stddev": 6.604921783548732,
      "unit": "ns"
    }
  },
  "encryption/chacha20_poly1305": {
    "current": {
      "mean": 4174.752835480545,
      "stddev": 14.762055214742553,
      "unit": "ns"
    },
    "new": {
      "mean": 4174.752835480545,
      "stddev": 14.762055214742553,
      "unit": "ns"
    }
  },
  "json_validation/complex": {
    "current": {
      "mean": 606.2979127141277,
      "stddev": 8.28925834442745,
      "unit": "ns"
    },
    "new": {
      "mean": 606.2979127141277,
      "stddev": 8.28925834442745,
      "unit": "ns"
    }
  },
  "json_validation/simple": {
    "current": {
      "mean": 108.05549034518937,
      "stddev": 1.2335773951209037,
      "unit": "ns"
    },
    "new": {
      "mean": 108.05549034518937,
      "stddev": 1.2335773951209037,
      "unit": "ns"
    }
  },
  "memory/deep_template_rendering": {
    "current": {
      "mean": 1463.0838931380079,
      "stddev": 1.2860039907602516,
      "unit": "ns"
    },
    "new": {
      "mean": 1463.0838931380079,
      "stddev": 1.2860039907602516,
      "unit": "ns"
    }
  },
  "memory/large_data_validation": {
    "current": {
      "mean": 107117.84758824433,
      "stddev": 259.70569774442924,
      "unit": "ns"
    },
    "new": {
      "mean": 107117.84758824433,
      "stddev": 259.70569774442924,
      "unit": "ns"
    }
  },
  "memory/large_spec_parsing": {
    "current": {
      "mean": 7069693.617200578,
      "stddev": 39130.849034710656,
      "unit": "ns"
    },
    "new": {
      "mean": 7069693.617200578,
      "stddev": 39130.849034710656,
      "unit": "ns"
    }
  },
  "openapi_parsing/medium_spec_10_paths": {
    "current": {
      "mean": 171511.95329807818,
      "stddev": 1326.6978630335864,
      "unit": "ns"
    },
    "new": {
      "mean": 171511.95329807818,
      "stddev": 1326.6978630335864,
      "unit": "ns"
    }
  },
  "openapi_parsing/small_spec": {
    "current": {
      "mean": 24578.96743916249,
      "stddev": 298.02421108929684,
      "unit": "ns"
    },
    "new": {
      "mean": 24578.96743916249,
      "stddev": 298.02421108929684,
      "unit": "ns"
    }
  },
  "template_rendering/arrays": {
    "current": {
      "mean": 327.2428749587866,
      "stddev": 4.849845511857077,
      "unit": "ns"
    },
    "new": {
      "mean": 327.2428749587866,
      "stddev": 4.849845511857077,
      "unit": "ns"
    }
  },
  "template_rendering/complex": {
    "current": {
      "mean": 381.7134311573745,
      "stddev": 5.420231905686435,
      "unit": "ns"
    },
    "new": {
      "mean": 381.7134311573745,
      "stddev": 5.420231905686435,
      "unit": "ns"
    }
  },
  "template_rendering/simple": {
    "current": {
      "mean": 917.7510167405103,
      "stddev": 16.88774807453951,
      "unit": "ns"
    },
    "new": {
      "mean": 917.7510167405103,
      "stddev": 16.88774807453951,
      "unit": "ns"
    }
  }
}