{
  "data_generation/generate_single_record": {
    "current": {
      "mean": 759.1184362481195,
      "stddev": 16.84569242227651,
      "unit": "ns"
    },
    "new": {
      "mean": 759.1184362481195,
      "stddev": 16.84569242227651,
      "unit": "ns"
    }
  },
  "encryption/aes256_gcm": {
    "current": {
      "mean": 1117.0357447590848,
      "stddev": 5.214668265290862,
      "unit": "ns"
    },
    "new": {
      "mean": 1117.0357447590848,
      "stddev": 5.214668265290862,
      "unit": "ns"
    }
  },
  "encryption/chacha20_poly1305": {
    "current": {
      "mean": 4141.224871461601,
      "stddev": 11.750551892324921,
      "unit": "ns"
    },
    "new": {
      "mean": 4141.224871461601,
      "stddev": 11.750551892324921,
      "unit": "ns"
    }
  },
  "json_validation/complex": {
    "current": {
      "mean": 612.901381647564,
      "stddev": 6.911804126227768,
      "unit": "ns"
    },
    "new": {
      "mean": 612.901381647564,
      "stddev": 6.911804126227768,
      "unit": "ns"
    }
  },
  "json_validation/simple": {
    "current": {
      "mean": 100.75739108587571,
      "stddev": 0.7549856758272516,
      "unit": "ns"
    },
    "new": {
      "mean": 100.75739108587571,
      "stddev": 0.7549856758272516,
      "unit": "ns"
    }
  },
  "memory/deep_template_rendering": {
    "current": {
      "mean": 1445.0534221039957,
      "stddev": 1.305212809264414,
      "unit": "ns"
    },
    "new": {
      "mean": 1445.0534221039957,
      "stddev": 1.305212809264414,
      "unit": "ns"
    }
  },
  "memory/large_data_validation": {
    "current": {
      "mean": 105540.1509763649,
      "stddev": 474.3595873240996,
      "unit": "ns"
    },
    "new": {
      "mean": 105540.1509763649,
      "stddev": 474.3595873240996,
      "unit": "ns"
    }
  },
  "memory/large_spec_parsing": {
    "current": {
      "mean": 7158319.661724387,
      "stddev": 44452.621587897185,
      "unit": "ns"
    },
    "new": {
      "mean": 7158319.661724387,
      "stddev": 44452.621587897185,
      "unit": "ns"
    }
  },
  "openapi_parsing/medium_spec_10_paths": {
    "current": {
      "mean": 169260.12973382612,
      "stddev": 3098.3104873185484,
      "unit": "ns"
    },
    "new": {
      "mean": 169260.12973382612,
      "stddev": 3098.3104873185484,
      "unit": "ns"
    }
  },
  "openapi_parsing/small_spec": {
    "current": {
      "mean": 24932.839413210255,
      "stddev": 643.2036801852782,
      "unit": "ns"
    },
    "new": {
      "mean": 24932.839413210255,
      "stddev": 643.2036801852782,
      "unit": "ns"
    }
  },
  "template_rendering/arrays": {
    "current": {
      "mean": 317.9496305928792,
      "stddev": 13.71152098693816,
      "unit": "ns"
    },
    "new": {
      "mean": 317.9496305928792,
      "stddev": 13.71152098693816,
      "unit": "ns"
    }
  },
  "template_rendering/complex": {
    "current": {
      "mean": 378.2767019610456,
      "stddev": 2.9068432743187542,
      "unit": "ns"
    },
    "new": {
      "mean": 378.2767019610456,
      "stddev": 2.9068432743187542,
      "unit": "ns"
    }
  },
  "template_rendering/simple": {
    "current": {
      "mean": 1208.4377135120637,
      "stddev": 11.166309016070034,
      "unit": "ns"
    },
    "new": {
      "mean": 1208.4377135120637,
      "stddev": 11.166309016070034,
      "unit": "ns"
    }
  }
}