{
  "data_generation/generate_single_record": {
    "current": {
      "mean": 802.9238167351973,
      "stddev": 69.06590390488955,
      "unit": "ns"
    },
    "new": {
      "mean": 802.9238167351973,
      "stddev": 69.06590390488955,
      "unit": "ns"
    }
  },
  "encryption/aes256_gcm": {
    "current": {
      "mean": 1086.3991348051052,
      "stddev": 7.351518819716542,
      "unit": "ns"
    },
    "new": {
      "mean": 1086.3991348051052,
      "stddev": 7.351518819716542,
      "unit": "ns"
    }
  },
  "encryption/chacha20_poly1305": {
    "current": {
      "mean": 4168.27832180148,
      "stddev": 15.824463426695852,
      "unit": "ns"
    },
    "new": {
      "mean": 4168.27832180148,
      "stddev": 15.824463426695852,
      "unit": "ns"
    }
  },
  "json_validation/complex": {
    "current": {
      "mean": 572.438724378298,
      "stddev": 4.319854365281903,
      "unit": "ns"
    },
    "new": {
      "mean": 572.438724378298,
      "stddev": 4.319854365281903,
      "unit": "ns"
    }
  },
  "json_validation/simple": {
    "current": {
      "mean": 99.4744259106256,
      "stddev": 1.970667714131243,
      "unit": "ns"
    },
    "new": {
      "mean": 99.4744259106256,
      "stddev": 1.970667714131243,
      "unit": "ns"
    }
  },
  "memory/deep_template_rendering": {
    "current": {
      "mean": 1464.644052467563,
      "stddev": 5.618603517761816,
      "unit": "ns"
    },
    "new": {
      "mean": 1464.644052467563,
      "stddev": 5.618603517761816,
      "unit": "ns"
    }
  },
  "memory/large_data_validation": {
    "current": {
      "mean": 104734.45728234074,
      "stddev": 278.9202709927229,
      "unit": "ns"
    },
    "new": {
      "mean": 104734.45728234074,
      "stddev": 278.9202709927229,
      "unit": "ns"
    }
  },
  "memory/large_spec_parsing": {
    "current": {
      "mean": 6972789.813722944,
      "stddev": 35136.73146051975,
      "unit": "ns"
    },
    "new": {
      "mean": 6972789.813722944,
      "stddev": 35136.73146051975,
      "unit": "ns"
    }
  },
  "openapi_parsing/medium_spec_10_paths": {
    "current": {
      "mean": 168118.00733288107,
      "stddev": 5396.8321915677125,
      "unit": "ns"
    },
    "new": {
      "mean": 168118.00733288107,
      "stddev": 5396.8321915677125,
      "unit": "ns"
    }
  },
  "openapi_parsing/small_spec": {
    "current": {
      "mean": 24114.652014418905,
      "stddev": 379.81055272414096,
      "unit": "ns"
    },
    "new": {
      "mean": 24114.652014418905,
      "stddev": 379.81055272414096,
      "unit": "ns"
    }
  },
  "template_rendering/arrays": {
    "current": {
      "mean": 307.180169996937,
      "stddev": 3.67365117384958,
      "unit": "ns"
    },
    "new": {
      "mean": 307.180169996937,
      "stddev": 3.67365117384958,
      "unit": "ns"
    }
  },
  "template_rendering/complex": {
    "current": {
      "mean": 370.07660322481155,
      "stddev": 3.0159601153473896,
      "unit": "ns"
    },
    "new": {
      "mean": 370.07660322481155,
      "stddev": 3.0159601153473896,
      "unit": "ns"
    }
  },
  "template_rendering/simple": {
    "current": {
      "mean": 903.8158112436473,
      "stddev": 56.76733893825581,
      "unit": "ns"
    },
    "new": {
      "mean": 903.8158112436473,
      "stddev": 56.76733893825581,
      "unit": "ns"
    }
  }
}