{
  "data_generation/generate_single_record": {
    "current": {
      "mean": 773.9856635546796,
      "stddev": 4.818989549181378,
      "unit": "ns"
    },
    "new": {
      "mean": 773.9856635546796,
      "stddev": 4.818989549181378,
      "unit": "ns"
    }
  },
  "encryption/aes256_gcm": {
    "current": {
      "mean": 1081.8534013051278,
      "stddev": 9.893825432824547,
      "unit": "ns"
    },
    "new": {
      "mean": 1081.8534013051278,
      "stddev": 9.893825432824547,
      "unit": "ns"
    }
  },
  "encryption/chacha20_poly1305": {
    "current": {
      "mean": 4170.404246779122,
      "stddev": 10.546533336927991,
      "unit": "ns"
    },
    "new": {
      "mean": 4170.404246779122,
      "stddev": 10.546533336927991,
      "unit": "ns"
    }
  },
  "json_validation/complex": {
    "current": {
      "mean": 581.0181080732135,
      "stddev": 4.0013316578256415,
      "unit": "ns"
    },
    "new": {
      "mean": 581.0181080732135,
      "stddev": 4.0013316578256415,
      "unit": "ns"
    }
  },
  "json_validation/simple": {
    "current": {
      "mean": 107.26202766967091,
      "stddev": 0.7961611878234881,
      "unit": "ns"
    },
    "new": {
      "mean": 107.26202766967091,
      "stddev": 0.7961611878234881,
      "unit": "ns"
    }
  },
  "memory/deep_template_rendering": {
    "current": {
      "mean": 1471.2171640976067,
      "stddev": 1.1367018526096442,
      "unit": "ns"
    },
    "new": {
      "mean": 1471.2171640976067,
      "stddev": 1.1367018526096442,
      "unit": "ns"
    }
  },
  "memory/large_data_validation": {
    "current": {
      "mean": 108079.26181713417,
      "stddev": 553.665077717156,
      "unit": "ns"
    },
    "new": {
      "mean": 108079.26181713417,
      "stddev": 553.665077717156,
      "unit": "ns"
    }
  },
  "memory/large_spec_parsing": {
    "current": {
      "mean": 7211523.647077923,
      "stddev": 65773.7006419147,
      "unit": "ns"
    },
    "new": {
      "mean": 7211523.647077923,
      "stddev": 65773.7006419147,
      "unit": "ns"
    }
  },
  "openapi_parsing/medium_spec_10_paths": {
    "current": {
      "mean": 172033.09459377255,
      "stddev": 1843.9563864207244,
      "unit": "ns"
    },
    "new": {
      "mean": 172033.09459377255,
      "stddev": 1843.9563864207244,
      "unit": "ns"
    }
  },
  "openapi_parsing/small_spec": {
    "current": {
      "mean": 24342.38149411654,
      "stddev": 506.0230390871,
      "unit": "ns"
    },
    "new": {
      "mean": 24342.38149411654,
      "stddev": 506.0230390871,
      "unit": "ns"
    }
  },
  "template_rendering/arrays": {
    "current": {
      "mean": 320.2912393674778,
      "stddev": 8.67548864194031,
      "unit": "ns"
    },
    "new": {
      "mean": 320.2912393674778,
      "stddev": 8.67548864194031,
      "unit": "ns"
    }
  },
  "template_rendering/complex": {
    "current": {
      "mean": 380.89117402733115,
      "stddev": 12.692804101250507,
      "unit": "ns"
    },
    "new": {
      "mean": 380.89117402733115,
      "stddev": 12.692804101250507,
      "unit": "ns"
    }
  },
  "template_rendering/simple": {
    "current": {
      "mean": 920.2995016281841,
      "stddev": 14.292950709255724,
      "unit": "ns"
    },
    "new": {
      "mean": 920.2995016281841,
      "stddev": 14.292950709255724,
      "unit": "ns"
    }
  }
}