{
  "data_generation/generate_single_record": {
    "current": {
      "mean": 769.5179859963193,
      "stddev": 12.908580853927221,
      "unit": "ns"
    },
    "new": {
      "mean": 769.5179859963193,
      "stddev": 12.908580853927221,
      "unit": "ns"
    }
  },
  "encryption/aes256_gcm": {
    "current": {
      "mean": 1111.0229296966947,
      "stddev": 10.712802284934709,
      "unit": "ns"
    },
    "new": {
      "mean": 1111.0229296966947,
      "stddev": 10.712802284934709,
      "unit": "ns"
    }
  },
  "encryption/chacha20_poly1305": {
    "current": {
      "mean": 4132.749428679445,
      "stddev": 23.292647601209026,
      "unit": "ns"
    },
    "new": {
      "mean": 4132.749428679445,
      "stddev": 23.292647601209026,
      "unit": "ns"
    }
  },
  "json_validation/complex": {
    "current": {
      "mean": 576.3241273829032,
      "stddev": 4.183487377741066,
      "unit": "ns"
    },
    "new": {
      "mean": 576.3241273829032,
      "stddev": 4.183487377741066,
      "unit": "ns"
    }
  },
  "json_validation/simple": {
    "current": {
      "mean": 99.6800961109147,
      "stddev": 1.2984043747805976,
      "unit": "ns"
    },
    "new": {
      "mean": 99.6800961109147,
      "stddev": 1.2984043747805976,
      "unit": "ns"
    }
  },
  "memory/deep_template_rendering": {
    "current": {
      "mean": 1466.7539058250743,
      "stddev": 2.4597356699980923,
      "unit": "ns"
    },
    "new": {
      "mean": 1466.7539058250743,
      "stddev": 2.4597356699980923,
      "unit": "ns"
    }
  },
  "memory/large_data_validation": {
    "current": {
      "mean": 107418.88864481251,
      "stddev": 110.67705193531654,
      "unit": "ns"
    },
    "new": {
      "mean": 107418.88864481251,
      "stddev": 110.67705193531654,
      "unit": "ns"
    }
  },
  "memory/large_spec_parsing": {
    "current": {
      "mean": 6986619.569186509,
      "stddev": 27607.479531557292,
      "unit": "ns"
    },
    "new": {
      "mean": 6986619.569186509,
      "stddev": 27607.479531557292,
      "unit": "ns"
    }
  },
  "openapi_parsing/medium_spec_10_paths": {
    "current": {
      "mean": 173365.9756904102,
      "stddev": 2994.8992800830597,
      "unit": "ns"
    },
    "new": {
      "mean": 173365.9756904102,
      "stddev": 2994.8992800830597,
      "unit": "ns"
    }
  },
  "openapi_parsing/small_spec": {
    "current": {
      "mean": 24667.292866203097,
      "stddev": 211.61223626183073,
      "unit": "ns"
    },
    "new": {
      "mean": 24667.292866203097,
      "stddev": 211.61223626183073,
      "unit": "ns"
    }
  },
  "template_rendering/arrays": {
    "current": {
      "mean": 312.6244541742407,
      "stddev": 2.539155917208185,
      "unit": "ns"
    },
    "new": {
      "mean": 312.6244541742407,
      "stddev": 2.539155917208185,
      "unit": "ns"
    }
  },
  "template_rendering/complex": {
    "current": {
      "mean": 371.7634817193018,
      "stddev": 7.071068865071314,
      "unit": "ns"
    },
    "new": {
      "mean": 371.7634817193018,
      "stddev": 7.071068865071314,
      "unit": "ns"
    }
  },
  "template_rendering/simple": {
    "current": {
      "mean": 891.976607568864,
      "stddev": 7.814532849870363,
      "unit": "ns"
    },
    "new": {
      "mean": 891.976607568864,
      "stddev": 7.814532849870363,
      "unit": "ns"
    }
  }
}