{
  "data_generation/generate_single_record": {
    "current": {
      "mean": 833.2828112564131,
      "stddev": 74.7491863222783,
      "unit": "ns"
    },
    "new": {
      "mean": 833.2828112564131,
      "stddev": 74.7491863222783,
      "unit": "ns"
    }
  },
  "encryption/aes256_gcm": {
    "current": {
      "mean": 1168.0956153360116,
      "stddev": 61.655837020209496,
      "unit": "ns"
    },
    "new": {
      "mean": 1168.0956153360116,
      "stddev": 61.655837020209496,
      "unit": "ns"
    }
  },
  "encryption/chacha20_poly1305": {
    "current": {
      "mean": 4420.919431838945,
      "stddev": 197.45451986548593,
      "unit": "ns"
    },
    "new": {
      "mean": 4420.919431838945,
      "stddev": 197.45451986548593,
      "unit": "ns"
    }
  },
  "json_validation/complex": {
    "current": {
      "mean": 669.2523108981211,
      "stddev": 101.88622914874496,
      "unit": "ns"
    },
    "new": {
      "mean": 669.2523108981211,
      "stddev": 101.88622914874496,
      "unit": "ns"
    }
  },
  "json_validation/simple": {
    "current": {
      "mean": 119.03954759042315,
      "stddev": 17.42223000150543,
      "unit": "ns"
    },
    "new": {
      "mean": 119.03954759042315,
      "stddev": 17.42223000150543,
      "unit": "ns"
    }
  },
  "memory/deep_template_rendering": {
    "current": {
      "mean": 1749.327841637325,
      "stddev": 121.67355798566432,
      "unit": "ns"
    },
    "new": {
      "mean": 1749.327841637325,
      "stddev": 121.67355798566432,
      "unit": "ns"
    }
  },
  "memory/large_data_validation": {
    "current": {
      "mean": 122250.72280249026,
      "stddev": 7745.361816174151,
      "unit": "ns"
    },
    "new": {
      "mean": 122250.72280249026,
      "stddev": 7745.361816174151,
      "unit": "ns"
    }
  },
  "memory/large_spec_parsing": {
    "current": {
      "mean": 8266427.277835096,
      "stddev": 480941.7670578641,
      "unit": "ns"
    },
    "new": {
      "mean": 8266427.277835096,
      "stddev": 480941.7670578641,
      "unit": "ns"
    }
  },
  "openapi_parsing/medium_spec_10_paths": {
    "current": {
      "mean": 188473.21020894608,
      "stddev": 13343.38372330577,
      "unit": "ns"
    },
    "new": {
      "mean": 188473.21020894608,
      "stddev": 13343.38372330577,
      "unit": "ns"
    }
  },
  "openapi_parsing/small_spec": {
    "current": {
      "mean": 27891.044070334887,
      "stddev": 3403.943829422234,
      "unit": "ns"
    },
    "new": {
      "mean": 27891.044070334887,
      "stddev": 3403.943829422234,
      "unit": "ns"
    }
  },
  "template_rendering/arrays": {
    "current": {
      "mean": 359.766319463047,
      "stddev": 39.99468675470426,
      "unit": "ns"
    },
    "new": {
      "mean": 359.766319463047,
      "stddev": 39.99468675470426,
      "unit": "ns"
    }
  },
  "template_rendering/complex": {
    "current": {
      "mean": 432.2965324387662,
      "stddev": 61.35790725673465,
      "unit": "ns"
    },
    "new": {
      "mean": 432.2965324387662,
      "stddev": 61.35790725673465,
      "unit": "ns"
    }
  },
  "template_rendering/simple": {
    "current": {
      "mean": 767.7339430510517,
      "stddev": 120.21363154250565,
      "unit": "ns"
    },
    "new": {
      "mean": 767.7339430510517,
      "stddev": 120.21363154250565,
      "unit": "ns"
    }
  }
}