{
  "data_generation/generate_single_record": {
    "current": {
      "mean": 792.9542475763533,
      "stddev": 11.280002388244759,
      "unit": "ns"
    },
    "new": {
      "mean": 792.9542475763533,
      "stddev": 11.280002388244759,
      "unit": "ns"
    }
  },
  "encryption/aes256_gcm": {
    "current": {
      "mean": 923.9570205709027,
      "stddev": 19.048296847913186,
      "unit": "ns"
    },
    "new": {
      "mean": 923.9570205709027,
      "stddev": 19.048296847913186,
      "unit": "ns"
    }
  },
  "encryption/chacha20_poly1305": {
    "current": {
      "mean": 3548.1347725754063,
      "stddev": 21.16070987141528,
      "unit": "ns"
    },
    "new": {
      "mean": 3548.1347725754063,
      "stddev": 21.16070987141528,
      "unit": "ns"
    }
  },
  "json_validation/complex": {
    "current": {
      "mean": 650.0868449632907,
      "stddev": 5.533740538856022,
      "unit": "ns"
    },
    "new": {
      "mean": 650.0868449632907,
      "stddev": 5.533740538856022,
      "unit": "ns"
    }
  },
  "json_validation/simple": {
    "current": {
      "mean": 89.02089500982625,
      "stddev": 0.9023003634743509,
      "unit": "ns"
    },
    "new": {
      "mean": 89.02089500982625,
      "stddev": 0.9023003634743509,
      "unit": "ns"
    }
  },
  "memory/deep_template_rendering": {
    "current": {
      "mean": 1655.0595220946136,
      "stddev": 15.04890216957273,
      "unit": "ns"
    },
    "new": {
      "mean": 1655.0595220946136,
      "stddev": 15.04890216957273,
      "unit": "ns"
    }
  },
  "memory/large_data_validation": {
    "current": {
      "mean": 102986.13233483778,
      "stddev": 239.67539588428772,
      "unit": "ns"
    },
    "new": {
      "mean": 102986.13233483778,
      "stddev": 239.67539588428772,
      "unit": "ns"
    }
  },
  "memory/large_spec_parsing": {
    "current": {
      "mean": 7529818.141714285,
      "stddev": 58189.44664961471,
      "unit": "ns"
    },
    "new": {
      "mean": 7529818.141714285,
      "stddev": 58189.44664961471,
      "unit": "ns"
    }
  },
  "openapi_parsing/medium_spec_10_paths": {
    "current": {
      "mean": 163455.52428819722,
      "stddev": 1626.7325714015558,
      "unit": "ns"
    },
    "new": {
      "mean": 163455.52428819722,
      "stddev": 1626.7325714015558,
      "unit": "ns"
    }
  },
  "openapi_parsing/small_spec": {
    "current": {
      "mean": 23104.44835428306,
      "stddev": 595.5521933193646,
      "unit": "ns"
    },
    "new": {
      "mean": 23104.44835428306,
      "stddev": 595.5521933193646,
      "unit": "ns"
    }
  },
  "template_rendering/arrays": {
    "current": {
      "mean": 318.36242367575665,
      "stddev": 10.410624922942485,
      "unit": "ns"
    },
    "new": {
      "mean": 318.36242367575665,
      "stddev": 10.410624922942485,
      "unit": "ns"
    }
  },
  "template_rendering/complex": {
    "current": {
      "mean": 373.3814425539661,
      "stddev": 7.852435182566843,
      "unit": "ns"
    },
    "new": {
      "mean": 373.3814425539661,
      "stddev": 7.852435182566843,
      "unit": "ns"
    }
  },
  "template_rendering/simple": {
    "current": {
      "mean": 712.96195938725,
      "stddev": 17.628276165552805,
      "unit": "ns"
    },
    "new": {
      "mean": 712.96195938725,
      "stddev": 17.628276165552805,
      "unit": "ns"
    }
  }
}