{
  "data_generation/generate_single_record": {
    "current": {
      "mean": 800.5339755142855,
      "stddev": 12.631288234889231,
      "unit": "ns"
    },
    "new": {
      "mean": 800.5339755142855,
      "stddev": 12.631288234889231,
      "unit": "ns"
    }
  },
  "encryption/aes256_gcm": {
    "current": {
      "mean": 1130.3425581892052,
      "stddev": 22.652147906955587,
      "unit": "ns"
    },
    "new": {
      "mean": 1130.3425581892052,
      "stddev": 22.652147906955587,
      "unit": "ns"
    }
  },
  "encryption/chacha20_poly1305": {
    "current": {
      "mean": 4179.095225135212,
      "stddev": 31.558383911318643,
      "unit": "ns"
    },
    "new": {
      "mean": 4179.095225135212,
      "stddev": 31.558383911318643,
      "unit": "ns"
    }
  },
  "json_validation/complex": {
    "current": {
      "mean": 580.2487405323951,
      "stddev": 10.13998388900563,
      "unit": "ns"
    },
    "new": {
      "mean": 580.2487405323951,
      "stddev": 10.13998388900563,
      "unit": "ns"
    }
  },
  "json_validation/simple": {
    "current": {
      "mean": 103.99579477670216,
      "stddev": 0.9160090855731449,
      "unit": "ns"
    },
    "new": {
      "mean": 103.99579477670216,
      "stddev": 0.9160090855731449,
      "unit": "ns"
    }
  },
  "memory/deep_template_rendering": {
    "current": {
      "mean": 1480.9717481936527,
      "stddev": 1.9588161075422827,
      "unit": "ns"
    },
    "new": {
      "mean": 1480.9717481936527,
      "stddev": 1.9588161075422827,
      "unit": "ns"
    }
  },
  "memory/large_data_validation": {
    "current": {
      "mean": 110273.2136142148,
      "stddev": 295.8284822878568,
      "unit": "ns"
    },
    "new": {
      "mean": 110273.2136142148,
      "stddev": 295.8284822878568,
      "unit": "ns"
    }
  },
  "memory/large_spec_parsing": {
    "current": {
      "mean": 7005799.901533189,
      "stddev": 55457.62093731982,
      "unit": "ns"
    },
    "new": {
      "mean": 7005799.901533189,
      "stddev": 55457.62093731982,
      "unit": "ns"
    }
  },
  "openapi_parsing/medium_spec_10_paths": {
    "current": {
      "mean": 173953.16502802193,
      "stddev": 1360.78344280298,
      "unit": "ns"
    },
    "new": {
      "mean": 173953.16502802193,
      "stddev": 1360.78344280298,
      "unit": "ns"
    }
  },
  "openapi_parsing/small_spec": {
    "current": {
      "mean": 23990.076928002698,
      "stddev": 547.3074254813491,
      "unit": "ns"
    },
    "new": {
      "mean": 23990.076928002698,
      "stddev": 547.3074254813491,
      "unit": "ns"
    }
  },
  "template_rendering/arrays": {
    "current": {
      "mean": 314.07058240521593,
      "stddev": 5.1463695716268045,
      "unit": "ns"
    },
    "new": {
      "mean": 314.07058240521593,
      "stddev": 5.1463695716268045,
      "unit": "ns"
    }
  },
  "template_rendering/complex": {
    "current": {
      "mean": 373.9881492357101,
      "stddev": 6.581879292944677,
      "unit": "ns"
    },
    "new": {
      "mean": 373.9881492357101,
      "stddev": 6.581879292944677,
      "unit": "ns"
    }
  },
  "template_rendering/simple": {
    "current": {
      "mean": 911.1590938409363,
      "stddev": 10.392782908270252,
      "unit": "ns"
    },
    "new": {
      "mean": 911.1590938409363,
      "stddev": 10.392782908270252,
      "unit": "ns"
    }
  }
}