{
  "data_generation/generate_single_record": {
    "current": {
      "mean": 772.5268778000506,
      "stddev": 9.83974930146111,
      "unit": "ns"
    },
    "new": {
      "mean": 772.5268778000506,
      "stddev": 9.83974930146111,
      "unit": "ns"
    }
  },
  "encryption/aes256_gcm": {
    "current": {
      "mean": 1093.6454611908293,
      "stddev": 11.830216489300483,
      "unit": "ns"
    },
    "new": {
      "mean": 1093.6454611908293,
      "stddev": 11.830216489300483,
      "unit": "ns"
    }
  },
  "encryption/chacha20_poly1305": {
    "current": {
      "mean": 4128.489486054583,
      "stddev": 65.08030956098806,
      "unit": "ns"
    },
    "new": {
      "mean": 4128.489486054583,
      "stddev": 65.08030956098806,
      "unit": "ns"
    }
  },
  "json_validation/complex": {
    "current": {
      "mean": 594.2882446468307,
      "stddev": 4.244494094408416,
      "unit": "ns"
    },
    "new": {
      "mean": 594.2882446468307,
      "stddev": 4.244494094408416,
      "unit": "ns"
    }
  },
  "json_validation/simple": {
    "current": {
      "mean": 101.44183945635936,
      "stddev": 0.728866926206209,
      "unit": "ns"
    },
    "new": {
      "mean": 101.44183945635936,
      "stddev": 0.728866926206209,
      "unit": "ns"
    }
  },
  "memory/deep_template_rendering": {
    "current": {
      "mean": 1470.7857071884034,
      "stddev": 3.0508773071193542,
      "unit": "ns"
    },
    "new": {
      "mean": 1470.7857071884034,
      "stddev": 3.0508773071193542,
      "unit": "ns"
    }
  },
  "memory/large_data_validation": {
    "current": {
      "mean": 106764.15328140715,
      "stddev": 483.909658692005,
      "unit": "ns"
    },
    "new": {
      "mean": 106764.15328140715,
      "stddev": 483.909658692005,
      "unit": "ns"
    }
  },
  "memory/large_spec_parsing": {
    "current": {
      "mean": 6965584.790551948,
      "stddev": 40158.25362300559,
      "unit": "ns"
    },
    "new": {
      "mean": 6965584.790551948,
      "stddev": 40158.25362300559,
      "unit": "ns"
    }
  },
  "openapi_parsing/medium_spec_10_paths": {
    "current": {
      "mean": 169889.300667137,
      "stddev": 1621.7039612836215,
      "unit": "ns"
    },
    "new": {
      "mean": 169889.300667137,
      "stddev": 1621.7039612836215,
      "unit": "ns"
    }
  },
  "openapi_parsing/small_spec": {
    "current": {
      "mean": 24213.531480242247,
      "stddev": 468.7267898063623,
      "unit": "ns"
    },
    "new": {
      "mean": 24213.531480242247,
      "stddev": 468.7267898063623,
      "unit": "ns"
    }
  },
  "template_rendering/arrays": {
    "current": {
      "mean": 319.85233342979683,
      "stddev": 13.575467612893803,
      "unit": "ns"
    },
    "new": {
      "mean": 319.85233342979683,
      "stddev": 13.575467612893803,
      "unit": "ns"
    }
  },
  "template_rendering/complex": {
    "current": {
      "mean": 373.00258692658286,
      "stddev": 6.425670508580446,
      "unit": "ns"
    },
    "new": {
      "mean": 373.00258692658286,
      "stddev": 6.425670508580446,
      "unit": "ns"
    }
  },
  "template_rendering/simple": {
    "current": {
      "mean": 914.9755844017716,
      "stddev": 37.56120577158609,
      "unit": "ns"
    },
    "new": {
      "mean": 914.9755844017716,
      "stddev": 37.56120577158609,
      "unit": "ns"
    }
  }
}