{
  "data_generation/generate_single_record": {
    "current": {
      "mean": 841.6196471342457,
      "stddev": 78.67256414730396,
      "unit": "ns"
    },
    "new": {
      "mean": 841.6196471342457,
      "stddev": 78.67256414730396,
      "unit": "ns"
    }
  },
  "encryption/aes256_gcm": {
    "current": {
      "mean": 1159.883275585761,
      "stddev": 67.09161721023652,
      "unit": "ns"
    },
    "new": {
      "mean": 1159.883275585761,
      "stddev": 67.09161721023652,
      "unit": "ns"
    }
  },
  "encryption/chacha20_poly1305": {
    "current": {
      "mean": 4388.96454655686,
      "stddev": 135.93703549671451,
      "unit": "ns"
    },
    "new": {
      "mean": 4388.96454655686,
      "stddev": 135.93703549671451,
      "unit": "ns"
    }
  },
  "json_validation/complex": {
    "current": {
      "mean": 636.994580487351,
      "stddev": 68.44412195435723,
      "unit": "ns"
    },
    "new": {
      "mean": 636.994580487351,
      "stddev": 68.44412195435723,
      "unit": "ns"
    }
  },
  "json_validation/simple": {
    "current": {
      "mean": 112.76883291571778,
      "stddev": 18.713033015550145,
      "unit": "ns"
    },
    "new": {
      "mean": 112.76883291571778,
      "stddev": 18.713033015550145,
      "unit": "ns"
    }
  },
  "memory/deep_template_rendering": {
    "current": {
      "mean": 1592.6427909233273,
      "stddev": 78.14448626783893,
      "unit": "ns"
    },
    "new": {
      "mean": 1592.6427909233273,
      "stddev": 78.14448626783893,
      "unit": "ns"
    }
  },
  "memory/large_data_validation": {
    "current": {
      "mean": 113671.689223356,
      "stddev": 4285.645558526593,
      "unit": "ns"
    },
    "new": {
      "mean": 113671.689223356,
      "stddev": 4285.645558526593,
      "unit": "ns"
    }
  },
  "memory/large_spec_parsing": {
    "current": {
      "mean": 7812887.58052469,
      "stddev": 182450.46284005843,
      "unit": "ns"
    },
    "new": {
      "mean": 7812887.58052469,
      "stddev": 182450.46284005843,
      "unit": "ns"
    }
  },
  "openapi_parsing/medium_spec_10_paths": {
    "current": {
      "mean": 196183.83756188498,
      "stddev": 25246.87584292516,
      "unit": "ns"
    },
    "new": {
      "mean": 196183.83756188498,
      "stddev": 25246.87584292516,
      "unit": "ns"
    }
  },
  "openapi_parsing/small_spec": {
    "current": {
      "mean": 28249.04782211061,
      "stddev": 3525.6689160789438,
      "unit": "ns"
    },
    "new": {
      "mean": 28249.04782211061,
      "stddev": 3525.6689160789438,
      "unit": "ns"
    }
  },
  "template_rendering/arrays": {
    "current": {
      "mean": 389.22279562476854,
      "stddev": 96.34998420926213,
      "unit": "ns"
    },
    "new": {
      "mean": 389.22279562476854,
      "stddev": 96.34998420926213,
      "unit": "ns"
    }
  },
  "template_rendering/complex": {
    "current": {
      "mean": 429.29989485253833,
      "stddev": 49.532749816432215,
      "unit": "ns"
    },
    "new": {
      "mean": 429.29989485253833,
      "stddev": 49.532749816432215,
      "unit": "ns"
    }
  },
  "template_rendering/simple": {
    "current": {
      "mean": 763.113912933611,
      "stddev": 76.40891211174564,
      "unit": "ns"
    },
    "new": {
      "mean": 763.113912933611,
      "stddev": 76.40891211174564,
      "unit": "ns"
    }
  }
}