{
  "data_generation/generate_single_record": {
    "current": {
      "mean": 866.5440734559311,
      "stddev": 223.3550933821684,
      "unit": "ns"
    },
    "new": {
      "mean": 866.5440734559311,
      "stddev": 223.3550933821684,
      "unit": "ns"
    }
  },
  "encryption/aes256_gcm": {
    "current": {
      "mean": 1172.5978850998304,
      "stddev": 58.905476933092096,
      "unit": "ns"
    },
    "new": {
      "mean": 1172.5978850998304,
      "stddev": 58.905476933092096,
      "unit": "ns"
    }
  },
  "encryption/chacha20_poly1305": {
    "current": {
      "mean": 4322.40345535832,
      "stddev": 123.31390870772375,
      "unit": "ns"
    },
    "new": {
      "mean": 4322.40345535832,
      "stddev": 123.31390870772375,
      "unit": "ns"
    }
  },
  "json_validation/complex": {
    "current": {
      "mean": 684.600835478135,
      "stddev": 104.0097501218397,
      "unit": "ns"
    },
    "new": {
      "mean": 684.600835478135,
      "stddev": 104.0097501218397,
      "unit": "ns"
    }
  },
  "json_validation/simple": {
    "current": {
      "mean": 139.16202647575662,
      "stddev": 21.09707673904605,
      "unit": "ns"
    },
    "new": {
      "mean": 139.16202647575662,
      "stddev": 21.09707673904605,
      "unit": "ns"
    }
  },
  "memory/deep_template_rendering": {
    "current": {
      "mean": 1708.016220904361,
      "stddev": 117.06750520101568,
      "unit": "ns"
    },
    "new": {
      "mean": 1708.016220904361,
      "stddev": 117.06750520101568,
      "unit": "ns"
    }
  },
  "memory/large_data_validation": {
    "current": {
      "mean": 115648.5726985375,
      "stddev": 3461.692744386097,
      "unit": "ns"
    },
    "new": {
      "mean": 115648.5726985375,
      "stddev": 3461.692744386097,
      "unit": "ns"
    }
  },
  "memory/large_spec_parsing": {
    "current": {
      "mean": 9568157.855649803,
      "stddev": 930070.3922475983,
      "unit": "ns"
    },
    "new": {
      "mean": 9568157.855649803,
      "stddev": 930070.3922475983,
      "unit": "ns"
    }
  },
  "openapi_parsing/medium_spec_10_paths": {
    "current": {
      "mean": 201398.23158424543,
      "stddev": 24213.134561064246,
      "unit": "ns"
    },
    "new": {
      "mean": 201398.23158424543,
      "stddev": 24213.134561064246,
      "unit": "ns"
    }
  },
  "openapi_parsing/small_spec": {
    "current": {
      "mean": 28706.704856801083,
      "stddev": 3065.46724271769,
      "unit": "ns"
    },
    "new": {
      "mean": 28706.704856801083,
      "stddev": 3065.46724271769,
      "unit": "ns"
    }
  },
  "template_rendering/arrays": {
    "current": {
      "mean": 381.2079860532189,
      "stddev": 58.606110485726944,
      "unit": "ns"
    },
    "new": {
      "mean": 381.2079860532189,
      "stddev": 58.606110485726944,
      "unit": "ns"
    }
  },
  "template_rendering/complex": {
    "current": {
      "mean": 432.99566171235017,
      "stddev": 36.126213888464406,
      "unit": "ns"
    },
    "new": {
      "mean": 432.99566171235017,
      "stddev": 36.126213888464406,
      "unit": "ns"
    }
  },
  "template_rendering/simple": {
    "current": {
      "mean": 790.1322730489762,
      "stddev": 124.17528563193694,
      "unit": "ns"
    },
    "new": {
      "mean": 790.1322730489762,
      "stddev": 124.17528563193694,
      "unit": "ns"
    }
  }
}