{
  "data_generation/generate_single_record": {
    "current": {
      "mean": 773.887374818377,
      "stddev": 13.430360871796584,
      "unit": "ns"
    },
    "new": {
      "mean": 773.887374818377,
      "stddev": 13.430360871796584,
      "unit": "ns"
    }
  },
  "encryption/aes256_gcm": {
    "current": {
      "mean": 1098.9826435805974,
      "stddev": 14.901795125276294,
      "unit": "ns"
    },
    "new": {
      "mean": 1098.9826435805974,
      "stddev": 14.901795125276294,
      "unit": "ns"
    }
  },
  "encryption/chacha20_poly1305": {
    "current": {
      "mean": 4165.672317214211,
      "stddev": 13.841156647356689,
      "unit": "ns"
    },
    "new": {
      "mean": 4165.672317214211,
      "stddev": 13.841156647356689,
      "unit": "ns"
    }
  },
  "json_validation/complex": {
    "current": {
      "mean": 575.8657311997358,
      "stddev": 7.458548320463716,
      "unit": "ns"
    },
    "new": {
      "mean": 575.8657311997358,
      "stddev": 7.458548320463716,
      "unit": "ns"
    }
  },
  "json_validation/simple": {
    "current": {
      "mean": 105.69498831042816,
      "stddev": 0.9616479775075474,
      "unit": "ns"
    },
    "new": {
      "mean": 105.69498831042816,
      "stddev": 0.9616479775075474,
      "unit": "ns"
    }
  },
  "memory/deep_template_rendering": {
    "current": {
      "mean": 1463.170612733015,
      "stddev": 1.675424894116784,
      "unit": "ns"
    },
    "new": {
      "mean": 1463.170612733015,
      "stddev": 1.675424894116784,
      "unit": "ns"
    }
  },
  "memory/large_data_validation": {
    "current": {
      "mean": 106390.99634832451,
      "stddev": 198.66003949254804,
      "unit": "ns"
    },
    "new": {
      "mean": 106390.99634832451,
      "stddev": 198.66003949254804,
      "unit": "ns"
    }
  },
  "memory/large_spec_parsing": {
    "current": {
      "mean": 6964897.682245369,
      "stddev": 66114.04594010752,
      "unit": "ns"
    },
    "new": {
      "mean": 6964897.682245369,
      "stddev": 66114.04594010752,
      "unit": "ns"
    }
  },
  "openapi_parsing/medium_spec_10_paths": {
    "current": {
      "mean": 168373.61408696297,
      "stddev": 4372.010756210567,
      "unit": "ns"
    },
    "new": {
      "mean": 168373.61408696297,
      "stddev": 4372.010756210567,
      "unit": "ns"
    }
  },
  "openapi_parsing/small_spec": {
    "current": {
      "mean": 24000.895273747552,
      "stddev": 551.5019756382409,
      "unit": "ns"
    },
    "new": {
      "mean": 24000.895273747552,
      "stddev": 551.5019756382409,
      "unit": "ns"
    }
  },
  "template_rendering/arrays": {
    "current": {
      "mean": 314.3459333631719,
      "stddev": 14.208768822798142,
      "unit": "ns"
    },
    "new": {
      "mean": 314.3459333631719,
      "stddev": 14.208768822798142,
      "unit": "ns"
    }
  },
  "template_rendering/complex": {
    "current": {
      "mean": 375.13417679897344,
      "stddev": 12.572169007469286,
      "unit": "ns"
    },
    "new": {
      "mean": 375.13417679897344,
      "stddev": 12.572169007469286,
      "unit": "ns"
    }
  },
  "template_rendering/simple": {
    "current": {
      "mean": 1216.3480666086398,
      "stddev": 48.84911226236887,
      "unit": "ns"
    },
    "new": {
      "mean": 1216.3480666086398,
      "stddev": 48.84911226236887,
      "unit": "ns"
    }
  }
}