{
  "data_generation/generate_single_record": {
    "current": {
      "mean": 804.9380808611158,
      "stddev": 15.457544973728165,
      "unit": "ns"
    },
    "new": {
      "mean": 804.9380808611158,
      "stddev": 15.457544973728165,
      "unit": "ns"
    }
  },
  "encryption/aes256_gcm": {
    "current": {
      "mean": 1118.8942351279134,
      "stddev": 15.081249883608562,
      "unit": "ns"
    },
    "new": {
      "mean": 1118.8942351279134,
      "stddev": 15.081249883608562,
      "unit": "ns"
    }
  },
  "encryption/chacha20_poly1305": {
    "current": {
      "mean": 4170.400325777481,
      "stddev": 10.759184281484396,
      "unit": "ns"
    },
    "new": {
      "mean": 4170.400325777481,
      "stddev": 10.759184281484396,
      "unit": "ns"
    }
  },
  "json_validation/complex": {
    "current": {
      "mean": 565.501786134307,
      "stddev": 13.59651842350678,
      "unit": "ns"
    },
    "new": {
      "mean": 565.501786134307,
      "stddev": 13.59651842350678,
      "unit": "ns"
    }
  },
  "json_validation/simple": {
    "current": {
      "mean": 105.13276132516806,
      "stddev": 0.8735796667582061,
      "unit": "ns"
    },
    "new": {
      "mean": 105.13276132516806,
      "stddev": 0.8735796667582061,
      "unit": "ns"
    }
  },
  "memory/deep_template_rendering": {
    "current": {
      "mean": 1452.4051846434973,
      "stddev": 1.488625137088658,
      "unit": "ns"
    },
    "new": {
      "mean": 1452.4051846434973,
      "stddev": 1.488625137088658,
      "unit": "ns"
    }
  },
  "memory/large_data_validation": {
    "current": {
      "mean": 105354.52069493636,
      "stddev": 403.28892918471354,
      "unit": "ns"
    },
    "new": {
      "mean": 105354.52069493636,
      "stddev": 403.28892918471354,
      "unit": "ns"
    }
  },
  "memory/large_spec_parsing": {
    "current": {
      "mean": 7026624.444037698,
      "stddev": 60348.08175901561,
      "unit": "ns"
    },
    "new": {
      "mean": 7026624.444037698,
      "stddev": 60348.08175901561,
      "unit": "ns"
    }
  },
  "openapi_parsing/medium_spec_10_paths": {
    "current": {
      "mean": 171055.15934096015,
      "stddev": 2935.8199457410237,
      "unit": "ns"
    },
    "new": {
      "mean": 171055.15934096015,
      "stddev": 2935.8199457410237,
      "unit": "ns"
    }
  },
  "openapi_parsing/small_spec": {
    "current": {
      "mean": 24500.431421480527,
      "stddev": 269.23242811991264,
      "unit": "ns"
    },
    "new": {
      "mean": 24500.431421480527,
      "stddev": 269.23242811991264,
      "unit": "ns"
    }
  },
  "template_rendering/arrays": {
    "current": {
      "mean": 324.90792100674184,
      "stddev": 19.573394937263803,
      "unit": "ns"
    },
    "new": {
      "mean": 324.90792100674184,
      "stddev": 19.573394937263803,
      "unit": "ns"
    }
  },
  "template_rendering/complex": {
    "current": {
      "mean": 370.83391635118613,
      "stddev": 6.550165540211444,
      "unit": "ns"
    },
    "new": {
      "mean": 370.83391635118613,
      "stddev": 6.550165540211444,
      "unit": "ns"
    }
  },
  "template_rendering/simple": {
    "current": {
      "mean": 1211.590625404007,
      "stddev": 19.573461035771018,
      "unit": "ns"
    },
    "new": {
      "mean": 1211.590625404007,
      "stddev": 19.573461035771018,
      "unit": "ns"
    }
  }
}