{
  "data_generation/generate_single_record": {
    "current": {
      "mean": 779.8832887041601,
      "stddev": 10.93663516258582,
      "unit": "ns"
    },
    "new": {
      "mean": 779.8832887041601,
      "stddev": 10.93663516258582,
      "unit": "ns"
    }
  },
  "encryption/aes256_gcm": {
    "current": {
      "mean": 1106.5360378698072,
      "stddev": 8.332696585093991,
      "unit": "ns"
    },
    "new": {
      "mean": 1106.5360378698072,
      "stddev": 8.332696585093991,
      "unit": "ns"
    }
  },
  "encryption/chacha20_poly1305": {
    "current": {
      "mean": 4198.929910046151,
      "stddev": 10.004041049938234,
      "unit": "ns"
    },
    "new": {
      "mean": 4198.929910046151,
      "stddev": 10.004041049938234,
      "unit": "ns"
    }
  },
  "json_validation/complex": {
    "current": {
      "mean": 576.7255344658457,
      "stddev": 13.55256012334536,
      "unit": "ns"
    },
    "new": {
      "mean": 576.7255344658457,
      "stddev": 13.55256012334536,
      "unit": "ns"
    }
  },
  "json_validation/simple": {
    "current": {
      "mean": 100.58564383138173,
      "stddev": 1.1796987739647649,
      "unit": "ns"
    },
    "new": {
      "mean": 100.58564383138173,
      "stddev": 1.1796987739647649,
      "unit": "ns"
    }
  },
  "memory/deep_template_rendering": {
    "current": {
      "mean": 1474.7058353432326,
      "stddev": 10.366684626721968,
      "unit": "ns"
    },
    "new": {
      "mean": 1474.7058353432326,
      "stddev": 10.366684626721968,
      "unit": "ns"
    }
  },
  "memory/large_data_validation": {
    "current": {
      "mean": 104016.09185477927,
      "stddev": 336.68188787344104,
      "unit": "ns"
    },
    "new": {
      "mean": 104016.09185477927,
      "stddev": 336.68188787344104,
      "unit": "ns"
    }
  },
  "memory/large_spec_parsing": {
    "current": {
      "mean": 6863121.791322753,
      "stddev": 17343.029239283693,
      "unit": "ns"
    },
    "new": {
      "mean": 6863121.791322753,
      "stddev": 17343.029239283693,
      "unit": "ns"
    }
  },
  "openapi_parsing/medium_spec_10_paths": {
    "current": {
      "mean": 171382.6376176673,
      "stddev": 2900.7643721051068,
      "unit": "ns"
    },
    "new": {
      "mean": 171382.6376176673,
      "stddev": 2900.7643721051068,
      "unit": "ns"
    }
  },
  "openapi_parsing/small_spec": {
    "current": {
      "mean": 24365.13215664732,
      "stddev": 278.40535451440445,
      "unit": "ns"
    },
    "new": {
      "mean": 24365.13215664732,
      "stddev": 278.40535451440445,
      "unit": "ns"
    }
  },
  "template_rendering/arrays": {
    "current": {
      "mean": 324.0802103678601,
      "stddev": 9.8319958759066,
      "unit": "ns"
    },
    "new": {
      "mean": 324.0802103678601,
      "stddev": 9.8319958759066,
      "unit": "ns"
    }
  },
  "template_rendering/complex": {
    "current": {
      "mean": 380.6581851722531,
      "stddev": 6.443244892739244,
      "unit": "ns"
    },
    "new": {
      "mean": 380.6581851722531,
      "stddev": 6.443244892739244,
      "unit": "ns"
    }
  },
  "template_rendering/simple": {
    "current": {
      "mean": 1203.7025706156169,
      "stddev": 16.35409404856695,
      "unit": "ns"
    },
    "new": {
      "mean": 1203.7025706156169,
      "stddev": 16.35409404856695,
      "unit": "ns"
    }
  }
}