{
  "data_generation/generate_single_record": {
    "current": {
      "mean": 747.8554592959002,
      "stddev": 10.600766840092446,
      "unit": "ns"
    },
    "new": {
      "mean": 747.8554592959002,
      "stddev": 10.600766840092446,
      "unit": "ns"
    }
  },
  "encryption/aes256_gcm": {
    "current": {
      "mean": 1105.0560662926848,
      "stddev": 11.732681529642061,
      "unit": "ns"
    },
    "new": {
      "mean": 1105.0560662926848,
      "stddev": 11.732681529642061,
      "unit": "ns"
    }
  },
  "encryption/chacha20_poly1305": {
    "current": {
      "mean": 4164.509213495675,
      "stddev": 9.181271239762967,
      "unit": "ns"
    },
    "new": {
      "mean": 4164.509213495675,
      "stddev": 9.181271239762967,
      "unit": "ns"
    }
  },
  "json_validation/complex": {
    "current": {
      "mean": 595.0872080132411,
      "stddev": 9.751666590145486,
      "unit": "ns"
    },
    "new": {
      "mean": 595.0872080132411,
      "stddev": 9.751666590145486,
      "unit": "ns"
    }
  },
  "json_validation/simple": {
    "current": {
      "mean": 109.36256470321192,
      "stddev": 2.066942572572884,
      "unit": "ns"
    },
    "new": {
      "mean": 109.36256470321192,
      "stddev": 2.066942572572884,
      "unit": "ns"
    }
  },
  "memory/deep_template_rendering": {
    "current": {
      "mean": 1467.852086138638,
      "stddev": 1.76054746757074,
      "unit": "ns"
    },
    "new": {
      "mean": 1467.852086138638,
      "stddev": 1.76054746757074,
      "unit": "ns"
    }
  },
  "memory/large_data_validation": {
    "current": {
      "mean": 106986.85071838698,
      "stddev": 832.3910549957058,
      "unit": "ns"
    },
    "new": {
      "mean": 106986.85071838698,
      "stddev": 832.3910549957058,
      "unit": "ns"
    }
  },
  "memory/large_spec_parsing": {
    "current": {
      "mean": 7039829.908474026,
      "stddev": 38240.01556871839,
      "unit": "ns"
    },
    "new": {
      "mean": 7039829.908474026,
      "stddev": 38240.01556871839,
      "unit": "ns"
    }
  },
  "openapi_parsing/medium_spec_10_paths": {
    "current": {
      "mean": 173375.64673963533,
      "stddev": 2633.3004759068117,
      "unit": "ns"
    },
    "new": {
      "mean": 173375.64673963533,
      "stddev": 2633.3004759068117,
      "unit": "ns"
    }
  },
  "openapi_parsing/small_spec": {
    "current": {
      "mean": 24440.800353533527,
      "stddev": 202.5913913809368,
      "unit": "ns"
    },
    "new": {
      "mean": 24440.800353533527,
      "stddev": 202.5913913809368,
      "unit": "ns"
    }
  },
  "template_rendering/arrays": {
    "current": {
      "mean": 320.2941903972858,
      "stddev": 5.3652955668285545,
      "unit": "ns"
    },
    "new": {
      "mean": 320.2941903972858,
      "stddev": 5.3652955668285545,
      "unit": "ns"
    }
  },
  "template_rendering/complex": {
    "current": {
      "mean": 382.2271286836507,
      "stddev": 5.160317117512635,
      "unit": "ns"
    },
    "new": {
      "mean": 382.2271286836507,
      "stddev": 5.160317117512635,
      "unit": "ns"
    }
  },
  "template_rendering/simple": {
    "current": {
      "mean": 917.3221778862012,
      "stddev": 16.32333520470988,
      "unit": "ns"
    },
    "new": {
      "mean": 917.3221778862012,
      "stddev": 16.32333520470988,
      "unit": "ns"
    }
  }
}