{
  "data_generation/generate_single_record": {
    "current": {
      "mean": 790.0320248758451,
      "stddev": 15.65555510579643,
      "unit": "ns"
    },
    "new": {
      "mean": 790.0320248758451,
      "stddev": 15.65555510579643,
      "unit": "ns"
    }
  },
  "encryption/aes256_gcm": {
    "current": {
      "mean": 1101.0595250038514,
      "stddev": 12.46722395275366,
      "unit": "ns"
    },
    "new": {
      "mean": 1101.0595250038514,
      "stddev": 12.46722395275366,
      "unit": "ns"
    }
  },
  "encryption/chacha20_poly1305": {
    "current": {
      "mean": 4168.239978871298,
      "stddev": 80.13469179787278,
      "unit": "ns"
    },
    "new": {
      "mean": 4168.239978871298,
      "stddev": 80.13469179787278,
      "unit": "ns"
    }
  },
  "json_validation/complex": {
    "current": {
      "mean": 588.5270458315755,
      "stddev": 26.660180939432056,
      "unit": "ns"
    },
    "new": {
      "mean": 588.5270458315755,
      "stddev": 26.660180939432056,
      "unit": "ns"
    }
  },
  "json_validation/simple": {
    "current": {
      "mean": 100.07300074093445,
      "stddev": 2.206103497374049,
      "unit": "ns"
    },
    "new": {
      "mean": 100.07300074093445,
      "stddev": 2.206103497374049,
      "unit": "ns"
    }
  },
  "memory/deep_template_rendering": {
    "current": {
      "mean": 1475.650027639873,
      "stddev": 2.9224781428909243,
      "unit": "ns"
    },
    "new": {
      "mean": 1475.650027639873,
      "stddev": 2.9224781428909243,
      "unit": "ns"
    }
  },
  "memory/large_data_validation": {
    "current": {
      "mean": 107471.41702679398,
      "stddev": 1295.7555284224024,
      "unit": "ns"
    },
    "new": {
      "mean": 107471.41702679398,
      "stddev": 1295.7555284224024,
      "unit": "ns"
    }
  },
  "memory/large_spec_parsing": {
    "current": {
      "mean": 7172099.011114718,
      "stddev": 174625.40166220788,
      "unit": "ns"
    },
    "new": {
      "mean": 7172099.011114718,
      "stddev": 174625.40166220788,
      "unit": "ns"
    }
  },
  "openapi_parsing/medium_spec_10_paths": {
    "current": {
      "mean": 170184.4876985537,
      "stddev": 2567.2562927050667,
      "unit": "ns"
    },
    "new": {
      "mean": 170184.4876985537,
      "stddev": 2567.2562927050667,
      "unit": "ns"
    }
  },
  "openapi_parsing/small_spec": {
    "current": {
      "mean": 25019.710713785247,
      "stddev": 1832.2779321083694,
      "unit": "ns"
    },
    "new": {
      "mean": 25019.710713785247,
      "stddev": 1832.2779321083694,
      "unit": "ns"
    }
  },
  "template_rendering/arrays": {
    "current": {
      "mean": 315.0378274356774,
      "stddev": 6.714853886933801,
      "unit": "ns"
    },
    "new": {
      "mean": 315.0378274356774,
      "stddev": 6.714853886933801,
      "unit": "ns"
    }
  },
  "template_rendering/complex": {
    "current": {
      "mean": 385.21701816405914,
      "stddev": 6.762385030708326,
      "unit": "ns"
    },
    "new": {
      "mean": 385.21701816405914,
      "stddev": 6.762385030708326,
      "unit": "ns"
    }
  },
  "template_rendering/simple": {
    "current": {
      "mean": 1222.5981355626943,
      "stddev": 17.34753420934422,
      "unit": "ns"
    },
    "new": {
      "mean": 1222.5981355626943,
      "stddev": 17.34753420934422,
      "unit": "ns"
    }
  }
}