{
  "data_generation/generate_single_record": {
    "current": {
      "mean": 785.9497077362366,
      "stddev": 17.409987810118647,
      "unit": "ns"
    },
    "new": {
      "mean": 785.9497077362366,
      "stddev": 17.409987810118647,
      "unit": "ns"
    }
  },
  "encryption/aes256_gcm": {
    "current": {
      "mean": 1115.68192843702,
      "stddev": 11.533629677729227,
      "unit": "ns"
    },
    "new": {
      "mean": 1115.68192843702,
      "stddev": 11.533629677729227,
      "unit": "ns"
    }
  },
  "encryption/chacha20_poly1305": {
    "current": {
      "mean": 4180.613333376522,
      "stddev": 12.91529340715561,
      "unit": "ns"
    },
    "new": {
      "mean": 4180.613333376522,
      "stddev": 12.91529340715561,
      "unit": "ns"
    }
  },
  "json_validation/complex": {
    "current": {
      "mean": 585.2110460410476,
      "stddev": 5.013164635405729,
      "unit": "ns"
    },
    "new": {
      "mean": 585.2110460410476,
      "stddev": 5.013164635405729,
      "unit": "ns"
    }
  },
  "json_validation/simple": {
    "current": {
      "mean": 100.81652081572501,
      "stddev": 0.8092639832000691,
      "unit": "ns"
    },
    "new": {
      "mean": 100.81652081572501,
      "stddev": 0.8092639832000691,
      "unit": "ns"
    }
  },
  "memory/deep_template_rendering": {
    "current": {
      "mean": 1468.4186584846454,
      "stddev": 3.346458042857707,
      "unit": "ns"
    },
    "new": {
      "mean": 1468.4186584846454,
      "stddev": 3.346458042857707,
      "unit": "ns"
    }
  },
  "memory/large_data_validation": {
    "current": {
      "mean": 107101.45949947383,
      "stddev": 706.7402365524777,
      "unit": "ns"
    },
    "new": {
      "mean": 107101.45949947383,
      "stddev": 706.7402365524777,
      "unit": "ns"
    }
  },
  "memory/large_spec_parsing": {
    "current": {
      "mean": 7651168.503845598,
      "stddev": 217421.23457566934,
      "unit": "ns"
    },
    "new": {
      "mean": 7651168.503845598,
      "stddev": 217421.23457566934,
      "unit": "ns"
    }
  },
  "openapi_parsing/medium_spec_10_paths": {
    "current": {
      "mean": 172448.9964375464,
      "stddev": 4218.984066878805,
      "unit": "ns"
    },
    "new": {
      "mean": 172448.9964375464,
      "stddev": 4218.984066878805,
      "unit": "ns"
    }
  },
  "openapi_parsing/small_spec": {
    "current": {
      "mean": 24768.749324029974,
      "stddev": 267.9079952403411,
      "unit": "ns"
    },
    "new": {
      "mean": 24768.749324029974,
      "stddev": 267.9079952403411,
      "unit": "ns"
    }
  },
  "template_rendering/arrays": {
    "current": {
      "mean": 325.7542088417784,
      "stddev": 7.808273249029139,
      "unit": "ns"
    },
    "new": {
      "mean": 325.7542088417784,
      "stddev": 7.808273249029139,
      "unit": "ns"
    }
  },
  "template_rendering/complex": {
    "current": {
      "mean": 389.43497758875,
      "stddev": 6.668698185881588,
      "unit": "ns"
    },
    "new": {
      "mean": 389.43497758875,
      "stddev": 6.668698185881588,
      "unit": "ns"
    }
  },
  "template_rendering/simple": {
    "current": {
      "mean": 1224.653476564271,
      "stddev": 25.778416704883245,
      "unit": "ns"
    },
    "new": {
      "mean": 1224.653476564271,
      "stddev": 25.778416704883245,
      "unit": "ns"
    }
  }
}