{
  "data_generation/generate_single_record": {
    "current": {
      "mean": 782.318583759114,
      "stddev": 11.99686521701518,
      "unit": "ns"
    },
    "new": {
      "mean": 782.318583759114,
      "stddev": 11.99686521701518,
      "unit": "ns"
    }
  },
  "encryption/aes256_gcm": {
    "current": {
      "mean": 1111.9469688211452,
      "stddev": 27.839229728491407,
      "unit": "ns"
    },
    "new": {
      "mean": 1111.9469688211452,
      "stddev": 27.839229728491407,
      "unit": "ns"
    }
  },
  "encryption/chacha20_poly1305": {
    "current": {
      "mean": 4207.848280299288,
      "stddev": 17.30542007777226,
      "unit": "ns"
    },
    "new": {
      "mean": 4207.848280299288,
      "stddev": 17.30542007777226,
      "unit": "ns"
    }
  },
  "json_validation/complex": {
    "current": {
      "mean": 592.0176481377569,
      "stddev": 10.475939589945604,
      "unit": "ns"
    },
    "new": {
      "mean": 592.0176481377569,
      "stddev": 10.475939589945604,
      "unit": "ns"
    }
  },
  "json_validation/simple": {
    "current": {
      "mean": 101.11805499628136,
      "stddev": 1.0202754915099752,
      "unit": "ns"
    },
    "new": {
      "mean": 101.11805499628136,
      "stddev": 1.0202754915099752,
      "unit": "ns"
    }
  },
  "memory/deep_template_rendering": {
    "current": {
      "mean": 1487.7336773731215,
      "stddev": 1.2694808784713392,
      "unit": "ns"
    },
    "new": {
      "mean": 1487.7336773731215,
      "stddev": 1.2694808784713392,
      "unit": "ns"
    }
  },
  "memory/large_data_validation": {
    "current": {
      "mean": 104841.804787384,
      "stddev": 436.77316729844887,
      "unit": "ns"
    },
    "new": {
      "mean": 104841.804787384,
      "stddev": 436.77316729844887,
      "unit": "ns"
    }
  },
  "memory/large_spec_parsing": {
    "current": {
      "mean": 6986678.78039352,
      "stddev": 33113.868537860304,
      "unit": "ns"
    },
    "new": {
      "mean": 6986678.78039352,
      "stddev": 33113.868537860304,
      "unit": "ns"
    }
  },
  "openapi_parsing/medium_spec_10_paths": {
    "current": {
      "mean": 173903.50663183653,
      "stddev": 2741.4962415366026,
      "unit": "ns"
    },
    "new": {
      "mean": 173903.50663183653,
      "stddev": 2741.4962415366026,
      "unit": "ns"
    }
  },
  "openapi_parsing/small_spec": {
    "current": {
      "mean": 24432.427097170454,
      "stddev": 347.760143352946,
      "unit": "ns"
    },
    "new": {
      "mean": 24432.427097170454,
      "stddev": 347.760143352946,
      "unit": "ns"
    }
  },
  "template_rendering/arrays": {
    "current": {
      "mean": 315.66345793944595,
      "stddev": 2.0845818361195074,
      "unit": "ns"
    },
    "new": {
      "mean": 315.66345793944595,
      "stddev": 2.0845818361195074,
      "unit": "ns"
    }
  },
  "template_rendering/complex": {
    "current": {
      "mean": 377.45601180095235,
      "stddev": 4.021862782672786,
      "unit": "ns"
    },
    "new": {
      "mean": 377.45601180095235,
      "stddev": 4.021862782672786,
      "unit": "ns"
    }
  },
  "template_rendering/simple": {
    "current": {
      "mean": 1209.6173029716022,
      "stddev": 8.480381538044009,
      "unit": "ns"
    },
    "new": {
      "mean": 1209.6173029716022,
      "stddev": 8.480381538044009,
      "unit": "ns"
    }
  }
}