{
  "data_generation/generate_single_record": {
    "current": {
      "mean": 774.7646119491267,
      "stddev": 7.576188673249645,
      "unit": "ns"
    },
    "new": {
      "mean": 774.7646119491267,
      "stddev": 7.576188673249645,
      "unit": "ns"
    }
  },
  "encryption/aes256_gcm": {
    "current": {
      "mean": 1106.0063325409253,
      "stddev": 10.56786311536582,
      "unit": "ns"
    },
    "new": {
      "mean": 1106.0063325409253,
      "stddev": 10.56786311536582,
      "unit": "ns"
    }
  },
  "encryption/chacha20_poly1305": {
    "current": {
      "mean": 4168.067798400135,
      "stddev": 24.001233972784963,
      "unit": "ns"
    },
    "new": {
      "mean": 4168.067798400135,
      "stddev": 24.001233972784963,
      "unit": "ns"
    }
  },
  "json_validation/complex": {
    "current": {
      "mean": 581.0845603172518,
      "stddev": 10.069434508812224,
      "unit": "ns"
    },
    "new": {
      "mean": 581.0845603172518,
      "stddev": 10.069434508812224,
      "unit": "ns"
    }
  },
  "json_validation/simple": {
    "current": {
      "mean": 98.66032568018818,
      "stddev": 1.3807170410706104,
      "unit": "ns"
    },
    "new": {
      "mean": 98.66032568018818,
      "stddev": 1.3807170410706104,
      "unit": "ns"
    }
  },
  "memory/deep_template_rendering": {
    "current": {
      "mean": 1449.3966033862753,
      "stddev": 1.114322311241032,
      "unit": "ns"
    },
    "new": {
      "mean": 1449.3966033862753,
      "stddev": 1.114322311241032,
      "unit": "ns"
    }
  },
  "memory/large_data_validation": {
    "current": {
      "mean": 105326.74901864104,
      "stddev": 388.3373116825059,
      "unit": "ns"
    },
    "new": {
      "mean": 105326.74901864104,
      "stddev": 388.3373116825059,
      "unit": "ns"
    }
  },
  "memory/large_spec_parsing": {
    "current": {
      "mean": 6872393.174583334,
      "stddev": 19486.25081534678,
      "unit": "ns"
    },
    "new": {
      "mean": 6872393.174583334,
      "stddev": 19486.25081534678,
      "unit": "ns"
    }
  },
  "openapi_parsing/medium_spec_10_paths": {
    "current": {
      "mean": 168282.97754124555,
      "stddev": 1046.014157183573,
      "unit": "ns"
    },
    "new": {
      "mean": 168282.97754124555,
      "stddev": 1046.014157183573,
      "unit": "ns"
    }
  },
  "openapi_parsing/small_spec": {
    "current": {
      "mean": 24735.300158011643,
      "stddev": 2249.265734723162,
      "unit": "ns"
    },
    "new": {
      "mean": 24735.300158011643,
      "stddev": 2249.265734723162,
      "unit": "ns"
    }
  },
  "template_rendering/arrays": {
    "current": {
      "mean": 311.80086223682366,
      "stddev": 7.792038280402707,
      "unit": "ns"
    },
    "new": {
      "mean": 311.80086223682366,
      "stddev": 7.792038280402707,
      "unit": "ns"
    }
  },
  "template_rendering/complex": {
    "current": {
      "mean": 375.406655800769,
      "stddev": 2.21634298137827,
      "unit": "ns"
    },
    "new": {
      "mean": 375.406655800769,
      "stddev": 2.21634298137827,
      "unit": "ns"
    }
  },
  "template_rendering/simple": {
    "current": {
      "mean": 889.0311424168119,
      "stddev": 5.701960570399751,
      "unit": "ns"
    },
    "new": {
      "mean": 889.0311424168119,
      "stddev": 5.701960570399751,
      "unit": "ns"
    }
  }
}