{
  "data_generation/generate_single_record": {
    "current": {
      "mean": 765.7128409360146,
      "stddev": 9.962282111018952,
      "unit": "ns"
    },
    "new": {
      "mean": 765.7128409360146,
      "stddev": 9.962282111018952,
      "unit": "ns"
    }
  },
  "encryption/aes256_gcm": {
    "current": {
      "mean": 1096.9831495594576,
      "stddev": 12.59768845801437,
      "unit": "ns"
    },
    "new": {
      "mean": 1096.9831495594576,
      "stddev": 12.59768845801437,
      "unit": "ns"
    }
  },
  "encryption/chacha20_poly1305": {
    "current": {
      "mean": 4134.626254929732,
      "stddev": 13.735281234738803,
      "unit": "ns"
    },
    "new": {
      "mean": 4134.626254929732,
      "stddev": 13.735281234738803,
      "unit": "ns"
    }
  },
  "json_validation/complex": {
    "current": {
      "mean": 592.5714273952254,
      "stddev": 8.50215487101122,
      "unit": "ns"
    },
    "new": {
      "mean": 592.5714273952254,
      "stddev": 8.50215487101122,
      "unit": "ns"
    }
  },
  "json_validation/simple": {
    "current": {
      "mean": 98.90143685130691,
      "stddev": 0.8524606551326457,
      "unit": "ns"
    },
    "new": {
      "mean": 98.90143685130691,
      "stddev": 0.8524606551326457,
      "unit": "ns"
    }
  },
  "memory/deep_template_rendering": {
    "current": {
      "mean": 1441.2893362619786,
      "stddev": 15.330600183841016,
      "unit": "ns"
    },
    "new": {
      "mean": 1441.2893362619786,
      "stddev": 15.330600183841016,
      "unit": "ns"
    }
  },
  "memory/large_data_validation": {
    "current": {
      "mean": 108243.51731061618,
      "stddev": 293.8166545571653,
      "unit": "ns"
    },
    "new": {
      "mean": 108243.51731061618,
      "stddev": 293.8166545571653,
      "unit": "ns"
    }
  },
  "memory/large_spec_parsing": {
    "current": {
      "mean": 7006654.454693362,
      "stddev": 51140.65818420958,
      "unit": "ns"
    },
    "new": {
      "mean": 7006654.454693362,
      "stddev": 51140.65818420958,
      "unit": "ns"
    }
  },
  "openapi_parsing/medium_spec_10_paths": {
    "current": {
      "mean": 170231.87918579497,
      "stddev": 1702.6154900168801,
      "unit": "ns"
    },
    "new": {
      "mean": 170231.87918579497,
      "stddev": 1702.6154900168801,
      "unit": "ns"
    }
  },
  "openapi_parsing/small_spec": {
    "current": {
      "mean": 24007.021108391462,
      "stddev": 387.36875272785187,
      "unit": "ns"
    },
    "new": {
      "mean": 24007.021108391462,
      "stddev": 387.36875272785187,
      "unit": "ns"
    }
  },
  "template_rendering/arrays": {
    "current": {
      "mean": 308.7420500999649,
      "stddev": 3.7555709995665754,
      "unit": "ns"
    },
    "new": {
      "mean": 308.7420500999649,
      "stddev": 3.7555709995665754,
      "unit": "ns"
    }
  },
  "template_rendering/complex": {
    "current": {
      "mean": 370.0690834592926,
      "stddev": 3.23480209870502,
      "unit": "ns"
    },
    "new": {
      "mean": 370.0690834592926,
      "stddev": 3.23480209870502,
      "unit": "ns"
    }
  },
  "template_rendering/simple": {
    "current": {
      "mean": 903.3455811987084,
      "stddev": 21.258777712542116,
      "unit": "ns"
    },
    "new": {
      "mean": 903.3455811987084,
      "stddev": 21.258777712542116,
      "unit": "ns"
    }
  }
}