{
  "data_generation/generate_single_record": {
    "current": {
      "mean": 774.7454683142479,
      "stddev": 7.255810816267355,
      "unit": "ns"
    },
    "new": {
      "mean": 774.7454683142479,
      "stddev": 7.255810816267355,
      "unit": "ns"
    }
  },
  "encryption/aes256_gcm": {
    "current": {
      "mean": 1085.5261656671416,
      "stddev": 7.538901902812396,
      "unit": "ns"
    },
    "new": {
      "mean": 1085.5261656671416,
      "stddev": 7.538901902812396,
      "unit": "ns"
    }
  },
  "encryption/chacha20_poly1305": {
    "current": {
      "mean": 4172.839751712615,
      "stddev": 17.78984393962846,
      "unit": "ns"
    },
    "new": {
      "mean": 4172.839751712615,
      "stddev": 17.78984393962846,
      "unit": "ns"
    }
  },
  "json_validation/complex": {
    "current": {
      "mean": 583.0411192107421,
      "stddev": 3.239847879899186,
      "unit": "ns"
    },
    "new": {
      "mean": 583.0411192107421,
      "stddev": 3.239847879899186,
      "unit": "ns"
    }
  },
  "json_validation/simple": {
    "current": {
      "mean": 99.6355428286428,
      "stddev": 2.1217465921473697,
      "unit": "ns"
    },
    "new": {
      "mean": 99.6355428286428,
      "stddev": 2.1217465921473697,
      "unit": "ns"
    }
  },
  "memory/deep_template_rendering": {
    "current": {
      "mean": 1458.5499607292463,
      "stddev": 1.9527219219368837,
      "unit": "ns"
    },
    "new": {
      "mean": 1458.5499607292463,
      "stddev": 1.9527219219368837,
      "unit": "ns"
    }
  },
  "memory/large_data_validation": {
    "current": {
      "mean": 106325.48391021411,
      "stddev": 448.74057035414046,
      "unit": "ns"
    },
    "new": {
      "mean": 106325.48391021411,
      "stddev": 448.74057035414046,
      "unit": "ns"
    }
  },
  "memory/large_spec_parsing": {
    "current": {
      "mean": 6944065.872824073,
      "stddev": 27003.09972875228,
      "unit": "ns"
    },
    "new": {
      "mean": 6944065.872824073,
      "stddev": 27003.09972875228,
      "unit": "ns"
    }
  },
  "openapi_parsing/medium_spec_10_paths": {
    "current": {
      "mean": 171263.9844084886,
      "stddev": 7511.660481213214,
      "unit": "ns"
    },
    "new": {
      "mean": 171263.9844084886,
      "stddev": 7511.660481213214,
      "unit": "ns"
    }
  },
  "openapi_parsing/small_spec": {
    "current": {
      "mean": 24289.77690615849,
      "stddev": 440.2750706764015,
      "unit": "ns"
    },
    "new": {
      "mean": 24289.77690615849,
      "stddev": 440.2750706764015,
      "unit": "ns"
    }
  },
  "template_rendering/arrays": {
    "current": {
      "mean": 304.74265326261616,
      "stddev": 3.072872367547256,
      "unit": "ns"
    },
    "new": {
      "mean": 304.74265326261616,
      "stddev": 3.072872367547256,
      "unit": "ns"
    }
  },
  "template_rendering/complex": {
    "current": {
      "mean": 370.1550050657967,
      "stddev": 6.456538050238137,
      "unit": "ns"
    },
    "new": {
      "mean": 370.1550050657967,
      "stddev": 6.456538050238137,
      "unit": "ns"
    }
  },
  "template_rendering/simple": {
    "current": {
      "mean": 895.570263947039,
      "stddev": 11.838719378604303,
      "unit": "ns"
    },
    "new": {
      "mean": 895.570263947039,
      "stddev": 11.838719378604303,
      "unit": "ns"
    }
  }
}