{
  "data_generation/generate_single_record": {
    "current": {
      "mean": 766.0552128320502,
      "stddev": 3.8611002722202046,
      "unit": "ns"
    },
    "new": {
      "mean": 766.0552128320502,
      "stddev": 3.8611002722202046,
      "unit": "ns"
    }
  },
  "encryption/aes256_gcm": {
    "current": {
      "mean": 904.4770590244824,
      "stddev": 5.087025053486923,
      "unit": "ns"
    },
    "new": {
      "mean": 904.4770590244824,
      "stddev": 5.087025053486923,
      "unit": "ns"
    }
  },
  "encryption/chacha20_poly1305": {
    "current": {
      "mean": 3538.7507748258895,
      "stddev": 40.75788120756619,
      "unit": "ns"
    },
    "new": {
      "mean": 3538.7507748258895,
      "stddev": 40.75788120756619,
      "unit": "ns"
    }
  },
  "json_validation/complex": {
    "current": {
      "mean": 638.2176401349027,
      "stddev": 13.637501861136185,
      "unit": "ns"
    },
    "new": {
      "mean": 638.2176401349027,
      "stddev": 13.637501861136185,
      "unit": "ns"
    }
  },
  "json_validation/simple": {
    "current": {
      "mean": 91.00417643043589,
      "stddev": 2.7773036797901116,
      "unit": "ns"
    },
    "new": {
      "mean": 91.00417643043589,
      "stddev": 2.7773036797901116,
      "unit": "ns"
    }
  },
  "memory/deep_template_rendering": {
    "current": {
      "mean": 1491.4360665508102,
      "stddev": 0.6503548544453308,
      "unit": "ns"
    },
    "new": {
      "mean": 1491.4360665508102,
      "stddev": 0.6503548544453308,
      "unit": "ns"
    }
  },
  "memory/large_data_validation": {
    "current": {
      "mean": 103643.15625759763,
      "stddev": 314.38095413394194,
      "unit": "ns"
    },
    "new": {
      "mean": 103643.15625759763,
      "stddev": 314.38095413394194,
      "unit": "ns"
    }
  },
  "memory/large_spec_parsing": {
    "current": {
      "mean": 7207280.4954329,
      "stddev": 62729.57580164859,
      "unit": "ns"
    },
    "new": {
      "mean": 7207280.4954329,
      "stddev": 62729.57580164859,
      "unit": "ns"
    }
  },
  "openapi_parsing/medium_spec_10_paths": {
    "current": {
      "mean": 163442.38195813555,
      "stddev": 2801.5838734593594,
      "unit": "ns"
    },
    "new": {
      "mean": 163442.38195813555,
      "stddev": 2801.5838734593594,
      "unit": "ns"
    }
  },
  "openapi_parsing/small_spec": {
    "current": {
      "mean": 23017.835520312394,
      "stddev": 396.86771141391006,
      "unit": "ns"
    },
    "new": {
      "mean": 23017.835520312394,
      "stddev": 396.86771141391006,
      "unit": "ns"
    }
  },
  "template_rendering/arrays": {
    "current": {
      "mean": 308.7765632192467,
      "stddev": 2.8511847438948865,
      "unit": "ns"
    },
    "new": {
      "mean": 308.7765632192467,
      "stddev": 2.8511847438948865,
      "unit": "ns"
    }
  },
  "template_rendering/complex": {
    "current": {
      "mean": 362.69885921647,
      "stddev": 7.282352153050364,
      "unit": "ns"
    },
    "new": {
      "mean": 362.69885921647,
      "stddev": 7.282352153050364,
      "unit": "ns"
    }
  },
  "template_rendering/simple": {
    "current": {
      "mean": 708.7846155427759,
      "stddev": 11.480365800571326,
      "unit": "ns"
    },
    "new": {
      "mean": 708.7846155427759,
      "stddev": 11.480365800571326,
      "unit": "ns"
    }
  }
}