{
  "data_generation/generate_single_record": {
    "current": {
      "mean": 775.7636481137416,
      "stddev": 12.717339720915932,
      "unit": "ns"
    },
    "new": {
      "mean": 775.7636481137416,
      "stddev": 12.717339720915932,
      "unit": "ns"
    }
  },
  "encryption/aes256_gcm": {
    "current": {
      "mean": 1093.847116760358,
      "stddev": 12.516522270237235,
      "unit": "ns"
    },
    "new": {
      "mean": 1093.847116760358,
      "stddev": 12.516522270237235,
      "unit": "ns"
    }
  },
  "encryption/chacha20_poly1305": {
    "current": {
      "mean": 4162.320151509587,
      "stddev": 18.4792306581111,
      "unit": "ns"
    },
    "new": {
      "mean": 4162.320151509587,
      "stddev": 18.4792306581111,
      "unit": "ns"
    }
  },
  "json_validation/complex": {
    "current": {
      "mean": 580.9704035415352,
      "stddev": 17.654700545886726,
      "unit": "ns"
    },
    "new": {
      "mean": 580.9704035415352,
      "stddev": 17.654700545886726,
      "unit": "ns"
    }
  },
  "json_validation/simple": {
    "current": {
      "mean": 99.20478686220031,
      "stddev": 1.8829538959811452,
      "unit": "ns"
    },
    "new": {
      "mean": 99.20478686220031,
      "stddev": 1.8829538959811452,
      "unit": "ns"
    }
  },
  "memory/deep_template_rendering": {
    "current": {
      "mean": 1439.5209378409725,
      "stddev": 1.5948130642443383,
      "unit": "ns"
    },
    "new": {
      "mean": 1439.5209378409725,
      "stddev": 1.5948130642443383,
      "unit": "ns"
    }
  },
  "memory/large_data_validation": {
    "current": {
      "mean": 106159.56360936681,
      "stddev": 412.8105703062224,
      "unit": "ns"
    },
    "new": {
      "mean": 106159.56360936681,
      "stddev": 412.8105703062224,
      "unit": "ns"
    }
  },
  "memory/large_spec_parsing": {
    "current": {
      "mean": 7090182.222359307,
      "stddev": 38064.04735423029,
      "unit": "ns"
    },
    "new": {
      "mean": 7090182.222359307,
      "stddev": 38064.04735423029,
      "unit": "ns"
    }
  },
  "openapi_parsing/medium_spec_10_paths": {
    "current": {
      "mean": 172128.67983541143,
      "stddev": 1825.0554424889708,
      "unit": "ns"
    },
    "new": {
      "mean": 172128.67983541143,
      "stddev": 1825.0554424889708,
      "unit": "ns"
    }
  },
  "openapi_parsing/small_spec": {
    "current": {
      "mean": 24395.632136629425,
      "stddev": 456.5550645024956,
      "unit": "ns"
    },
    "new": {
      "mean": 24395.632136629425,
      "stddev": 456.5550645024956,
      "unit": "ns"
    }
  },
  "template_rendering/arrays": {
    "current": {
      "mean": 313.8860091954676,
      "stddev": 5.619555673395038,
      "unit": "ns"
    },
    "new": {
      "mean": 313.8860091954676,
      "stddev": 5.619555673395038,
      "unit": "ns"
    }
  },
  "template_rendering/complex": {
    "current": {
      "mean": 366.31599726980807,
      "stddev": 6.792043076238522,
      "unit": "ns"
    },
    "new": {
      "mean": 366.31599726980807,
      "stddev": 6.792043076238522,
      "unit": "ns"
    }
  },
  "template_rendering/simple": {
    "current": {
      "mean": 894.7376022923531,
      "stddev": 12.833880622467213,
      "unit": "ns"
    },
    "new": {
      "mean": 894.7376022923531,
      "stddev": 12.833880622467213,
      "unit": "ns"
    }
  }
}