{
  "data_generation/generate_single_record": {
    "current": {
      "mean": 790.9863435450511,
      "stddev": 6.752745915753095,
      "unit": "ns"
    },
    "new": {
      "mean": 790.9863435450511,
      "stddev": 6.752745915753095,
      "unit": "ns"
    }
  },
  "encryption/aes256_gcm": {
    "current": {
      "mean": 1094.2358263964159,
      "stddev": 5.770063883852722,
      "unit": "ns"
    },
    "new": {
      "mean": 1094.2358263964159,
      "stddev": 5.770063883852722,
      "unit": "ns"
    }
  },
  "encryption/chacha20_poly1305": {
    "current": {
      "mean": 4187.143080709249,
      "stddev": 81.15940295468997,
      "unit": "ns"
    },
    "new": {
      "mean": 4187.143080709249,
      "stddev": 81.15940295468997,
      "unit": "ns"
    }
  },
  "json_validation/complex": {
    "current": {
      "mean": 590.5136501183638,
      "stddev": 18.834135447344305,
      "unit": "ns"
    },
    "new": {
      "mean": 590.5136501183638,
      "stddev": 18.834135447344305,
      "unit": "ns"
    }
  },
  "json_validation/simple": {
    "current": {
      "mean": 99.59552128878137,
      "stddev": 0.7627758462389236,
      "unit": "ns"
    },
    "new": {
      "mean": 99.59552128878137,
      "stddev": 0.7627758462389236,
      "unit": "ns"
    }
  },
  "memory/deep_template_rendering": {
    "current": {
      "mean": 1469.3633590883087,
      "stddev": 3.619597043064644,
      "unit": "ns"
    },
    "new": {
      "mean": 1469.3633590883087,
      "stddev": 3.619597043064644,
      "unit": "ns"
    }
  },
  "memory/large_data_validation": {
    "current": {
      "mean": 106553.16556144254,
      "stddev": 2080.7757167757086,
      "unit": "ns"
    },
    "new": {
      "mean": 106553.16556144254,
      "stddev": 2080.7757167757086,
      "unit": "ns"
    }
  },
  "memory/large_spec_parsing": {
    "current": {
      "mean": 7474353.386853175,
      "stddev": 95598.57721604634,
      "unit": "ns"
    },
    "new": {
      "mean": 7474353.386853175,
      "stddev": 95598.57721604634,
      "unit": "ns"
    }
  },
  "openapi_parsing/medium_spec_10_paths": {
    "current": {
      "mean": 173172.4062774807,
      "stddev": 3241.7537532329393,
      "unit": "ns"
    },
    "new": {
      "mean": 173172.4062774807,
      "stddev": 3241.7537532329393,
      "unit": "ns"
    }
  },
  "openapi_parsing/small_spec": {
    "current": {
      "mean": 24464.798431404055,
      "stddev": 318.26146493004245,
      "unit": "ns"
    },
    "new": {
      "mean": 24464.798431404055,
      "stddev": 318.26146493004245,
      "unit": "ns"
    }
  },
  "template_rendering/arrays": {
    "current": {
      "mean": 314.7901935878612,
      "stddev": 6.1909377501139,
      "unit": "ns"
    },
    "new": {
      "mean": 314.7901935878612,
      "stddev": 6.1909377501139,
      "unit": "ns"
    }
  },
  "template_rendering/complex": {
    "current": {
      "mean": 387.4448742802708,
      "stddev": 7.679131874159062,
      "unit": "ns"
    },
    "new": {
      "mean": 387.4448742802708,
      "stddev": 7.679131874159062,
      "unit": "ns"
    }
  },
  "template_rendering/simple": {
    "current": {
      "mean": 905.3683202618636,
      "stddev": 11.619748880070178,
      "unit": "ns"
    },
    "new": {
      "mean": 905.3683202618636,
      "stddev": 11.619748880070178,
      "unit": "ns"
    }
  }
}