{
  "data_generation/generate_single_record": {
    "current": {
      "mean": 766.9449033565817,
      "stddev": 4.94328292638448,
      "unit": "ns"
    },
    "new": {
      "mean": 766.9449033565817,
      "stddev": 4.94328292638448,
      "unit": "ns"
    }
  },
  "encryption/aes256_gcm": {
    "current": {
      "mean": 1133.155493682896,
      "stddev": 25.73189012163673,
      "unit": "ns"
    },
    "new": {
      "mean": 1133.155493682896,
      "stddev": 25.73189012163673,
      "unit": "ns"
    }
  },
  "encryption/chacha20_poly1305": {
    "current": {
      "mean": 4182.897262756422,
      "stddev": 13.186080298768687,
      "unit": "ns"
    },
    "new": {
      "mean": 4182.897262756422,
      "stddev": 13.186080298768687,
      "unit": "ns"
    }
  },
  "json_validation/complex": {
    "current": {
      "mean": 583.307144205523,
      "stddev": 10.372354062545314,
      "unit": "ns"
    },
    "new": {
      "mean": 583.307144205523,
      "stddev": 10.372354062545314,
      "unit": "ns"
    }
  },
  "json_validation/simple": {
    "current": {
      "mean": 100.30940321472838,
      "stddev": 0.651800585798367,
      "unit": "ns"
    },
    "new": {
      "mean": 100.30940321472838,
      "stddev": 0.651800585798367,
      "unit": "ns"
    }
  },
  "memory/deep_template_rendering": {
    "current": {
      "mean": 1439.721354010862,
      "stddev": 2.342487922684973,
      "unit": "ns"
    },
    "new": {
      "mean": 1439.721354010862,
      "stddev": 2.342487922684973,
      "unit": "ns"
    }
  },
  "memory/large_data_validation": {
    "current": {
      "mean": 104053.31577687443,
      "stddev": 400.7995376625278,
      "unit": "ns"
    },
    "new": {
      "mean": 104053.31577687443,
      "stddev": 400.7995376625278,
      "unit": "ns"
    }
  },
  "memory/large_spec_parsing": {
    "current": {
      "mean": 6975845.693124098,
      "stddev": 35821.76972312135,
      "unit": "ns"
    },
    "new": {
      "mean": 6975845.693124098,
      "stddev": 35821.76972312135,
      "unit": "ns"
    }
  },
  "openapi_parsing/medium_spec_10_paths": {
    "current": {
      "mean": 169727.70267377357,
      "stddev": 1539.6631366174215,
      "unit": "ns"
    },
    "new": {
      "mean": 169727.70267377357,
      "stddev": 1539.6631366174215,
      "unit": "ns"
    }
  },
  "openapi_parsing/small_spec": {
    "current": {
      "mean": 24147.908623644485,
      "stddev": 366.17478228876615,
      "unit": "ns"
    },
    "new": {
      "mean": 24147.908623644485,
      "stddev": 366.17478228876615,
      "unit": "ns"
    }
  },
  "template_rendering/arrays": {
    "current": {
      "mean": 320.03223742206467,
      "stddev": 6.855198905552997,
      "unit": "ns"
    },
    "new": {
      "mean": 320.03223742206467,
      "stddev": 6.855198905552997,
      "unit": "ns"
    }
  },
  "template_rendering/complex": {
    "current": {
      "mean": 378.3631358846419,
      "stddev": 6.993997074549217,
      "unit": "ns"
    },
    "new": {
      "mean": 378.3631358846419,
      "stddev": 6.993997074549217,
      "unit": "ns"
    }
  },
  "template_rendering/simple": {
    "current": {
      "mean": 900.7496977056381,
      "stddev": 11.49548799288353,
      "unit": "ns"
    },
    "new": {
      "mean": 900.7496977056381,
      "stddev": 11.49548799288353,
      "unit": "ns"
    }
  }
}