{
  "data_generation/generate_single_record": {
    "current": {
      "mean": 773.5866512895362,
      "stddev": 17.051211557322873,
      "unit": "ns"
    },
    "new": {
      "mean": 773.5866512895362,
      "stddev": 17.051211557322873,
      "unit": "ns"
    }
  },
  "encryption/aes256_gcm": {
    "current": {
      "mean": 911.7611367886077,
      "stddev": 7.021910240799051,
      "unit": "ns"
    },
    "new": {
      "mean": 911.7611367886077,
      "stddev": 7.021910240799051,
      "unit": "ns"
    }
  },
  "encryption/chacha20_poly1305": {
    "current": {
      "mean": 3537.1376758596966,
      "stddev": 20.950177944225683,
      "unit": "ns"
    },
    "new": {
      "mean": 3537.1376758596966,
      "stddev": 20.950177944225683,
      "unit": "ns"
    }
  },
  "json_validation/complex": {
    "current": {
      "mean": 651.0557845525435,
      "stddev": 11.557891845657906,
      "unit": "ns"
    },
    "new": {
      "mean": 651.0557845525435,
      "stddev": 11.557891845657906,
      "unit": "ns"
    }
  },
  "json_validation/simple": {
    "current": {
      "mean": 87.24854157151614,
      "stddev": 2.626140638482669,
      "unit": "ns"
    },
    "new": {
      "mean": 87.24854157151614,
      "stddev": 2.626140638482669,
      "unit": "ns"
    }
  },
  "memory/deep_template_rendering": {
    "current": {
      "mean": 1498.9387982443304,
      "stddev": 2.241171187602353,
      "unit": "ns"
    },
    "new": {
      "mean": 1498.9387982443304,
      "stddev": 2.241171187602353,
      "unit": "ns"
    }
  },
  "memory/large_data_validation": {
    "current": {
      "mean": 102169.75926531877,
      "stddev": 508.6617361127931,
      "unit": "ns"
    },
    "new": {
      "mean": 102169.75926531877,
      "stddev": 508.6617361127931,
      "unit": "ns"
    }
  },
  "memory/large_spec_parsing": {
    "current": {
      "mean": 7139252.0468578655,
      "stddev": 79565.01406494825,
      "unit": "ns"
    },
    "new": {
      "mean": 7139252.0468578655,
      "stddev": 79565.01406494825,
      "unit": "ns"
    }
  },
  "openapi_parsing/medium_spec_10_paths": {
    "current": {
      "mean": 163026.06225925605,
      "stddev": 7312.025103230969,
      "unit": "ns"
    },
    "new": {
      "mean": 163026.06225925605,
      "stddev": 7312.025103230969,
      "unit": "ns"
    }
  },
  "openapi_parsing/small_spec": {
    "current": {
      "mean": 23022.756471924087,
      "stddev": 468.25451345523675,
      "unit": "ns"
    },
    "new": {
      "mean": 23022.756471924087,
      "stddev": 468.25451345523675,
      "unit": "ns"
    }
  },
  "template_rendering/arrays": {
    "current": {
      "mean": 327.43410723416474,
      "stddev": 2.79162304318115,
      "unit": "ns"
    },
    "new": {
      "mean": 327.43410723416474,
      "stddev": 2.79162304318115,
      "unit": "ns"
    }
  },
  "template_rendering/complex": {
    "current": {
      "mean": 362.1910606617363,
      "stddev": 12.463056344873344,
      "unit": "ns"
    },
    "new": {
      "mean": 362.1910606617363,
      "stddev": 12.463056344873344,
      "unit": "ns"
    }
  },
  "template_rendering/simple": {
    "current": {
      "mean": 810.7123792850361,
      "stddev": 8.694031441071864,
      "unit": "ns"
    },
    "new": {
      "mean": 810.7123792850361,
      "stddev": 8.694031441071864,
      "unit": "ns"
    }
  }
}