{
  "data_generation/generate_single_record": {
    "current": {
      "mean": 803.4319372137397,
      "stddev": 14.449005662434201,
      "unit": "ns"
    },
    "new": {
      "mean": 803.4319372137397,
      "stddev": 14.449005662434201,
      "unit": "ns"
    }
  },
  "encryption/aes256_gcm": {
    "current": {
      "mean": 1135.5297323956213,
      "stddev": 6.147810637179298,
      "unit": "ns"
    },
    "new": {
      "mean": 1135.5297323956213,
      "stddev": 6.147810637179298,
      "unit": "ns"
    }
  },
  "encryption/chacha20_poly1305": {
    "current": {
      "mean": 4145.676017194064,
      "stddev": 33.07588710581894,
      "unit": "ns"
    },
    "new": {
      "mean": 4145.676017194064,
      "stddev": 33.07588710581894,
      "unit": "ns"
    }
  },
  "json_validation/complex": {
    "current": {
      "mean": 624.5295210135724,
      "stddev": 4.763293577707918,
      "unit": "ns"
    },
    "new": {
      "mean": 624.5295210135724,
      "stddev": 4.763293577707918,
      "unit": "ns"
    }
  },
  "json_validation/simple": {
    "current": {
      "mean": 107.93973486065755,
      "stddev": 1.1581109073920821,
      "unit": "ns"
    },
    "new": {
      "mean": 107.93973486065755,
      "stddev": 1.1581109073920821,
      "unit": "ns"
    }
  },
  "memory/deep_template_rendering": {
    "current": {
      "mean": 1538.7163593509063,
      "stddev": 1.628882313322142,
      "unit": "ns"
    },
    "new": {
      "mean": 1538.7163593509063,
      "stddev": 1.628882313322142,
      "unit": "ns"
    }
  },
  "memory/large_data_validation": {
    "current": {
      "mean": 109151.8036191143,
      "stddev": 322.5154739483767,
      "unit": "ns"
    },
    "new": {
      "mean": 109151.8036191143,
      "stddev": 322.5154739483767,
      "unit": "ns"
    }
  },
  "memory/large_spec_parsing": {
    "current": {
      "mean": 7647385.472027779,
      "stddev": 106044.66389504004,
      "unit": "ns"
    },
    "new": {
      "mean": 7647385.472027779,
      "stddev": 106044.66389504004,
      "unit": "ns"
    }
  },
  "openapi_parsing/medium_spec_10_paths": {
    "current": {
      "mean": 169070.79915738598,
      "stddev": 3126.2272910350516,
      "unit": "ns"
    },
    "new": {
      "mean": 169070.79915738598,
      "stddev": 3126.2272910350516,
      "unit": "ns"
    }
  },
  "openapi_parsing/small_spec": {
    "current": {
      "mean": 23921.336934923173,
      "stddev": 470.5150609657626,
      "unit": "ns"
    },
    "new": {
      "mean": 23921.336934923173,
      "stddev": 470.5150609657626,
      "unit": "ns"
    }
  },
  "template_rendering/arrays": {
    "current": {
      "mean": 321.7765471551382,
      "stddev": 6.922527473352353,
      "unit": "ns"
    },
    "new": {
      "mean": 321.7765471551382,
      "stddev": 6.922527473352353,
      "unit": "ns"
    }
  },
  "template_rendering/complex": {
    "current": {
      "mean": 371.50321848364683,
      "stddev": 16.07682452880768,
      "unit": "ns"
    },
    "new": {
      "mean": 371.50321848364683,
      "stddev": 16.07682452880768,
      "unit": "ns"
    }
  },
  "template_rendering/simple": {
    "current": {
      "mean": 1255.4173984084964,
      "stddev": 75.17098260656566,
      "unit": "ns"
    },
    "new": {
      "mean": 1255.4173984084964,
      "stddev": 75.17098260656566,
      "unit": "ns"
    }
  }
}