{
  "data_generation/generate_single_record": {
    "current": {
      "mean": 774.044390284184,
      "stddev": 11.213568736656459,
      "unit": "ns"
    },
    "new": {
      "mean": 774.044390284184,
      "stddev": 11.213568736656459,
      "unit": "ns"
    }
  },
  "encryption/aes256_gcm": {
    "current": {
      "mean": 1072.516838261702,
      "stddev": 5.471922240149314,
      "unit": "ns"
    },
    "new": {
      "mean": 1072.516838261702,
      "stddev": 5.471922240149314,
      "unit": "ns"
    }
  },
  "encryption/chacha20_poly1305": {
    "current": {
      "mean": 4161.266106283682,
      "stddev": 19.51150497823893,
      "unit": "ns"
    },
    "new": {
      "mean": 4161.266106283682,
      "stddev": 19.51150497823893,
      "unit": "ns"
    }
  },
  "json_validation/complex": {
    "current": {
      "mean": 581.8992234362756,
      "stddev": 5.412424450933245,
      "unit": "ns"
    },
    "new": {
      "mean": 581.8992234362756,
      "stddev": 5.412424450933245,
      "unit": "ns"
    }
  },
  "json_validation/simple": {
    "current": {
      "mean": 105.44342580005532,
      "stddev": 0.688339934117125,
      "unit": "ns"
    },
    "new": {
      "mean": 105.44342580005532,
      "stddev": 0.688339934117125,
      "unit": "ns"
    }
  },
  "memory/deep_template_rendering": {
    "current": {
      "mean": 1509.122988983401,
      "stddev": 2.172535397092511,
      "unit": "ns"
    },
    "new": {
      "mean": 1509.122988983401,
      "stddev": 2.172535397092511,
      "unit": "ns"
    }
  },
  "memory/large_data_validation": {
    "current": {
      "mean": 104126.68635236411,
      "stddev": 250.42238759745624,
      "unit": "ns"
    },
    "new": {
      "mean": 104126.68635236411,
      "stddev": 250.42238759745624,
      "unit": "ns"
    }
  },
  "memory/large_spec_parsing": {
    "current": {
      "mean": 7017910.238257577,
      "stddev": 48387.90323633872,
      "unit": "ns"
    },
    "new": {
      "mean": 7017910.238257577,
      "stddev": 48387.90323633872,
      "unit": "ns"
    }
  },
  "openapi_parsing/medium_spec_10_paths": {
    "current": {
      "mean": 170236.56222718843,
      "stddev": 1492.0899932754935,
      "unit": "ns"
    },
    "new": {
      "mean": 170236.56222718843,
      "stddev": 1492.0899932754935,
      "unit": "ns"
    }
  },
  "openapi_parsing/small_spec": {
    "current": {
      "mean": 24549.407784157367,
      "stddev": 211.08537642338155,
      "unit": "ns"
    },
    "new": {
      "mean": 24549.407784157367,
      "stddev": 211.08537642338155,
      "unit": "ns"
    }
  },
  "template_rendering/arrays": {
    "current": {
      "mean": 315.06716439274635,
      "stddev": 7.151768822552535,
      "unit": "ns"
    },
    "new": {
      "mean": 315.06716439274635,
      "stddev": 7.151768822552535,
      "unit": "ns"
    }
  },
  "template_rendering/complex": {
    "current": {
      "mean": 376.07893340417024,
      "stddev": 8.47905096351197,
      "unit": "ns"
    },
    "new": {
      "mean": 376.07893340417024,
      "stddev": 8.47905096351197,
      "unit": "ns"
    }
  },
  "template_rendering/simple": {
    "current": {
      "mean": 904.5305220342157,
      "stddev": 7.699367750897787,
      "unit": "ns"
    },
    "new": {
      "mean": 904.5305220342157,
      "stddev": 7.699367750897787,
      "unit": "ns"
    }
  }
}