{
  "data_generation/generate_single_record": {
    "current": {
      "mean": 762.8273836139504,
      "stddev": 11.46776495424758,
      "unit": "ns"
    },
    "new": {
      "mean": 762.8273836139504,
      "stddev": 11.46776495424758,
      "unit": "ns"
    }
  },
  "encryption/aes256_gcm": {
    "current": {
      "mean": 1122.0765006955342,
      "stddev": 11.987015942017758,
      "unit": "ns"
    },
    "new": {
      "mean": 1122.0765006955342,
      "stddev": 11.987015942017758,
      "unit": "ns"
    }
  },
  "encryption/chacha20_poly1305": {
    "current": {
      "mean": 4191.011104119392,
      "stddev": 21.249261143238687,
      "unit": "ns"
    },
    "new": {
      "mean": 4191.011104119392,
      "stddev": 21.249261143238687,
      "unit": "ns"
    }
  },
  "json_validation/complex": {
    "current": {
      "mean": 592.9579595177617,
      "stddev": 4.647263046333892,
      "unit": "ns"
    },
    "new": {
      "mean": 592.9579595177617,
      "stddev": 4.647263046333892,
      "unit": "ns"
    }
  },
  "json_validation/simple": {
    "current": {
      "mean": 102.10573361152808,
      "stddev": 1.270637711560104,
      "unit": "ns"
    },
    "new": {
      "mean": 102.10573361152808,
      "stddev": 1.270637711560104,
      "unit": "ns"
    }
  },
  "memory/deep_template_rendering": {
    "current": {
      "mean": 1450.8887542299312,
      "stddev": 1.7393979742359442,
      "unit": "ns"
    },
    "new": {
      "mean": 1450.8887542299312,
      "stddev": 1.7393979742359442,
      "unit": "ns"
    }
  },
  "memory/large_data_validation": {
    "current": {
      "mean": 108361.17070661599,
      "stddev": 332.6012378022549,
      "unit": "ns"
    },
    "new": {
      "mean": 108361.17070661599,
      "stddev": 332.6012378022549,
      "unit": "ns"
    }
  },
  "memory/large_spec_parsing": {
    "current": {
      "mean": 7083961.44945166,
      "stddev": 29658.569676154944,
      "unit": "ns"
    },
    "new": {
      "mean": 7083961.44945166,
      "stddev": 29658.569676154944,
      "unit": "ns"
    }
  },
  "openapi_parsing/medium_spec_10_paths": {
    "current": {
      "mean": 170596.27537164468,
      "stddev": 2954.0225702770945,
      "unit": "ns"
    },
    "new": {
      "mean": 170596.27537164468,
      "stddev": 2954.0225702770945,
      "unit": "ns"
    }
  },
  "openapi_parsing/small_spec": {
    "current": {
      "mean": 24523.087816151692,
      "stddev": 194.0897063736337,
      "unit": "ns"
    },
    "new": {
      "mean": 24523.087816151692,
      "stddev": 194.0897063736337,
      "unit": "ns"
    }
  },
  "template_rendering/arrays": {
    "current": {
      "mean": 351.26868269617086,
      "stddev": 20.23397225561613,
      "unit": "ns"
    },
    "new": {
      "mean": 351.26868269617086,
      "stddev": 20.23397225561613,
      "unit": "ns"
    }
  },
  "template_rendering/complex": {
    "current": {
      "mean": 383.5460567191185,
      "stddev": 5.646925734347513,
      "unit": "ns"
    },
    "new": {
      "mean": 383.5460567191185,
      "stddev": 5.646925734347513,
      "unit": "ns"
    }
  },
  "template_rendering/simple": {
    "current": {
      "mean": 901.8210182108213,
      "stddev": 9.648104764219898,
      "unit": "ns"
    },
    "new": {
      "mean": 901.8210182108213,
      "stddev": 9.648104764219898,
      "unit": "ns"
    }
  }
}