{
  "data_generation/generate_single_record": {
    "current": {
      "mean": 804.2429537313695,
      "stddev": 28.28220050544937,
      "unit": "ns"
    },
    "new": {
      "mean": 804.2429537313695,
      "stddev": 28.28220050544937,
      "unit": "ns"
    }
  },
  "encryption/aes256_gcm": {
    "current": {
      "mean": 1122.0919485458198,
      "stddev": 7.864000094620011,
      "unit": "ns"
    },
    "new": {
      "mean": 1122.0919485458198,
      "stddev": 7.864000094620011,
      "unit": "ns"
    }
  },
  "encryption/chacha20_poly1305": {
    "current": {
      "mean": 4657.808871972297,
      "stddev": 10.10245291935451,
      "unit": "ns"
    },
    "new": {
      "mean": 4657.808871972297,
      "stddev": 10.10245291935451,
      "unit": "ns"
    }
  },
  "json_validation/complex": {
    "current": {
      "mean": 571.6034199457939,
      "stddev": 7.841117409281635,
      "unit": "ns"
    },
    "new": {
      "mean": 571.6034199457939,
      "stddev": 7.841117409281635,
      "unit": "ns"
    }
  },
  "json_validation/simple": {
    "current": {
      "mean": 113.67513085285931,
      "stddev": 2.0491171079898836,
      "unit": "ns"
    },
    "new": {
      "mean": 113.67513085285931,
      "stddev": 2.0491171079898836,
      "unit": "ns"
    }
  },
  "memory/deep_template_rendering": {
    "current": {
      "mean": 1439.048461613711,
      "stddev": 8.438494688049104,
      "unit": "ns"
    },
    "new": {
      "mean": 1439.048461613711,
      "stddev": 8.438494688049104,
      "unit": "ns"
    }
  },
  "memory/large_data_validation": {
    "current": {
      "mean": 105556.18579671202,
      "stddev": 206.10860229856806,
      "unit": "ns"
    },
    "new": {
      "mean": 105556.18579671202,
      "stddev": 206.10860229856806,
      "unit": "ns"
    }
  },
  "memory/large_spec_parsing": {
    "current": {
      "mean": 7877452.304948414,
      "stddev": 110490.79584900604,
      "unit": "ns"
    },
    "new": {
      "mean": 7877452.304948414,
      "stddev": 110490.79584900604,
      "unit": "ns"
    }
  },
  "openapi_parsing/medium_spec_10_paths": {
    "current": {
      "mean": 167439.94774624024,
      "stddev": 2653.4369438218887,
      "unit": "ns"
    },
    "new": {
      "mean": 167439.94774624024,
      "stddev": 2653.4369438218887,
      "unit": "ns"
    }
  },
  "openapi_parsing/small_spec": {
    "current": {
      "mean": 23980.27309374475,
      "stddev": 336.0108842054412,
      "unit": "ns"
    },
    "new": {
      "mean": 23980.27309374475,
      "stddev": 336.0108842054412,
      "unit": "ns"
    }
  },
  "template_rendering/arrays": {
    "current": {
      "mean": 312.2905972343366,
      "stddev": 9.474817250734802,
      "unit": "ns"
    },
    "new": {
      "mean": 312.2905972343366,
      "stddev": 9.474817250734802,
      "unit": "ns"
    }
  },
  "template_rendering/complex": {
    "current": {
      "mean": 373.4234255800504,
      "stddev": 7.271409807299295,
      "unit": "ns"
    },
    "new": {
      "mean": 373.4234255800504,
      "stddev": 7.271409807299295,
      "unit": "ns"
    }
  },
  "template_rendering/simple": {
    "current": {
      "mean": 962.76075312549,
      "stddev": 12.301769844975244,
      "unit": "ns"
    },
    "new": {
      "mean": 962.76075312549,
      "stddev": 12.301769844975244,
      "unit": "ns"
    }
  }
}