{
  "data_generation/generate_single_record": {
    "current": {
      "mean": 766.7978145384608,
      "stddev": 8.584987569874942,
      "unit": "ns"
    },
    "new": {
      "mean": 766.7978145384608,
      "stddev": 8.584987569874942,
      "unit": "ns"
    }
  },
  "encryption/aes256_gcm": {
    "current": {
      "mean": 1070.7523284065596,
      "stddev": 13.828507674056395,
      "unit": "ns"
    },
    "new": {
      "mean": 1070.7523284065596,
      "stddev": 13.828507674056395,
      "unit": "ns"
    }
  },
  "encryption/chacha20_poly1305": {
    "current": {
      "mean": 4177.026204040666,
      "stddev": 29.92014811919519,
      "unit": "ns"
    },
    "new": {
      "mean": 4177.026204040666,
      "stddev": 29.92014811919519,
      "unit": "ns"
    }
  },
  "json_validation/complex": {
    "current": {
      "mean": 598.5243186008765,
      "stddev": 4.020745949971844,
      "unit": "ns"
    },
    "new": {
      "mean": 598.5243186008765,
      "stddev": 4.020745949971844,
      "unit": "ns"
    }
  },
  "json_validation/simple": {
    "current": {
      "mean": 101.2956027399649,
      "stddev": 1.1492004495336252,
      "unit": "ns"
    },
    "new": {
      "mean": 101.2956027399649,
      "stddev": 1.1492004495336252,
      "unit": "ns"
    }
  },
  "memory/deep_template_rendering": {
    "current": {
      "mean": 1438.8500022916282,
      "stddev": 1.4643194675604858,
      "unit": "ns"
    },
    "new": {
      "mean": 1438.8500022916282,
      "stddev": 1.4643194675604858,
      "unit": "ns"
    }
  },
  "memory/large_data_validation": {
    "current": {
      "mean": 105980.01686717957,
      "stddev": 444.24935153363356,
      "unit": "ns"
    },
    "new": {
      "mean": 105980.01686717957,
      "stddev": 444.24935153363356,
      "unit": "ns"
    }
  },
  "memory/large_spec_parsing": {
    "current": {
      "mean": 6975851.860555555,
      "stddev": 75205.88409230867,
      "unit": "ns"
    },
    "new": {
      "mean": 6975851.860555555,
      "stddev": 75205.88409230867,
      "unit": "ns"
    }
  },
  "openapi_parsing/medium_spec_10_paths": {
    "current": {
      "mean": 168833.30451269567,
      "stddev": 2163.075688966581,
      "unit": "ns"
    },
    "new": {
      "mean": 168833.30451269567,
      "stddev": 2163.075688966581,
      "unit": "ns"
    }
  },
  "openapi_parsing/small_spec": {
    "current": {
      "mean": 24116.666998255863,
      "stddev": 239.83866362420048,
      "unit": "ns"
    },
    "new": {
      "mean": 24116.666998255863,
      "stddev": 239.83866362420048,
      "unit": "ns"
    }
  },
  "template_rendering/arrays": {
    "current": {
      "mean": 314.5645460156586,
      "stddev": 6.379971042082405,
      "unit": "ns"
    },
    "new": {
      "mean": 314.5645460156586,
      "stddev": 6.379971042082405,
      "unit": "ns"
    }
  },
  "template_rendering/complex": {
    "current": {
      "mean": 364.7885075817625,
      "stddev": 4.905484158750541,
      "unit": "ns"
    },
    "new": {
      "mean": 364.7885075817625,
      "stddev": 4.905484158750541,
      "unit": "ns"
    }
  },
  "template_rendering/simple": {
    "current": {
      "mean": 1221.223166852282,
      "stddev": 18.155915548762252,
      "unit": "ns"
    },
    "new": {
      "mean": 1221.223166852282,
      "stddev": 18.155915548762252,
      "unit": "ns"
    }
  }
}