{
  "data_generation/generate_single_record": {
    "current": {
      "mean": 755.67483940359,
      "stddev": 10.035517152241203,
      "unit": "ns"
    },
    "new": {
      "mean": 755.67483940359,
      "stddev": 10.035517152241203,
      "unit": "ns"
    }
  },
  "encryption/aes256_gcm": {
    "current": {
      "mean": 1097.740949463324,
      "stddev": 6.7736409450837,
      "unit": "ns"
    },
    "new": {
      "mean": 1097.740949463324,
      "stddev": 6.7736409450837,
      "unit": "ns"
    }
  },
  "encryption/chacha20_poly1305": {
    "current": {
      "mean": 4176.543938588164,
      "stddev": 24.345173308746837,
      "unit": "ns"
    },
    "new": {
      "mean": 4176.543938588164,
      "stddev": 24.345173308746837,
      "unit": "ns"
    }
  },
  "json_validation/complex": {
    "current": {
      "mean": 585.2039367451688,
      "stddev": 12.689069713185194,
      "unit": "ns"
    },
    "new": {
      "mean": 585.2039367451688,
      "stddev": 12.689069713185194,
      "unit": "ns"
    }
  },
  "json_validation/simple": {
    "current": {
      "mean": 109.21553577303779,
      "stddev": 1.6051734318336937,
      "unit": "ns"
    },
    "new": {
      "mean": 109.21553577303779,
      "stddev": 1.6051734318336937,
      "unit": "ns"
    }
  },
  "memory/deep_template_rendering": {
    "current": {
      "mean": 1812.1477181219216,
      "stddev": 3.0421321687842675,
      "unit": "ns"
    },
    "new": {
      "mean": 1812.1477181219216,
      "stddev": 3.0421321687842675,
      "unit": "ns"
    }
  },
  "memory/large_data_validation": {
    "current": {
      "mean": 110591.58964463064,
      "stddev": 1866.0713076924374,
      "unit": "ns"
    },
    "new": {
      "mean": 110591.58964463064,
      "stddev": 1866.0713076924374,
      "unit": "ns"
    }
  },
  "memory/large_spec_parsing": {
    "current": {
      "mean": 7123084.579510582,
      "stddev": 113869.28086152788,
      "unit": "ns"
    },
    "new": {
      "mean": 7123084.579510582,
      "stddev": 113869.28086152788,
      "unit": "ns"
    }
  },
  "openapi_parsing/medium_spec_10_paths": {
    "current": {
      "mean": 164444.16624953249,
      "stddev": 2319.534851770818,
      "unit": "ns"
    },
    "new": {
      "mean": 164444.16624953249,
      "stddev": 2319.534851770818,
      "unit": "ns"
    }
  },
  "openapi_parsing/small_spec": {
    "current": {
      "mean": 23476.920122064297,
      "stddev": 252.6938117350561,
      "unit": "ns"
    },
    "new": {
      "mean": 23476.920122064297,
      "stddev": 252.6938117350561,
      "unit": "ns"
    }
  },
  "template_rendering/arrays": {
    "current": {
      "mean": 321.9117904828441,
      "stddev": 5.56992155084649,
      "unit": "ns"
    },
    "new": {
      "mean": 321.9117904828441,
      "stddev": 5.56992155084649,
      "unit": "ns"
    }
  },
  "template_rendering/complex": {
    "current": {
      "mean": 373.2928506474065,
      "stddev": 2.3003432659848237,
      "unit": "ns"
    },
    "new": {
      "mean": 373.2928506474065,
      "stddev": 2.3003432659848237,
      "unit": "ns"
    }
  },
  "template_rendering/simple": {
    "current": {
      "mean": 904.0020449924566,
      "stddev": 11.100218273996923,
      "unit": "ns"
    },
    "new": {
      "mean": 904.0020449924566,
      "stddev": 11.100218273996923,
      "unit": "ns"
    }
  }
}