{
  "data_generation/generate_single_record": {
    "current": {
      "mean": 832.4628488779804,
      "stddev": 166.51994808719817,
      "unit": "ns"
    },
    "new": {
      "mean": 832.4628488779804,
      "stddev": 166.51994808719817,
      "unit": "ns"
    }
  },
  "encryption/aes256_gcm": {
    "current": {
      "mean": 1102.9024938638927,
      "stddev": 6.602280056689651,
      "unit": "ns"
    },
    "new": {
      "mean": 1102.9024938638927,
      "stddev": 6.602280056689651,
      "unit": "ns"
    }
  },
  "encryption/chacha20_poly1305": {
    "current": {
      "mean": 4177.114419183145,
      "stddev": 19.42688930710651,
      "unit": "ns"
    },
    "new": {
      "mean": 4177.114419183145,
      "stddev": 19.42688930710651,
      "unit": "ns"
    }
  },
  "json_validation/complex": {
    "current": {
      "mean": 580.5412344957392,
      "stddev": 4.372140039095096,
      "unit": "ns"
    },
    "new": {
      "mean": 580.5412344957392,
      "stddev": 4.372140039095096,
      "unit": "ns"
    }
  },
  "json_validation/simple": {
    "current": {
      "mean": 100.25407188809653,
      "stddev": 1.63136262644002,
      "unit": "ns"
    },
    "new": {
      "mean": 100.25407188809653,
      "stddev": 1.63136262644002,
      "unit": "ns"
    }
  },
  "memory/deep_template_rendering": {
    "current": {
      "mean": 1450.4304311910166,
      "stddev": 3.8716241890061003,
      "unit": "ns"
    },
    "new": {
      "mean": 1450.4304311910166,
      "stddev": 3.8716241890061003,
      "unit": "ns"
    }
  },
  "memory/large_data_validation": {
    "current": {
      "mean": 115955.56691549571,
      "stddev": 19556.97566887188,
      "unit": "ns"
    },
    "new": {
      "mean": 115955.56691549571,
      "stddev": 19556.97566887188,
      "unit": "ns"
    }
  },
  "memory/large_spec_parsing": {
    "current": {
      "mean": 7030103.178941799,
      "stddev": 153900.75643165738,
      "unit": "ns"
    },
    "new": {
      "mean": 7030103.178941799,
      "stddev": 153900.75643165738,
      "unit": "ns"
    }
  },
  "openapi_parsing/medium_spec_10_paths": {
    "current": {
      "mean": 169727.47449553758,
      "stddev": 2621.247695243051,
      "unit": "ns"
    },
    "new": {
      "mean": 169727.47449553758,
      "stddev": 2621.247695243051,
      "unit": "ns"
    }
  },
  "openapi_parsing/small_spec": {
    "current": {
      "mean": 24642.250402278198,
      "stddev": 1022.7584871265327,
      "unit": "ns"
    },
    "new": {
      "mean": 24642.250402278198,
      "stddev": 1022.7584871265327,
      "unit": "ns"
    }
  },
  "template_rendering/arrays": {
    "current": {
      "mean": 307.24604807064355,
      "stddev": 11.49685164645434,
      "unit": "ns"
    },
    "new": {
      "mean": 307.24604807064355,
      "stddev": 11.49685164645434,
      "unit": "ns"
    }
  },
  "template_rendering/complex": {
    "current": {
      "mean": 371.8934056583722,
      "stddev": 11.217441078040164,
      "unit": "ns"
    },
    "new": {
      "mean": 371.8934056583722,
      "stddev": 11.217441078040164,
      "unit": "ns"
    }
  },
  "template_rendering/simple": {
    "current": {
      "mean": 894.4501543963382,
      "stddev": 19.294966251525107,
      "unit": "ns"
    },
    "new": {
      "mean": 894.4501543963382,
      "stddev": 19.294966251525107,
      "unit": "ns"
    }
  }
}