{
  "data_generation/generate_single_record": {
    "current": {
      "mean": 772.9273084131323,
      "stddev": 7.0362278023870735,
      "unit": "ns"
    },
    "new": {
      "mean": 772.9273084131323,
      "stddev": 7.0362278023870735,
      "unit": "ns"
    }
  },
  "encryption/aes256_gcm": {
    "current": {
      "mean": 1093.8235190753217,
      "stddev": 8.556213768241618,
      "unit": "ns"
    },
    "new": {
      "mean": 1093.8235190753217,
      "stddev": 8.556213768241618,
      "unit": "ns"
    }
  },
  "encryption/chacha20_poly1305": {
    "current": {
      "mean": 4140.458726062024,
      "stddev": 21.342087545434637,
      "unit": "ns"
    },
    "new": {
      "mean": 4140.458726062024,
      "stddev": 21.342087545434637,
      "unit": "ns"
    }
  },
  "json_validation/complex": {
    "current": {
      "mean": 585.5467547193481,
      "stddev": 15.814452912662054,
      "unit": "ns"
    },
    "new": {
      "mean": 585.5467547193481,
      "stddev": 15.814452912662054,
      "unit": "ns"
    }
  },
  "json_validation/simple": {
    "current": {
      "mean": 101.02779922985015,
      "stddev": 0.8019651745406492,
      "unit": "ns"
    },
    "new": {
      "mean": 101.02779922985015,
      "stddev": 0.8019651745406492,
      "unit": "ns"
    }
  },
  "memory/deep_template_rendering": {
    "current": {
      "mean": 1505.7377848389247,
      "stddev": 1.9337082565189283,
      "unit": "ns"
    },
    "new": {
      "mean": 1505.7377848389247,
      "stddev": 1.9337082565189283,
      "unit": "ns"
    }
  },
  "memory/large_data_validation": {
    "current": {
      "mean": 106648.19699134197,
      "stddev": 170.76538589993365,
      "unit": "ns"
    },
    "new": {
      "mean": 106648.19699134197,
      "stddev": 170.76538589993365,
      "unit": "ns"
    }
  },
  "memory/large_spec_parsing": {
    "current": {
      "mean": 7052987.675046897,
      "stddev": 73503.71099952848,
      "unit": "ns"
    },
    "new": {
      "mean": 7052987.675046897,
      "stddev": 73503.71099952848,
      "unit": "ns"
    }
  },
  "openapi_parsing/medium_spec_10_paths": {
    "current": {
      "mean": 170753.79080481376,
      "stddev": 3474.630716787625,
      "unit": "ns"
    },
    "new": {
      "mean": 170753.79080481376,
      "stddev": 3474.630716787625,
      "unit": "ns"
    }
  },
  "openapi_parsing/small_spec": {
    "current": {
      "mean": 24349.519637473393,
      "stddev": 1891.031384978456,
      "unit": "ns"
    },
    "new": {
      "mean": 24349.519637473393,
      "stddev": 1891.031384978456,
      "unit": "ns"
    }
  },
  "template_rendering/arrays": {
    "current": {
      "mean": 324.48840541581535,
      "stddev": 5.151128805479131,
      "unit": "ns"
    },
    "new": {
      "mean": 324.48840541581535,
      "stddev": 5.151128805479131,
      "unit": "ns"
    }
  },
  "template_rendering/complex": {
    "current": {
      "mean": 378.63870316773057,
      "stddev": 6.430839272780882,
      "unit": "ns"
    },
    "new": {
      "mean": 378.63870316773057,
      "stddev": 6.430839272780882,
      "unit": "ns"
    }
  },
  "template_rendering/simple": {
    "current": {
      "mean": 905.1550682092006,
      "stddev": 6.10524542805287,
      "unit": "ns"
    },
    "new": {
      "mean": 905.1550682092006,
      "stddev": 6.10524542805287,
      "unit": "ns"
    }
  }
}