{
  "data_generation/generate_single_record": {
    "current": {
      "mean": 794.2257697193575,
      "stddev": 12.085241846310726,
      "unit": "ns"
    },
    "new": {
      "mean": 794.2257697193575,
      "stddev": 12.085241846310726,
      "unit": "ns"
    }
  },
  "encryption/aes256_gcm": {
    "current": {
      "mean": 1114.3722111973038,
      "stddev": 7.765032085837222,
      "unit": "ns"
    },
    "new": {
      "mean": 1114.3722111973038,
      "stddev": 7.765032085837222,
      "unit": "ns"
    }
  },
  "encryption/chacha20_poly1305": {
    "current": {
      "mean": 4172.490096767434,
      "stddev": 11.40122167670965,
      "unit": "ns"
    },
    "new": {
      "mean": 4172.490096767434,
      "stddev": 11.40122167670965,
      "unit": "ns"
    }
  },
  "json_validation/complex": {
    "current": {
      "mean": 579.9801689905922,
      "stddev": 4.637657375870385,
      "unit": "ns"
    },
    "new": {
      "mean": 579.9801689905922,
      "stddev": 4.637657375870385,
      "unit": "ns"
    }
  },
  "json_validation/simple": {
    "current": {
      "mean": 98.33152172777292,
      "stddev": 1.5358533397021874,
      "unit": "ns"
    },
    "new": {
      "mean": 98.33152172777292,
      "stddev": 1.5358533397021874,
      "unit": "ns"
    }
  },
  "memory/deep_template_rendering": {
    "current": {
      "mean": 1447.8339398622352,
      "stddev": 7.757125653647879,
      "unit": "ns"
    },
    "new": {
      "mean": 1447.8339398622352,
      "stddev": 7.757125653647879,
      "unit": "ns"
    }
  },
  "memory/large_data_validation": {
    "current": {
      "mean": 107233.15530525031,
      "stddev": 289.74479613413996,
      "unit": "ns"
    },
    "new": {
      "mean": 107233.15530525031,
      "stddev": 289.74479613413996,
      "unit": "ns"
    }
  },
  "memory/large_spec_parsing": {
    "current": {
      "mean": 6936659.215787036,
      "stddev": 33638.28127750832,
      "unit": "ns"
    },
    "new": {
      "mean": 6936659.215787036,
      "stddev": 33638.28127750832,
      "unit": "ns"
    }
  },
  "openapi_parsing/medium_spec_10_paths": {
    "current": {
      "mean": 168974.56044346903,
      "stddev": 2905.63064811831,
      "unit": "ns"
    },
    "new": {
      "mean": 168974.56044346903,
      "stddev": 2905.63064811831,
      "unit": "ns"
    }
  },
  "openapi_parsing/small_spec": {
    "current": {
      "mean": 23859.294426801436,
      "stddev": 252.98324420842872,
      "unit": "ns"
    },
    "new": {
      "mean": 23859.294426801436,
      "stddev": 252.98324420842872,
      "unit": "ns"
    }
  },
  "template_rendering/arrays": {
    "current": {
      "mean": 310.2218977861559,
      "stddev": 2.224372706552387,
      "unit": "ns"
    },
    "new": {
      "mean": 310.2218977861559,
      "stddev": 2.224372706552387,
      "unit": "ns"
    }
  },
  "template_rendering/complex": {
    "current": {
      "mean": 372.7752516490905,
      "stddev": 6.170714226573699,
      "unit": "ns"
    },
    "new": {
      "mean": 372.7752516490905,
      "stddev": 6.170714226573699,
      "unit": "ns"
    }
  },
  "template_rendering/simple": {
    "current": {
      "mean": 884.4383617821425,
      "stddev": 12.888107637562879,
      "unit": "ns"
    },
    "new": {
      "mean": 884.4383617821425,
      "stddev": 12.888107637562879,
      "unit": "ns"
    }
  }
}