{
  "data_generation/generate_single_record": {
    "current": {
      "mean": 755.4842907595449,
      "stddev": 14.470967981068684,
      "unit": "ns"
    },
    "new": {
      "mean": 755.4842907595449,
      "stddev": 14.470967981068684,
      "unit": "ns"
    }
  },
  "encryption/aes256_gcm": {
    "current": {
      "mean": 1101.2586235476824,
      "stddev": 5.270258962329862,
      "unit": "ns"
    },
    "new": {
      "mean": 1101.2586235476824,
      "stddev": 5.270258962329862,
      "unit": "ns"
    }
  },
  "encryption/chacha20_poly1305": {
    "current": {
      "mean": 4162.514484185604,
      "stddev": 22.511346073856682,
      "unit": "ns"
    },
    "new": {
      "mean": 4162.514484185604,
      "stddev": 22.511346073856682,
      "unit": "ns"
    }
  },
  "json_validation/complex": {
    "current": {
      "mean": 584.991961477055,
      "stddev": 9.315925668274692,
      "unit": "ns"
    },
    "new": {
      "mean": 584.991961477055,
      "stddev": 9.315925668274692,
      "unit": "ns"
    }
  },
  "json_validation/simple": {
    "current": {
      "mean": 100.28153435204231,
      "stddev": 0.8718559159778126,
      "unit": "ns"
    },
    "new": {
      "mean": 100.28153435204231,
      "stddev": 0.8718559159778126,
      "unit": "ns"
    }
  },
  "memory/deep_template_rendering": {
    "current": {
      "mean": 1455.6743149908602,
      "stddev": 2.1078754686313514,
      "unit": "ns"
    },
    "new": {
      "mean": 1455.6743149908602,
      "stddev": 2.1078754686313514,
      "unit": "ns"
    }
  },
  "memory/large_data_validation": {
    "current": {
      "mean": 105192.3834828476,
      "stddev": 548.4459259923136,
      "unit": "ns"
    },
    "new": {
      "mean": 105192.3834828476,
      "stddev": 548.4459259923136,
      "unit": "ns"
    }
  },
  "memory/large_spec_parsing": {
    "current": {
      "mean": 6848501.322953043,
      "stddev": 21712.43919831417,
      "unit": "ns"
    },
    "new": {
      "mean": 6848501.322953043,
      "stddev": 21712.43919831417,
      "unit": "ns"
    }
  },
  "openapi_parsing/medium_spec_10_paths": {
    "current": {
      "mean": 167122.16652560243,
      "stddev": 2565.8874344233777,
      "unit": "ns"
    },
    "new": {
      "mean": 167122.16652560243,
      "stddev": 2565.8874344233777,
      "unit": "ns"
    }
  },
  "openapi_parsing/small_spec": {
    "current": {
      "mean": 24106.331747839424,
      "stddev": 514.6790884037912,
      "unit": "ns"
    },
    "new": {
      "mean": 24106.331747839424,
      "stddev": 514.6790884037912,
      "unit": "ns"
    }
  },
  "template_rendering/arrays": {
    "current": {
      "mean": 311.73547170087545,
      "stddev": 23.33724773295948,
      "unit": "ns"
    },
    "new": {
      "mean": 311.73547170087545,
      "stddev": 23.33724773295948,
      "unit": "ns"
    }
  },
  "template_rendering/complex": {
    "current": {
      "mean": 372.96752361314947,
      "stddev": 2.268719386597911,
      "unit": "ns"
    },
    "new": {
      "mean": 372.96752361314947,
      "stddev": 2.268719386597911,
      "unit": "ns"
    }
  },
  "template_rendering/simple": {
    "current": {
      "mean": 1211.1898983626202,
      "stddev": 10.406009975249,
      "unit": "ns"
    },
    "new": {
      "mean": 1211.1898983626202,
      "stddev": 10.406009975249,
      "unit": "ns"
    }
  }
}