{
  "data_generation/generate_single_record": {
    "current": {
      "mean": 0.6219734166501406,
      "stddev": 0.004550104132528937,
      "unit": "ns"
    },
    "new": {
      "mean": 0.6219734166501406,
      "stddev": 0.004550104132528937,
      "unit": "ns"
    }
  },
  "encryption/placeholder": {
    "current": {
      "mean": 1.2434703060918495,
      "stddev": 0.003428009168084869,
      "unit": "ns"
    },
    "new": {
      "mean": 1.2434703060918495,
      "stddev": 0.003428009168084869,
      "unit": "ns"
    }
  },
  "json_validation/complex": {
    "current": {
      "mean": 593.6426364550244,
      "stddev": 8.824867172151134,
      "unit": "ns"
    },
    "new": {
      "mean": 593.6426364550244,
      "stddev": 8.824867172151134,
      "unit": "ns"
    }
  },
  "json_validation/simple": {
    "current": {
      "mean": 105.84083524730036,
      "stddev": 1.33421771642264,
      "unit": "ns"
    },
    "new": {
      "mean": 105.84083524730036,
      "stddev": 1.33421771642264,
      "unit": "ns"
    }
  },
  "memory/deep_template_rendering": {
    "current": {
      "mean": 1505.6823162522649,
      "stddev": 1.6535304745282644,
      "unit": "ns"
    },
    "new": {
      "mean": 1505.6823162522649,
      "stddev": 1.6535304745282644,
      "unit": "ns"
    }
  },
  "memory/large_data_validation": {
    "current": {
      "mean": 103202.16744403468,
      "stddev": 546.076176888224,
      "unit": "ns"
    },
    "new": {
      "mean": 103202.16744403468,
      "stddev": 546.076176888224,
      "unit": "ns"
    }
  },
  "memory/large_spec_parsing": {
    "current": {
      "mean": 6947981.148587963,
      "stddev": 6740.632383701856,
      "unit": "ns"
    },
    "new": {
      "mean": 6947981.148587963,
      "stddev": 6740.632383701856,
      "unit": "ns"
    }
  },
  "openapi_parsing/medium_spec_10_paths": {
    "current": {
      "mean": 171224.9794703114,
      "stddev": 2740.496049815378,
      "unit": "ns"
    },
    "new": {
      "mean": 171224.9794703114,
      "stddev": 2740.496049815378,
      "unit": "ns"
    }
  },
  "openapi_parsing/small_spec": {
    "current": {
      "mean": 24086.29008492516,
      "stddev": 191.88157558709318,
      "unit": "ns"
    },
    "new": {
      "mean": 24086.29008492516,
      "stddev": 191.88157558709318,
      "unit": "ns"
    }
  },
  "template_rendering/arrays": {
    "current": {
      "mean": 320.61501392871554,
      "stddev": 8.777803215660901,
      "unit": "ns"
    },
    "new": {
      "mean": 320.61501392871554,
      "stddev": 8.777803215660901,
      "unit": "ns"
    }
  },
  "template_rendering/complex": {
    "current": {
      "mean": 381.13099921851637,
      "stddev": 5.850543014847708,
      "unit": "ns"
    },
    "new": {
      "mean": 381.13099921851637,
      "stddev": 5.850543014847708,
      "unit": "ns"
    }
  },
  "template_rendering/simple": {
    "current": {
      "mean": 450.46342494266014,
      "stddev": 5.539163438689485,
      "unit": "ns"
    },
    "new": {
      "mean": 450.46342494266014,
      "stddev": 5.539163438689485,
      "unit": "ns"
    }
  }
}