{
  "data_generation/generate_single_record": {
    "current": {
      "mean": 771.1207488217347,
      "stddev": 7.276662190507806,
      "unit": "ns"
    },
    "new": {
      "mean": 771.1207488217347,
      "stddev": 7.276662190507806,
      "unit": "ns"
    }
  },
  "encryption/aes256_gcm": {
    "current": {
      "mean": 1104.8247297818368,
      "stddev": 5.504027595598999,
      "unit": "ns"
    },
    "new": {
      "mean": 1104.8247297818368,
      "stddev": 5.504027595598999,
      "unit": "ns"
    }
  },
  "encryption/chacha20_poly1305": {
    "current": {
      "mean": 4125.7092814226935,
      "stddev": 10.615037732475836,
      "unit": "ns"
    },
    "new": {
      "mean": 4125.7092814226935,
      "stddev": 10.615037732475836,
      "unit": "ns"
    }
  },
  "json_validation/complex": {
    "current": {
      "mean": 587.0719700611726,
      "stddev": 5.162698618998403,
      "unit": "ns"
    },
    "new": {
      "mean": 587.0719700611726,
      "stddev": 5.162698618998403,
      "unit": "ns"
    }
  },
  "json_validation/simple": {
    "current": {
      "mean": 100.09405975663918,
      "stddev": 1.494082189134781,
      "unit": "ns"
    },
    "new": {
      "mean": 100.09405975663918,
      "stddev": 1.494082189134781,
      "unit": "ns"
    }
  },
  "memory/deep_template_rendering": {
    "current": {
      "mean": 1447.472459514179,
      "stddev": 3.0923209126712683,
      "unit": "ns"
    },
    "new": {
      "mean": 1447.472459514179,
      "stddev": 3.0923209126712683,
      "unit": "ns"
    }
  },
  "memory/large_data_validation": {
    "current": {
      "mean": 106745.9242381391,
      "stddev": 424.5498988009513,
      "unit": "ns"
    },
    "new": {
      "mean": 106745.9242381391,
      "stddev": 424.5498988009513,
      "unit": "ns"
    }
  },
  "memory/large_spec_parsing": {
    "current": {
      "mean": 6888253.084384921,
      "stddev": 19470.632255543198,
      "unit": "ns"
    },
    "new": {
      "mean": 6888253.084384921,
      "stddev": 19470.632255543198,
      "unit": "ns"
    }
  },
  "openapi_parsing/medium_spec_10_paths": {
    "current": {
      "mean": 170965.89695858225,
      "stddev": 2447.443862732973,
      "unit": "ns"
    },
    "new": {
      "mean": 170965.89695858225,
      "stddev": 2447.443862732973,
      "unit": "ns"
    }
  },
  "openapi_parsing/small_spec": {
    "current": {
      "mean": 24150.81328996772,
      "stddev": 237.01310544109953,
      "unit": "ns"
    },
    "new": {
      "mean": 24150.81328996772,
      "stddev": 237.01310544109953,
      "unit": "ns"
    }
  },
  "template_rendering/arrays": {
    "current": {
      "mean": 311.69210035131766,
      "stddev": 2.1336067334341546,
      "unit": "ns"
    },
    "new": {
      "mean": 311.69210035131766,
      "stddev": 2.1336067334341546,
      "unit": "ns"
    }
  },
  "template_rendering/complex": {
    "current": {
      "mean": 375.5773897477577,
      "stddev": 2.5804624825710265,
      "unit": "ns"
    },
    "new": {
      "mean": 375.5773897477577,
      "stddev": 2.5804624825710265,
      "unit": "ns"
    }
  },
  "template_rendering/simple": {
    "current": {
      "mean": 1289.7927594720113,
      "stddev": 132.77209618452468,
      "unit": "ns"
    },
    "new": {
      "mean": 1289.7927594720113,
      "stddev": 132.77209618452468,
      "unit": "ns"
    }
  }
}