{
  "data_generation/generate_single_record": {
    "current": {
      "mean": 774.2891616504702,
      "stddev": 11.492052064361589,
      "unit": "ns"
    },
    "new": {
      "mean": 774.2891616504702,
      "stddev": 11.492052064361589,
      "unit": "ns"
    }
  },
  "encryption/aes256_gcm": {
    "current": {
      "mean": 1107.867958802267,
      "stddev": 13.488617383575662,
      "unit": "ns"
    },
    "new": {
      "mean": 1107.867958802267,
      "stddev": 13.488617383575662,
      "unit": "ns"
    }
  },
  "encryption/chacha20_poly1305": {
    "current": {
      "mean": 4165.6598161152915,
      "stddev": 23.06068908730461,
      "unit": "ns"
    },
    "new": {
      "mean": 4165.6598161152915,
      "stddev": 23.06068908730461,
      "unit": "ns"
    }
  },
  "json_validation/complex": {
    "current": {
      "mean": 563.4453124122665,
      "stddev": 4.892499458377437,
      "unit": "ns"
    },
    "new": {
      "mean": 563.4453124122665,
      "stddev": 4.892499458377437,
      "unit": "ns"
    }
  },
  "json_validation/simple": {
    "current": {
      "mean": 99.42916150009863,
      "stddev": 1.416714483266944,
      "unit": "ns"
    },
    "new": {
      "mean": 99.42916150009863,
      "stddev": 1.416714483266944,
      "unit": "ns"
    }
  },
  "memory/deep_template_rendering": {
    "current": {
      "mean": 1460.766350708572,
      "stddev": 3.277816892732542,
      "unit": "ns"
    },
    "new": {
      "mean": 1460.766350708572,
      "stddev": 3.277816892732542,
      "unit": "ns"
    }
  },
  "memory/large_data_validation": {
    "current": {
      "mean": 106791.23033209732,
      "stddev": 1505.4458385187013,
      "unit": "ns"
    },
    "new": {
      "mean": 106791.23033209732,
      "stddev": 1505.4458385187013,
      "unit": "ns"
    }
  },
  "memory/large_spec_parsing": {
    "current": {
      "mean": 7024347.6401355835,
      "stddev": 37810.63538205632,
      "unit": "ns"
    },
    "new": {
      "mean": 7024347.6401355835,
      "stddev": 37810.63538205632,
      "unit": "ns"
    }
  },
  "openapi_parsing/medium_spec_10_paths": {
    "current": {
      "mean": 176857.42801955572,
      "stddev": 2273.670668962891,
      "unit": "ns"
    },
    "new": {
      "mean": 176857.42801955572,
      "stddev": 2273.670668962891,
      "unit": "ns"
    }
  },
  "openapi_parsing/small_spec": {
    "current": {
      "mean": 24005.07525220246,
      "stddev": 221.0486370784692,
      "unit": "ns"
    },
    "new": {
      "mean": 24005.07525220246,
      "stddev": 221.0486370784692,
      "unit": "ns"
    }
  },
  "template_rendering/arrays": {
    "current": {
      "mean": 312.54181164317356,
      "stddev": 5.585038080617387,
      "unit": "ns"
    },
    "new": {
      "mean": 312.54181164317356,
      "stddev": 5.585038080617387,
      "unit": "ns"
    }
  },
  "template_rendering/complex": {
    "current": {
      "mean": 369.62805969023333,
      "stddev": 2.8075702049886586,
      "unit": "ns"
    },
    "new": {
      "mean": 369.62805969023333,
      "stddev": 2.8075702049886586,
      "unit": "ns"
    }
  },
  "template_rendering/simple": {
    "current": {
      "mean": 1192.9813966057707,
      "stddev": 9.869398298994602,
      "unit": "ns"
    },
    "new": {
      "mean": 1192.9813966057707,
      "stddev": 9.869398298994602,
      "unit": "ns"
    }
  }
}