{
  "data_generation/generate_single_record": {
    "current": {
      "mean": 798.318817039618,
      "stddev": 5.363919785638321,
      "unit": "ns"
    },
    "new": {
      "mean": 798.318817039618,
      "stddev": 5.363919785638321,
      "unit": "ns"
    }
  },
  "encryption/aes256_gcm": {
    "current": {
      "mean": 1082.2477018415566,
      "stddev": 4.759627278528984,
      "unit": "ns"
    },
    "new": {
      "mean": 1082.2477018415566,
      "stddev": 4.759627278528984,
      "unit": "ns"
    }
  },
  "encryption/chacha20_poly1305": {
    "current": {
      "mean": 4148.54753391533,
      "stddev": 35.93546618907163,
      "unit": "ns"
    },
    "new": {
      "mean": 4148.54753391533,
      "stddev": 35.93546618907163,
      "unit": "ns"
    }
  },
  "json_validation/complex": {
    "current": {
      "mean": 611.116904857505,
      "stddev": 5.706000877267704,
      "unit": "ns"
    },
    "new": {
      "mean": 611.116904857505,
      "stddev": 5.706000877267704,
      "unit": "ns"
    }
  },
  "json_validation/simple": {
    "current": {
      "mean": 127.76447476407431,
      "stddev": 0.7633817917548757,
      "unit": "ns"
    },
    "new": {
      "mean": 127.76447476407431,
      "stddev": 0.7633817917548757,
      "unit": "ns"
    }
  },
  "memory/deep_template_rendering": {
    "current": {
      "mean": 1497.233475281793,
      "stddev": 0.7693740092335806,
      "unit": "ns"
    },
    "new": {
      "mean": 1497.233475281793,
      "stddev": 0.7693740092335806,
      "unit": "ns"
    }
  },
  "memory/large_data_validation": {
    "current": {
      "mean": 106446.47690389687,
      "stddev": 591.3083317910715,
      "unit": "ns"
    },
    "new": {
      "mean": 106446.47690389687,
      "stddev": 591.3083317910715,
      "unit": "ns"
    }
  },
  "memory/large_spec_parsing": {
    "current": {
      "mean": 7025585.697319625,
      "stddev": 116571.68442054994,
      "unit": "ns"
    },
    "new": {
      "mean": 7025585.697319625,
      "stddev": 116571.68442054994,
      "unit": "ns"
    }
  },
  "openapi_parsing/medium_spec_10_paths": {
    "current": {
      "mean": 170416.46604593695,
      "stddev": 2084.4516736035343,
      "unit": "ns"
    },
    "new": {
      "mean": 170416.46604593695,
      "stddev": 2084.4516736035343,
      "unit": "ns"
    }
  },
  "openapi_parsing/small_spec": {
    "current": {
      "mean": 24230.848740730635,
      "stddev": 321.5700728913706,
      "unit": "ns"
    },
    "new": {
      "mean": 24230.848740730635,
      "stddev": 321.5700728913706,
      "unit": "ns"
    }
  },
  "template_rendering/arrays": {
    "current": {
      "mean": 328.4129098975568,
      "stddev": 5.896864815266346,
      "unit": "ns"
    },
    "new": {
      "mean": 328.4129098975568,
      "stddev": 5.896864815266346,
      "unit": "ns"
    }
  },
  "template_rendering/complex": {
    "current": {
      "mean": 398.4280415239402,
      "stddev": 6.6446992671619345,
      "unit": "ns"
    },
    "new": {
      "mean": 398.4280415239402,
      "stddev": 6.6446992671619345,
      "unit": "ns"
    }
  },
  "template_rendering/simple": {
    "current": {
      "mean": 912.2993920670109,
      "stddev": 12.80838502089549,
      "unit": "ns"
    },
    "new": {
      "mean": 912.2993920670109,
      "stddev": 12.80838502089549,
      "unit": "ns"
    }
  }
}