{
  "data_generation/generate_single_record": {
    "current": {
      "mean": 794.1020647150943,
      "stddev": 4.923137229507829,
      "unit": "ns"
    },
    "new": {
      "mean": 794.1020647150943,
      "stddev": 4.923137229507829,
      "unit": "ns"
    }
  },
  "encryption/aes256_gcm": {
    "current": {
      "mean": 1131.5326771835469,
      "stddev": 5.362515182688746,
      "unit": "ns"
    },
    "new": {
      "mean": 1131.5326771835469,
      "stddev": 5.362515182688746,
      "unit": "ns"
    }
  },
  "encryption/chacha20_poly1305": {
    "current": {
      "mean": 4726.358535505568,
      "stddev": 188.77006999785792,
      "unit": "ns"
    },
    "new": {
      "mean": 4726.358535505568,
      "stddev": 188.77006999785792,
      "unit": "ns"
    }
  },
  "json_validation/complex": {
    "current": {
      "mean": 567.5082658509207,
      "stddev": 6.580772117805747,
      "unit": "ns"
    },
    "new": {
      "mean": 567.5082658509207,
      "stddev": 6.580772117805747,
      "unit": "ns"
    }
  },
  "json_validation/simple": {
    "current": {
      "mean": 117.66571359441042,
      "stddev": 2.075828244245442,
      "unit": "ns"
    },
    "new": {
      "mean": 117.66571359441042,
      "stddev": 2.075828244245442,
      "unit": "ns"
    }
  },
  "memory/deep_template_rendering": {
    "current": {
      "mean": 1454.7209092119342,
      "stddev": 2.047495036832286,
      "unit": "ns"
    },
    "new": {
      "mean": 1454.7209092119342,
      "stddev": 2.047495036832286,
      "unit": "ns"
    }
  },
  "memory/large_data_validation": {
    "current": {
      "mean": 108813.48126893681,
      "stddev": 331.7473195570213,
      "unit": "ns"
    },
    "new": {
      "mean": 108813.48126893681,
      "stddev": 331.7473195570213,
      "unit": "ns"
    }
  },
  "memory/large_spec_parsing": {
    "current": {
      "mean": 7210555.85479798,
      "stddev": 41906.46005011158,
      "unit": "ns"
    },
    "new": {
      "mean": 7210555.85479798,
      "stddev": 41906.46005011158,
      "unit": "ns"
    }
  },
  "openapi_parsing/medium_spec_10_paths": {
    "current": {
      "mean": 169302.17576150567,
      "stddev": 1393.1898706020186,
      "unit": "ns"
    },
    "new": {
      "mean": 169302.17576150567,
      "stddev": 1393.1898706020186,
      "unit": "ns"
    }
  },
  "openapi_parsing/small_spec": {
    "current": {
      "mean": 23924.17210745839,
      "stddev": 329.21431040621627,
      "unit": "ns"
    },
    "new": {
      "mean": 23924.17210745839,
      "stddev": 329.21431040621627,
      "unit": "ns"
    }
  },
  "template_rendering/arrays": {
    "current": {
      "mean": 316.6876588423509,
      "stddev": 4.385011713740756,
      "unit": "ns"
    },
    "new": {
      "mean": 316.6876588423509,
      "stddev": 4.385011713740756,
      "unit": "ns"
    }
  },
  "template_rendering/complex": {
    "current": {
      "mean": 375.87918153779634,
      "stddev": 5.562084550029085,
      "unit": "ns"
    },
    "new": {
      "mean": 375.87918153779634,
      "stddev": 5.562084550029085,
      "unit": "ns"
    }
  },
  "template_rendering/simple": {
    "current": {
      "mean": 985.632861415423,
      "stddev": 23.46950349368146,
      "unit": "ns"
    },
    "new": {
      "mean": 985.632861415423,
      "stddev": 23.46950349368146,
      "unit": "ns"
    }
  }
}