{
  "data_generation/generate_single_record": {
    "current": {
      "mean": 770.2859666084817,
      "stddev": 4.24071563515397,
      "unit": "ns"
    },
    "new": {
      "mean": 770.2859666084817,
      "stddev": 4.24071563515397,
      "unit": "ns"
    }
  },
  "encryption/aes256_gcm": {
    "current": {
      "mean": 1109.2157638779388,
      "stddev": 5.946123843348108,
      "unit": "ns"
    },
    "new": {
      "mean": 1109.2157638779388,
      "stddev": 5.946123843348108,
      "unit": "ns"
    }
  },
  "encryption/chacha20_poly1305": {
    "current": {
      "mean": 4164.472789949711,
      "stddev": 12.802285790034356,
      "unit": "ns"
    },
    "new": {
      "mean": 4164.472789949711,
      "stddev": 12.802285790034356,
      "unit": "ns"
    }
  },
  "json_validation/complex": {
    "current": {
      "mean": 588.8337566152946,
      "stddev": 4.281590305347272,
      "unit": "ns"
    },
    "new": {
      "mean": 588.8337566152946,
      "stddev": 4.281590305347272,
      "unit": "ns"
    }
  },
  "json_validation/simple": {
    "current": {
      "mean": 99.85553634571411,
      "stddev": 1.6730256018418188,
      "unit": "ns"
    },
    "new": {
      "mean": 99.85553634571411,
      "stddev": 1.6730256018418188,
      "unit": "ns"
    }
  },
  "memory/deep_template_rendering": {
    "current": {
      "mean": 1476.4634121832307,
      "stddev": 1.1289354180862465,
      "unit": "ns"
    },
    "new": {
      "mean": 1476.4634121832307,
      "stddev": 1.1289354180862465,
      "unit": "ns"
    }
  },
  "memory/large_data_validation": {
    "current": {
      "mean": 105158.75906779473,
      "stddev": 215.74538453962327,
      "unit": "ns"
    },
    "new": {
      "mean": 105158.75906779473,
      "stddev": 215.74538453962327,
      "unit": "ns"
    }
  },
  "memory/large_spec_parsing": {
    "current": {
      "mean": 7095226.093088624,
      "stddev": 132816.92311867935,
      "unit": "ns"
    },
    "new": {
      "mean": 7095226.093088624,
      "stddev": 132816.92311867935,
      "unit": "ns"
    }
  },
  "openapi_parsing/medium_spec_10_paths": {
    "current": {
      "mean": 168587.04589883992,
      "stddev": 1419.7794844739008,
      "unit": "ns"
    },
    "new": {
      "mean": 168587.04589883992,
      "stddev": 1419.7794844739008,
      "unit": "ns"
    }
  },
  "openapi_parsing/small_spec": {
    "current": {
      "mean": 23712.75412441857,
      "stddev": 213.264866417635,
      "unit": "ns"
    },
    "new": {
      "mean": 23712.75412441857,
      "stddev": 213.264866417635,
      "unit": "ns"
    }
  },
  "template_rendering/arrays": {
    "current": {
      "mean": 310.3451340990425,
      "stddev": 5.753409031187456,
      "unit": "ns"
    },
    "new": {
      "mean": 310.3451340990425,
      "stddev": 5.753409031187456,
      "unit": "ns"
    }
  },
  "template_rendering/complex": {
    "current": {
      "mean": 376.35387842046407,
      "stddev": 3.573048029544901,
      "unit": "ns"
    },
    "new": {
      "mean": 376.35387842046407,
      "stddev": 3.573048029544901,
      "unit": "ns"
    }
  },
  "template_rendering/simple": {
    "current": {
      "mean": 1248.7112675755668,
      "stddev": 30.5189770894602,
      "unit": "ns"
    },
    "new": {
      "mean": 1248.7112675755668,
      "stddev": 30.5189770894602,
      "unit": "ns"
    }
  }
}