{
  "data_generation/generate_single_record": {
    "current": {
      "mean": 821.558157010257,
      "stddev": 11.710844433413039,
      "unit": "ns"
    },
    "new": {
      "mean": 821.558157010257,
      "stddev": 11.710844433413039,
      "unit": "ns"
    }
  },
  "encryption/aes256_gcm": {
    "current": {
      "mean": 1110.6455937472074,
      "stddev": 13.247682778998511,
      "unit": "ns"
    },
    "new": {
      "mean": 1110.6455937472074,
      "stddev": 13.247682778998511,
      "unit": "ns"
    }
  },
  "encryption/chacha20_poly1305": {
    "current": {
      "mean": 4690.178952007782,
      "stddev": 64.29939233282622,
      "unit": "ns"
    },
    "new": {
      "mean": 4690.178952007782,
      "stddev": 64.29939233282622,
      "unit": "ns"
    }
  },
  "json_validation/complex": {
    "current": {
      "mean": 564.1981089201671,
      "stddev": 8.21831679760046,
      "unit": "ns"
    },
    "new": {
      "mean": 564.1981089201671,
      "stddev": 8.21831679760046,
      "unit": "ns"
    }
  },
  "json_validation/simple": {
    "current": {
      "mean": 109.73898442944773,
      "stddev": 1.269812680765899,
      "unit": "ns"
    },
    "new": {
      "mean": 109.73898442944773,
      "stddev": 1.269812680765899,
      "unit": "ns"
    }
  },
  "memory/deep_template_rendering": {
    "current": {
      "mean": 1594.7166597526868,
      "stddev": 3.2473172044029095,
      "unit": "ns"
    },
    "new": {
      "mean": 1594.7166597526868,
      "stddev": 3.2473172044029095,
      "unit": "ns"
    }
  },
  "memory/large_data_validation": {
    "current": {
      "mean": 102791.67235714284,
      "stddev": 248.85708877290108,
      "unit": "ns"
    },
    "new": {
      "mean": 102791.67235714284,
      "stddev": 248.85708877290108,
      "unit": "ns"
    }
  },
  "memory/large_spec_parsing": {
    "current": {
      "mean": 7338927.4932864355,
      "stddev": 25730.942068080374,
      "unit": "ns"
    },
    "new": {
      "mean": 7338927.4932864355,
      "stddev": 25730.942068080374,
      "unit": "ns"
    }
  },
  "openapi_parsing/medium_spec_10_paths": {
    "current": {
      "mean": 174553.0960163796,
      "stddev": 2479.5282368757266,
      "unit": "ns"
    },
    "new": {
      "mean": 174553.0960163796,
      "stddev": 2479.5282368757266,
      "unit": "ns"
    }
  },
  "openapi_parsing/small_spec": {
    "current": {
      "mean": 24071.075910191412,
      "stddev": 317.8836570470109,
      "unit": "ns"
    },
    "new": {
      "mean": 24071.075910191412,
      "stddev": 317.8836570470109,
      "unit": "ns"
    }
  },
  "template_rendering/arrays": {
    "current": {
      "mean": 305.78528478568967,
      "stddev": 5.833124033265732,
      "unit": "ns"
    },
    "new": {
      "mean": 305.78528478568967,
      "stddev": 5.833124033265732,
      "unit": "ns"
    }
  },
  "template_rendering/complex": {
    "current": {
      "mean": 374.41105728412316,
      "stddev": 2.6548382243711943,
      "unit": "ns"
    },
    "new": {
      "mean": 374.41105728412316,
      "stddev": 2.6548382243711943,
      "unit": "ns"
    }
  },
  "template_rendering/simple": {
    "current": {
      "mean": 980.8299354851522,
      "stddev": 20.594344401209018,
      "unit": "ns"
    },
    "new": {
      "mean": 980.8299354851522,
      "stddev": 20.594344401209018,
      "unit": "ns"
    }
  }
}