{
  "data_generation/generate_single_record": {
    "current": {
      "mean": 758.4118652009452,
      "stddev": 13.880628438921903,
      "unit": "ns"
    },
    "new": {
      "mean": 758.4118652009452,
      "stddev": 13.880628438921903,
      "unit": "ns"
    }
  },
  "encryption/aes256_gcm": {
    "current": {
      "mean": 1110.6742239809666,
      "stddev": 11.902984759620006,
      "unit": "ns"
    },
    "new": {
      "mean": 1110.6742239809666,
      "stddev": 11.902984759620006,
      "unit": "ns"
    }
  },
  "encryption/chacha20_poly1305": {
    "current": {
      "mean": 4169.987400398671,
      "stddev": 26.50656299707498,
      "unit": "ns"
    },
    "new": {
      "mean": 4169.987400398671,
      "stddev": 26.50656299707498,
      "unit": "ns"
    }
  },
  "json_validation/complex": {
    "current": {
      "mean": 571.8744680466218,
      "stddev": 16.277648656243418,
      "unit": "ns"
    },
    "new": {
      "mean": 571.8744680466218,
      "stddev": 16.277648656243418,
      "unit": "ns"
    }
  },
  "json_validation/simple": {
    "current": {
      "mean": 98.92733683437292,
      "stddev": 0.9206417672374659,
      "unit": "ns"
    },
    "new": {
      "mean": 98.92733683437292,
      "stddev": 0.9206417672374659,
      "unit": "ns"
    }
  },
  "memory/deep_template_rendering": {
    "current": {
      "mean": 1466.9156777762898,
      "stddev": 4.4364441961854,
      "unit": "ns"
    },
    "new": {
      "mean": 1466.9156777762898,
      "stddev": 4.4364441961854,
      "unit": "ns"
    }
  },
  "memory/large_data_validation": {
    "current": {
      "mean": 109783.17715772442,
      "stddev": 122.316738144879,
      "unit": "ns"
    },
    "new": {
      "mean": 109783.17715772442,
      "stddev": 122.316738144879,
      "unit": "ns"
    }
  },
  "memory/large_spec_parsing": {
    "current": {
      "mean": 7926970.788964286,
      "stddev": 175226.45100142524,
      "unit": "ns"
    },
    "new": {
      "mean": 7926970.788964286,
      "stddev": 175226.45100142524,
      "unit": "ns"
    }
  },
  "openapi_parsing/medium_spec_10_paths": {
    "current": {
      "mean": 170136.96502118337,
      "stddev": 6875.357840349213,
      "unit": "ns"
    },
    "new": {
      "mean": 170136.96502118337,
      "stddev": 6875.357840349213,
      "unit": "ns"
    }
  },
  "openapi_parsing/small_spec": {
    "current": {
      "mean": 24064.943619851918,
      "stddev": 331.79417877996417,
      "unit": "ns"
    },
    "new": {
      "mean": 24064.943619851918,
      "stddev": 331.79417877996417,
      "unit": "ns"
    }
  },
  "template_rendering/arrays": {
    "current": {
      "mean": 312.01630237165455,
      "stddev": 5.984760847912214,
      "unit": "ns"
    },
    "new": {
      "mean": 312.01630237165455,
      "stddev": 5.984760847912214,
      "unit": "ns"
    }
  },
  "template_rendering/complex": {
    "current": {
      "mean": 375.2905234174543,
      "stddev": 5.907391409253057,
      "unit": "ns"
    },
    "new": {
      "mean": 375.2905234174543,
      "stddev": 5.907391409253057,
      "unit": "ns"
    }
  },
  "template_rendering/simple": {
    "current": {
      "mean": 896.3406431887618,
      "stddev": 9.550775892343719,
      "unit": "ns"
    },
    "new": {
      "mean": 896.3406431887618,
      "stddev": 9.550775892343719,
      "unit": "ns"
    }
  }
}