{
  "data_generation/generate_single_record": {
    "current": {
      "mean": 760.3206819128515,
      "stddev": 12.54744991381288,
      "unit": "ns"
    },
    "new": {
      "mean": 760.3206819128515,
      "stddev": 12.54744991381288,
      "unit": "ns"
    }
  },
  "encryption/aes256_gcm": {
    "current": {
      "mean": 1096.9536330790822,
      "stddev": 10.042962225675474,
      "unit": "ns"
    },
    "new": {
      "mean": 1096.9536330790822,
      "stddev": 10.042962225675474,
      "unit": "ns"
    }
  },
  "encryption/chacha20_poly1305": {
    "current": {
      "mean": 4142.545062137111,
      "stddev": 23.1455699879337,
      "unit": "ns"
    },
    "new": {
      "mean": 4142.545062137111,
      "stddev": 23.1455699879337,
      "unit": "ns"
    }
  },
  "json_validation/complex": {
    "current": {
      "mean": 613.4604471489074,
      "stddev": 10.404338264642723,
      "unit": "ns"
    },
    "new": {
      "mean": 613.4604471489074,
      "stddev": 10.404338264642723,
      "unit": "ns"
    }
  },
  "json_validation/simple": {
    "current": {
      "mean": 102.59790733858641,
      "stddev": 2.0748617758479164,
      "unit": "ns"
    },
    "new": {
      "mean": 102.59790733858641,
      "stddev": 2.0748617758479164,
      "unit": "ns"
    }
  },
  "memory/deep_template_rendering": {
    "current": {
      "mean": 1451.4984718407957,
      "stddev": 4.4210407011063895,
      "unit": "ns"
    },
    "new": {
      "mean": 1451.4984718407957,
      "stddev": 4.4210407011063895,
      "unit": "ns"
    }
  },
  "memory/large_data_validation": {
    "current": {
      "mean": 108664.479180627,
      "stddev": 295.43654945490056,
      "unit": "ns"
    },
    "new": {
      "mean": 108664.479180627,
      "stddev": 295.43654945490056,
      "unit": "ns"
    }
  },
  "memory/large_spec_parsing": {
    "current": {
      "mean": 7340206.163019481,
      "stddev": 247317.46117858417,
      "unit": "ns"
    },
    "new": {
      "mean": 7340206.163019481,
      "stddev": 247317.46117858417,
      "unit": "ns"
    }
  },
  "openapi_parsing/medium_spec_10_paths": {
    "current": {
      "mean": 173323.2398018007,
      "stddev": 3130.549387774727,
      "unit": "ns"
    },
    "new": {
      "mean": 173323.2398018007,
      "stddev": 3130.549387774727,
      "unit": "ns"
    }
  },
  "openapi_parsing/small_spec": {
    "current": {
      "mean": 24112.50858233812,
      "stddev": 473.29204912804363,
      "unit": "ns"
    },
    "new": {
      "mean": 24112.50858233812,
      "stddev": 473.29204912804363,
      "unit": "ns"
    }
  },
  "template_rendering/arrays": {
    "current": {
      "mean": 318.3026840403781,
      "stddev": 7.103542599170584,
      "unit": "ns"
    },
    "new": {
      "mean": 318.3026840403781,
      "stddev": 7.103542599170584,
      "unit": "ns"
    }
  },
  "template_rendering/complex": {
    "current": {
      "mean": 368.92603166348783,
      "stddev": 3.773299307099109,
      "unit": "ns"
    },
    "new": {
      "mean": 368.92603166348783,
      "stddev": 3.773299307099109,
      "unit": "ns"
    }
  },
  "template_rendering/simple": {
    "current": {
      "mean": 1191.7176849404352,
      "stddev": 8.348626460772918,
      "unit": "ns"
    },
    "new": {
      "mean": 1191.7176849404352,
      "stddev": 8.348626460772918,
      "unit": "ns"
    }
  }
}