{
  "data_generation/generate_single_record": {
    "current": {
      "mean": 796.6864321814013,
      "stddev": 10.911643670561109,
      "unit": "ns"
    },
    "new": {
      "mean": 796.6864321814013,
      "stddev": 10.911643670561109,
      "unit": "ns"
    }
  },
  "encryption/aes256_gcm": {
    "current": {
      "mean": 1099.0666885508329,
      "stddev": 5.244510277969552,
      "unit": "ns"
    },
    "new": {
      "mean": 1099.0666885508329,
      "stddev": 5.244510277969552,
      "unit": "ns"
    }
  },
  "encryption/chacha20_poly1305": {
    "current": {
      "mean": 4150.367497935732,
      "stddev": 13.542882028796777,
      "unit": "ns"
    },
    "new": {
      "mean": 4150.367497935732,
      "stddev": 13.542882028796777,
      "unit": "ns"
    }
  },
  "json_validation/complex": {
    "current": {
      "mean": 576.963122140433,
      "stddev": 8.32595384236623,
      "unit": "ns"
    },
    "new": {
      "mean": 576.963122140433,
      "stddev": 8.32595384236623,
      "unit": "ns"
    }
  },
  "json_validation/simple": {
    "current": {
      "mean": 98.25599198603567,
      "stddev": 0.6829621525679288,
      "unit": "ns"
    },
    "new": {
      "mean": 98.25599198603567,
      "stddev": 0.6829621525679288,
      "unit": "ns"
    }
  },
  "memory/deep_template_rendering": {
    "current": {
      "mean": 1488.8720540841055,
      "stddev": 2.7849511026277507,
      "unit": "ns"
    },
    "new": {
      "mean": 1488.8720540841055,
      "stddev": 2.7849511026277507,
      "unit": "ns"
    }
  },
  "memory/large_data_validation": {
    "current": {
      "mean": 105431.33123430784,
      "stddev": 1240.7342855450734,
      "unit": "ns"
    },
    "new": {
      "mean": 105431.33123430784,
      "stddev": 1240.7342855450734,
      "unit": "ns"
    }
  },
  "memory/large_spec_parsing": {
    "current": {
      "mean": 6967566.894887567,
      "stddev": 41962.968526968536,
      "unit": "ns"
    },
    "new": {
      "mean": 6967566.894887567,
      "stddev": 41962.968526968536,
      "unit": "ns"
    }
  },
  "openapi_parsing/medium_spec_10_paths": {
    "current": {
      "mean": 171613.47162038478,
      "stddev": 2703.555664480419,
      "unit": "ns"
    },
    "new": {
      "mean": 171613.47162038478,
      "stddev": 2703.555664480419,
      "unit": "ns"
    }
  },
  "openapi_parsing/small_spec": {
    "current": {
      "mean": 24754.69201501751,
      "stddev": 733.6242272689029,
      "unit": "ns"
    },
    "new": {
      "mean": 24754.69201501751,
      "stddev": 733.6242272689029,
      "unit": "ns"
    }
  },
  "template_rendering/arrays": {
    "current": {
      "mean": 329.72790293563,
      "stddev": 5.09321379920762,
      "unit": "ns"
    },
    "new": {
      "mean": 329.72790293563,
      "stddev": 5.09321379920762,
      "unit": "ns"
    }
  },
  "template_rendering/complex": {
    "current": {
      "mean": 385.4684441501955,
      "stddev": 5.907642149567658,
      "unit": "ns"
    },
    "new": {
      "mean": 385.4684441501955,
      "stddev": 5.907642149567658,
      "unit": "ns"
    }
  },
  "template_rendering/simple": {
    "current": {
      "mean": 927.4981902161775,
      "stddev": 15.38060954497321,
      "unit": "ns"
    },
    "new": {
      "mean": 927.4981902161775,
      "stddev": 15.38060954497321,
      "unit": "ns"
    }
  }
}