{
  "data_generation/generate_single_record": {
    "current": {
      "mean": 786.6265885768017,
      "stddev": 16.233401936182037,
      "unit": "ns"
    },
    "new": {
      "mean": 786.6265885768017,
      "stddev": 16.233401936182037,
      "unit": "ns"
    }
  },
  "encryption/aes256_gcm": {
    "current": {
      "mean": 1120.2952838629421,
      "stddev": 9.168270549944706,
      "unit": "ns"
    },
    "new": {
      "mean": 1120.2952838629421,
      "stddev": 9.168270549944706,
      "unit": "ns"
    }
  },
  "encryption/chacha20_poly1305": {
    "current": {
      "mean": 4135.911014325976,
      "stddev": 45.53494511833165,
      "unit": "ns"
    },
    "new": {
      "mean": 4135.911014325976,
      "stddev": 45.53494511833165,
      "unit": "ns"
    }
  },
  "json_validation/complex": {
    "current": {
      "mean": 589.1585924714242,
      "stddev": 15.833563656264626,
      "unit": "ns"
    },
    "new": {
      "mean": 589.1585924714242,
      "stddev": 15.833563656264626,
      "unit": "ns"
    }
  },
  "json_validation/simple": {
    "current": {
      "mean": 99.11504919650477,
      "stddev": 1.066802993852486,
      "unit": "ns"
    },
    "new": {
      "mean": 99.11504919650477,
      "stddev": 1.066802993852486,
      "unit": "ns"
    }
  },
  "memory/deep_template_rendering": {
    "current": {
      "mean": 1518.0275226948584,
      "stddev": 3.9241012186979125,
      "unit": "ns"
    },
    "new": {
      "mean": 1518.0275226948584,
      "stddev": 3.9241012186979125,
      "unit": "ns"
    }
  },
  "memory/large_data_validation": {
    "current": {
      "mean": 106548.17617618607,
      "stddev": 760.5091654382825,
      "unit": "ns"
    },
    "new": {
      "mean": 106548.17617618607,
      "stddev": 760.5091654382825,
      "unit": "ns"
    }
  },
  "memory/large_spec_parsing": {
    "current": {
      "mean": 7329903.855829725,
      "stddev": 94033.82539368409,
      "unit": "ns"
    },
    "new": {
      "mean": 7329903.855829725,
      "stddev": 94033.82539368409,
      "unit": "ns"
    }
  },
  "openapi_parsing/medium_spec_10_paths": {
    "current": {
      "mean": 170731.8303487341,
      "stddev": 2805.1916900202496,
      "unit": "ns"
    },
    "new": {
      "mean": 170731.8303487341,
      "stddev": 2805.1916900202496,
      "unit": "ns"
    }
  },
  "openapi_parsing/small_spec": {
    "current": {
      "mean": 23960.479400660744,
      "stddev": 408.5454374063815,
      "unit": "ns"
    },
    "new": {
      "mean": 23960.479400660744,
      "stddev": 408.5454374063815,
      "unit": "ns"
    }
  },
  "template_rendering/arrays": {
    "current": {
      "mean": 313.5880577803438,
      "stddev": 6.955746552446262,
      "unit": "ns"
    },
    "new": {
      "mean": 313.5880577803438,
      "stddev": 6.955746552446262,
      "unit": "ns"
    }
  },
  "template_rendering/complex": {
    "current": {
      "mean": 391.2235258518912,
      "stddev": 3.7344937692347746,
      "unit": "ns"
    },
    "new": {
      "mean": 391.2235258518912,
      "stddev": 3.7344937692347746,
      "unit": "ns"
    }
  },
  "template_rendering/simple": {
    "current": {
      "mean": 927.8453904854671,
      "stddev": 39.680290345884856,
      "unit": "ns"
    },
    "new": {
      "mean": 927.8453904854671,
      "stddev": 39.680290345884856,
      "unit": "ns"
    }
  }
}