{
  "data_generation/generate_single_record": {
    "current": {
      "mean": 867.6551322435304,
      "stddev": 72.06047242661894,
      "unit": "ns"
    },
    "new": {
      "mean": 867.6551322435304,
      "stddev": 72.06047242661894,
      "unit": "ns"
    }
  },
  "encryption/aes256_gcm": {
    "current": {
      "mean": 1231.1660331369008,
      "stddev": 61.309216579860546,
      "unit": "ns"
    },
    "new": {
      "mean": 1231.1660331369008,
      "stddev": 61.309216579860546,
      "unit": "ns"
    }
  },
  "encryption/chacha20_poly1305": {
    "current": {
      "mean": 4405.608660014422,
      "stddev": 222.5724299761086,
      "unit": "ns"
    },
    "new": {
      "mean": 4405.608660014422,
      "stddev": 222.5724299761086,
      "unit": "ns"
    }
  },
  "json_validation/complex": {
    "current": {
      "mean": 681.1004703830633,
      "stddev": 106.82521404251726,
      "unit": "ns"
    },
    "new": {
      "mean": 681.1004703830633,
      "stddev": 106.82521404251726,
      "unit": "ns"
    }
  },
  "json_validation/simple": {
    "current": {
      "mean": 128.59900664532262,
      "stddev": 30.081493770988146,
      "unit": "ns"
    },
    "new": {
      "mean": 128.59900664532262,
      "stddev": 30.081493770988146,
      "unit": "ns"
    }
  },
  "memory/deep_template_rendering": {
    "current": {
      "mean": 1697.1751562997786,
      "stddev": 30.833742306458962,
      "unit": "ns"
    },
    "new": {
      "mean": 1697.1751562997786,
      "stddev": 30.833742306458962,
      "unit": "ns"
    }
  },
  "memory/large_data_validation": {
    "current": {
      "mean": 118662.41001359494,
      "stddev": 6677.265065851516,
      "unit": "ns"
    },
    "new": {
      "mean": 118662.41001359494,
      "stddev": 6677.265065851516,
      "unit": "ns"
    }
  },
  "memory/large_spec_parsing": {
    "current": {
      "mean": 8286205.636424163,
      "stddev": 485747.36674935976,
      "unit": "ns"
    },
    "new": {
      "mean": 8286205.636424163,
      "stddev": 485747.36674935976,
      "unit": "ns"
    }
  },
  "openapi_parsing/medium_spec_10_paths": {
    "current": {
      "mean": 191146.2854314275,
      "stddev": 17814.70654033765,
      "unit": "ns"
    },
    "new": {
      "mean": 191146.2854314275,
      "stddev": 17814.70654033765,
      "unit": "ns"
    }
  },
  "openapi_parsing/small_spec": {
    "current": {
      "mean": 29372.98837266199,
      "stddev": 5203.395703849934,
      "unit": "ns"
    },
    "new": {
      "mean": 29372.98837266199,
      "stddev": 5203.395703849934,
      "unit": "ns"
    }
  },
  "template_rendering/arrays": {
    "current": {
      "mean": 428.28951737082093,
      "stddev": 105.39900839603065,
      "unit": "ns"
    },
    "new": {
      "mean": 428.28951737082093,
      "stddev": 105.39900839603065,
      "unit": "ns"
    }
  },
  "template_rendering/complex": {
    "current": {
      "mean": 419.8704660936517,
      "stddev": 53.751187685812674,
      "unit": "ns"
    },
    "new": {
      "mean": 419.8704660936517,
      "stddev": 53.751187685812674,
      "unit": "ns"
    }
  },
  "template_rendering/simple": {
    "current": {
      "mean": 802.392111064825,
      "stddev": 137.24824995081616,
      "unit": "ns"
    },
    "new": {
      "mean": 802.392111064825,
      "stddev": 137.24824995081616,
      "unit": "ns"
    }
  }
}