{
  "data_generation/generate_single_record": {
    "current": {
      "mean": 775.3770677979783,
      "stddev": 11.95827097087295,
      "unit": "ns"
    },
    "new": {
      "mean": 775.3770677979783,
      "stddev": 11.95827097087295,
      "unit": "ns"
    }
  },
  "encryption/aes256_gcm": {
    "current": {
      "mean": 1122.8336291805915,
      "stddev": 7.764941283253509,
      "unit": "ns"
    },
    "new": {
      "mean": 1122.8336291805915,
      "stddev": 7.764941283253509,
      "unit": "ns"
    }
  },
  "encryption/chacha20_poly1305": {
    "current": {
      "mean": 4122.632413375628,
      "stddev": 17.266603463279093,
      "unit": "ns"
    },
    "new": {
      "mean": 4122.632413375628,
      "stddev": 17.266603463279093,
      "unit": "ns"
    }
  },
  "json_validation/complex": {
    "current": {
      "mean": 582.671592298436,
      "stddev": 4.304513790745686,
      "unit": "ns"
    },
    "new": {
      "mean": 582.671592298436,
      "stddev": 4.304513790745686,
      "unit": "ns"
    }
  },
  "json_validation/simple": {
    "current": {
      "mean": 98.9928975403325,
      "stddev": 0.6918848813867765,
      "unit": "ns"
    },
    "new": {
      "mean": 98.9928975403325,
      "stddev": 0.6918848813867765,
      "unit": "ns"
    }
  },
  "memory/deep_template_rendering": {
    "current": {
      "mean": 1434.8905624466902,
      "stddev": 1.435802126489452,
      "unit": "ns"
    },
    "new": {
      "mean": 1434.8905624466902,
      "stddev": 1.435802126489452,
      "unit": "ns"
    }
  },
  "memory/large_data_validation": {
    "current": {
      "mean": 106343.61877733686,
      "stddev": 275.1519113202148,
      "unit": "ns"
    },
    "new": {
      "mean": 106343.61877733686,
      "stddev": 275.1519113202148,
      "unit": "ns"
    }
  },
  "memory/large_spec_parsing": {
    "current": {
      "mean": 6925050.402453704,
      "stddev": 11757.061390263021,
      "unit": "ns"
    },
    "new": {
      "mean": 6925050.402453704,
      "stddev": 11757.061390263021,
      "unit": "ns"
    }
  },
  "openapi_parsing/medium_spec_10_paths": {
    "current": {
      "mean": 170287.40987856698,
      "stddev": 1537.0011908021845,
      "unit": "ns"
    },
    "new": {
      "mean": 170287.40987856698,
      "stddev": 1537.0011908021845,
      "unit": "ns"
    }
  },
  "openapi_parsing/small_spec": {
    "current": {
      "mean": 24382.19645076169,
      "stddev": 364.5895786434547,
      "unit": "ns"
    },
    "new": {
      "mean": 24382.19645076169,
      "stddev": 364.5895786434547,
      "unit": "ns"
    }
  },
  "template_rendering/arrays": {
    "current": {
      "mean": 316.9900484693495,
      "stddev": 12.870826071139719,
      "unit": "ns"
    },
    "new": {
      "mean": 316.9900484693495,
      "stddev": 12.870826071139719,
      "unit": "ns"
    }
  },
  "template_rendering/complex": {
    "current": {
      "mean": 368.8582310041263,
      "stddev": 5.971160223094403,
      "unit": "ns"
    },
    "new": {
      "mean": 368.8582310041263,
      "stddev": 5.971160223094403,
      "unit": "ns"
    }
  },
  "template_rendering/simple": {
    "current": {
      "mean": 890.8202378033365,
      "stddev": 22.680476176259702,
      "unit": "ns"
    },
    "new": {
      "mean": 890.8202378033365,
      "stddev": 22.680476176259702,
      "unit": "ns"
    }
  }
}