{
  "data_generation/generate_single_record": {
    "current": {
      "mean": 772.5130555758817,
      "stddev": 6.287281027310953,
      "unit": "ns"
    },
    "new": {
      "mean": 772.5130555758817,
      "stddev": 6.287281027310953,
      "unit": "ns"
    }
  },
  "encryption/aes256_gcm": {
    "current": {
      "mean": 1089.0584096377022,
      "stddev": 24.23366442510008,
      "unit": "ns"
    },
    "new": {
      "mean": 1089.0584096377022,
      "stddev": 24.23366442510008,
      "unit": "ns"
    }
  },
  "encryption/chacha20_poly1305": {
    "current": {
      "mean": 4175.110072984761,
      "stddev": 13.128693720515573,
      "unit": "ns"
    },
    "new": {
      "mean": 4175.110072984761,
      "stddev": 13.128693720515573,
      "unit": "ns"
    }
  },
  "json_validation/complex": {
    "current": {
      "mean": 576.1407456523862,
      "stddev": 3.510330100545609,
      "unit": "ns"
    },
    "new": {
      "mean": 576.1407456523862,
      "stddev": 3.510330100545609,
      "unit": "ns"
    }
  },
  "json_validation/simple": {
    "current": {
      "mean": 98.23972850009314,
      "stddev": 1.5837115221378897,
      "unit": "ns"
    },
    "new": {
      "mean": 98.23972850009314,
      "stddev": 1.5837115221378897,
      "unit": "ns"
    }
  },
  "memory/deep_template_rendering": {
    "current": {
      "mean": 1443.49165714849,
      "stddev": 1.7326013002444198,
      "unit": "ns"
    },
    "new": {
      "mean": 1443.49165714849,
      "stddev": 1.7326013002444198,
      "unit": "ns"
    }
  },
  "memory/large_data_validation": {
    "current": {
      "mean": 105347.75726233966,
      "stddev": 483.79508007864246,
      "unit": "ns"
    },
    "new": {
      "mean": 105347.75726233966,
      "stddev": 483.79508007864246,
      "unit": "ns"
    }
  },
  "memory/large_spec_parsing": {
    "current": {
      "mean": 6890967.746954365,
      "stddev": 11020.24240617386,
      "unit": "ns"
    },
    "new": {
      "mean": 6890967.746954365,
      "stddev": 11020.24240617386,
      "unit": "ns"
    }
  },
  "openapi_parsing/medium_spec_10_paths": {
    "current": {
      "mean": 169949.43405195055,
      "stddev": 2400.454200934178,
      "unit": "ns"
    },
    "new": {
      "mean": 169949.43405195055,
      "stddev": 2400.454200934178,
      "unit": "ns"
    }
  },
  "openapi_parsing/small_spec": {
    "current": {
      "mean": 24526.034934296924,
      "stddev": 310.8959824218445,
      "unit": "ns"
    },
    "new": {
      "mean": 24526.034934296924,
      "stddev": 310.8959824218445,
      "unit": "ns"
    }
  },
  "template_rendering/arrays": {
    "current": {
      "mean": 311.5909258712677,
      "stddev": 6.285682067919242,
      "unit": "ns"
    },
    "new": {
      "mean": 311.5909258712677,
      "stddev": 6.285682067919242,
      "unit": "ns"
    }
  },
  "template_rendering/complex": {
    "current": {
      "mean": 372.16989744769177,
      "stddev": 6.7327350724160295,
      "unit": "ns"
    },
    "new": {
      "mean": 372.16989744769177,
      "stddev": 6.7327350724160295,
      "unit": "ns"
    }
  },
  "template_rendering/simple": {
    "current": {
      "mean": 894.1988797846531,
      "stddev": 13.16154071299603,
      "unit": "ns"
    },
    "new": {
      "mean": 894.1988797846531,
      "stddev": 13.16154071299603,
      "unit": "ns"
    }
  }
}