{
  "data_generation/generate_single_record": {
    "current": {
      "mean": 752.3612439010498,
      "stddev": 16.66670046846477,
      "unit": "ns"
    },
    "new": {
      "mean": 752.3612439010498,
      "stddev": 16.66670046846477,
      "unit": "ns"
    }
  },
  "encryption/aes256_gcm": {
    "current": {
      "mean": 1144.3309853789715,
      "stddev": 17.802130648953153,
      "unit": "ns"
    },
    "new": {
      "mean": 1144.3309853789715,
      "stddev": 17.802130648953153,
      "unit": "ns"
    }
  },
  "encryption/chacha20_poly1305": {
    "current": {
      "mean": 4194.398267115962,
      "stddev": 25.66819787078567,
      "unit": "ns"
    },
    "new": {
      "mean": 4194.398267115962,
      "stddev": 25.66819787078567,
      "unit": "ns"
    }
  },
  "json_validation/complex": {
    "current": {
      "mean": 584.3481703983812,
      "stddev": 12.839480411604539,
      "unit": "ns"
    },
    "new": {
      "mean": 584.3481703983812,
      "stddev": 12.839480411604539,
      "unit": "ns"
    }
  },
  "json_validation/simple": {
    "current": {
      "mean": 100.15487842749276,
      "stddev": 1.4746944118540788,
      "unit": "ns"
    },
    "new": {
      "mean": 100.15487842749276,
      "stddev": 1.4746944118540788,
      "unit": "ns"
    }
  },
  "memory/deep_template_rendering": {
    "current": {
      "mean": 1605.6284140066675,
      "stddev": 6.318749405031629,
      "unit": "ns"
    },
    "new": {
      "mean": 1605.6284140066675,
      "stddev": 6.318749405031629,
      "unit": "ns"
    }
  },
  "memory/large_data_validation": {
    "current": {
      "mean": 103504.06103877426,
      "stddev": 154.9051626070725,
      "unit": "ns"
    },
    "new": {
      "mean": 103504.06103877426,
      "stddev": 154.9051626070725,
      "unit": "ns"
    }
  },
  "memory/large_spec_parsing": {
    "current": {
      "mean": 7029943.664358465,
      "stddev": 16283.782426712889,
      "unit": "ns"
    },
    "new": {
      "mean": 7029943.664358465,
      "stddev": 16283.782426712889,
      "unit": "ns"
    }
  },
  "openapi_parsing/medium_spec_10_paths": {
    "current": {
      "mean": 171042.972042086,
      "stddev": 3674.1726397292146,
      "unit": "ns"
    },
    "new": {
      "mean": 171042.972042086,
      "stddev": 3674.1726397292146,
      "unit": "ns"
    }
  },
  "openapi_parsing/small_spec": {
    "current": {
      "mean": 24366.30493376586,
      "stddev": 432.17419404489146,
      "unit": "ns"
    },
    "new": {
      "mean": 24366.30493376586,
      "stddev": 432.17419404489146,
      "unit": "ns"
    }
  },
  "template_rendering/arrays": {
    "current": {
      "mean": 320.81449271260715,
      "stddev": 6.351041099009985,
      "unit": "ns"
    },
    "new": {
      "mean": 320.81449271260715,
      "stddev": 6.351041099009985,
      "unit": "ns"
    }
  },
  "template_rendering/complex": {
    "current": {
      "mean": 384.74304623830426,
      "stddev": 2.8060885433278484,
      "unit": "ns"
    },
    "new": {
      "mean": 384.74304623830426,
      "stddev": 2.8060885433278484,
      "unit": "ns"
    }
  },
  "template_rendering/simple": {
    "current": {
      "mean": 881.3548995760332,
      "stddev": 11.713858133086433,
      "unit": "ns"
    },
    "new": {
      "mean": 881.3548995760332,
      "stddev": 11.713858133086433,
      "unit": "ns"
    }
  }
}