{
  "data_generation/generate_single_record": {
    "current": {
      "mean": 824.644713574333,
      "stddev": 3.401392598269544,
      "unit": "ns"
    },
    "new": {
      "mean": 824.644713574333,
      "stddev": 3.401392598269544,
      "unit": "ns"
    }
  },
  "encryption/aes256_gcm": {
    "current": {
      "mean": 1116.5274826639939,
      "stddev": 5.359779931225482,
      "unit": "ns"
    },
    "new": {
      "mean": 1116.5274826639939,
      "stddev": 5.359779931225482,
      "unit": "ns"
    }
  },
  "encryption/chacha20_poly1305": {
    "current": {
      "mean": 4688.456981381471,
      "stddev": 23.794270231850593,
      "unit": "ns"
    },
    "new": {
      "mean": 4688.456981381471,
      "stddev": 23.794270231850593,
      "unit": "ns"
    }
  },
  "json_validation/complex": {
    "current": {
      "mean": 561.4442026466585,
      "stddev": 7.716031547487298,
      "unit": "ns"
    },
    "new": {
      "mean": 561.4442026466585,
      "stddev": 7.716031547487298,
      "unit": "ns"
    }
  },
  "json_validation/simple": {
    "current": {
      "mean": 111.1688406973025,
      "stddev": 1.2292303520172876,
      "unit": "ns"
    },
    "new": {
      "mean": 111.1688406973025,
      "stddev": 1.2292303520172876,
      "unit": "ns"
    }
  },
  "memory/deep_template_rendering": {
    "current": {
      "mean": 1467.2644144405208,
      "stddev": 6.365668194370571,
      "unit": "ns"
    },
    "new": {
      "mean": 1467.2644144405208,
      "stddev": 6.365668194370571,
      "unit": "ns"
    }
  },
  "memory/large_data_validation": {
    "current": {
      "mean": 102766.11895123139,
      "stddev": 463.17690637076794,
      "unit": "ns"
    },
    "new": {
      "mean": 102766.11895123139,
      "stddev": 463.17690637076794,
      "unit": "ns"
    }
  },
  "memory/large_spec_parsing": {
    "current": {
      "mean": 7421071.2254689755,
      "stddev": 58703.34936264647,
      "unit": "ns"
    },
    "new": {
      "mean": 7421071.2254689755,
      "stddev": 58703.34936264647,
      "unit": "ns"
    }
  },
  "openapi_parsing/medium_spec_10_paths": {
    "current": {
      "mean": 173594.3028921968,
      "stddev": 3072.4423080536267,
      "unit": "ns"
    },
    "new": {
      "mean": 173594.3028921968,
      "stddev": 3072.4423080536267,
      "unit": "ns"
    }
  },
  "openapi_parsing/small_spec": {
    "current": {
      "mean": 24076.122199949736,
      "stddev": 165.6221542154961,
      "unit": "ns"
    },
    "new": {
      "mean": 24076.122199949736,
      "stddev": 165.6221542154961,
      "unit": "ns"
    }
  },
  "template_rendering/arrays": {
    "current": {
      "mean": 304.83425505218923,
      "stddev": 4.773309433337692,
      "unit": "ns"
    },
    "new": {
      "mean": 304.83425505218923,
      "stddev": 4.773309433337692,
      "unit": "ns"
    }
  },
  "template_rendering/complex": {
    "current": {
      "mean": 380.41203512846204,
      "stddev": 14.948097991906836,
      "unit": "ns"
    },
    "new": {
      "mean": 380.41203512846204,
      "stddev": 14.948097991906836,
      "unit": "ns"
    }
  },
  "template_rendering/simple": {
    "current": {
      "mean": 1014.6546466184064,
      "stddev": 73.12679359729047,
      "unit": "ns"
    },
    "new": {
      "mean": 1014.6546466184064,
      "stddev": 73.12679359729047,
      "unit": "ns"
    }
  }
}