{
  "data_generation/generate_single_record": {
    "current": {
      "mean": 766.3666317354438,
      "stddev": 4.0551071888675825,
      "unit": "ns"
    },
    "new": {
      "mean": 766.3666317354438,
      "stddev": 4.0551071888675825,
      "unit": "ns"
    }
  },
  "encryption/aes256_gcm": {
    "current": {
      "mean": 1086.5209969427854,
      "stddev": 6.519195655110825,
      "unit": "ns"
    },
    "new": {
      "mean": 1086.5209969427854,
      "stddev": 6.519195655110825,
      "unit": "ns"
    }
  },
  "encryption/chacha20_poly1305": {
    "current": {
      "mean": 4190.932025810048,
      "stddev": 19.15861514853921,
      "unit": "ns"
    },
    "new": {
      "mean": 4190.932025810048,
      "stddev": 19.15861514853921,
      "unit": "ns"
    }
  },
  "json_validation/complex": {
    "current": {
      "mean": 746.6125442159332,
      "stddev": 13.612685303276033,
      "unit": "ns"
    },
    "new": {
      "mean": 746.6125442159332,
      "stddev": 13.612685303276033,
      "unit": "ns"
    }
  },
  "json_validation/simple": {
    "current": {
      "mean": 137.43249187481558,
      "stddev": 0.9898647650539933,
      "unit": "ns"
    },
    "new": {
      "mean": 137.43249187481558,
      "stddev": 0.9898647650539933,
      "unit": "ns"
    }
  },
  "memory/deep_template_rendering": {
    "current": {
      "mean": 1480.7203889351908,
      "stddev": 2.1806525433262838,
      "unit": "ns"
    },
    "new": {
      "mean": 1480.7203889351908,
      "stddev": 2.1806525433262838,
      "unit": "ns"
    }
  },
  "memory/large_data_validation": {
    "current": {
      "mean": 119054.63974450811,
      "stddev": 292.3972812008174,
      "unit": "ns"
    },
    "new": {
      "mean": 119054.63974450811,
      "stddev": 292.3972812008174,
      "unit": "ns"
    }
  },
  "memory/large_spec_parsing": {
    "current": {
      "mean": 6902217.937126322,
      "stddev": 18841.10568356396,
      "unit": "ns"
    },
    "new": {
      "mean": 6902217.937126322,
      "stddev": 18841.10568356396,
      "unit": "ns"
    }
  },
  "openapi_parsing/medium_spec_10_paths": {
    "current": {
      "mean": 173428.92237007336,
      "stddev": 2926.154170573138,
      "unit": "ns"
    },
    "new": {
      "mean": 173428.92237007336,
      "stddev": 2926.154170573138,
      "unit": "ns"
    }
  },
  "openapi_parsing/small_spec": {
    "current": {
      "mean": 24600.05578664186,
      "stddev": 320.542290357141,
      "unit": "ns"
    },
    "new": {
      "mean": 24600.05578664186,
      "stddev": 320.542290357141,
      "unit": "ns"
    }
  },
  "template_rendering/arrays": {
    "current": {
      "mean": 321.3991199451116,
      "stddev": 7.208841640731867,
      "unit": "ns"
    },
    "new": {
      "mean": 321.3991199451116,
      "stddev": 7.208841640731867,
      "unit": "ns"
    }
  },
  "template_rendering/complex": {
    "current": {
      "mean": 383.9694510382365,
      "stddev": 5.284634042098605,
      "unit": "ns"
    },
    "new": {
      "mean": 383.9694510382365,
      "stddev": 5.284634042098605,
      "unit": "ns"
    }
  },
  "template_rendering/simple": {
    "current": {
      "mean": 901.8417467746497,
      "stddev": 10.955295228405795,
      "unit": "ns"
    },
    "new": {
      "mean": 901.8417467746497,
      "stddev": 10.955295228405795,
      "unit": "ns"
    }
  }
}