{
  "data_generation/generate_single_record": {
    "current": {
      "mean": 772.9186643400196,
      "stddev": 4.762489173866165,
      "unit": "ns"
    },
    "new": {
      "mean": 772.9186643400196,
      "stddev": 4.762489173866165,
      "unit": "ns"
    }
  },
  "encryption/aes256_gcm": {
    "current": {
      "mean": 907.0967220126003,
      "stddev": 30.996245774168248,
      "unit": "ns"
    },
    "new": {
      "mean": 907.0967220126003,
      "stddev": 30.996245774168248,
      "unit": "ns"
    }
  },
  "encryption/chacha20_poly1305": {
    "current": {
      "mean": 3538.2660541546525,
      "stddev": 40.70631288969621,
      "unit": "ns"
    },
    "new": {
      "mean": 3538.2660541546525,
      "stddev": 40.70631288969621,
      "unit": "ns"
    }
  },
  "json_validation/complex": {
    "current": {
      "mean": 642.0732877371478,
      "stddev": 13.36250980426244,
      "unit": "ns"
    },
    "new": {
      "mean": 642.0732877371478,
      "stddev": 13.36250980426244,
      "unit": "ns"
    }
  },
  "json_validation/simple": {
    "current": {
      "mean": 84.61410871512643,
      "stddev": 1.1786283311881536,
      "unit": "ns"
    },
    "new": {
      "mean": 84.61410871512643,
      "stddev": 1.1786283311881536,
      "unit": "ns"
    }
  },
  "memory/deep_template_rendering": {
    "current": {
      "mean": 1525.779945910607,
      "stddev": 2.700838369158787,
      "unit": "ns"
    },
    "new": {
      "mean": 1525.779945910607,
      "stddev": 2.700838369158787,
      "unit": "ns"
    }
  },
  "memory/large_data_validation": {
    "current": {
      "mean": 101569.7051747119,
      "stddev": 322.32475261012655,
      "unit": "ns"
    },
    "new": {
      "mean": 101569.7051747119,
      "stddev": 322.32475261012655,
      "unit": "ns"
    }
  },
  "memory/large_spec_parsing": {
    "current": {
      "mean": 7223824.92267316,
      "stddev": 43941.12455611011,
      "unit": "ns"
    },
    "new": {
      "mean": 7223824.92267316,
      "stddev": 43941.12455611011,
      "unit": "ns"
    }
  },
  "openapi_parsing/medium_spec_10_paths": {
    "current": {
      "mean": 162981.61385106386,
      "stddev": 3166.8527700482828,
      "unit": "ns"
    },
    "new": {
      "mean": 162981.61385106386,
      "stddev": 3166.8527700482828,
      "unit": "ns"
    }
  },
  "openapi_parsing/small_spec": {
    "current": {
      "mean": 23076.63682651425,
      "stddev": 153.6045333573594,
      "unit": "ns"
    },
    "new": {
      "mean": 23076.63682651425,
      "stddev": 153.6045333573594,
      "unit": "ns"
    }
  },
  "template_rendering/arrays": {
    "current": {
      "mean": 301.5075302743117,
      "stddev": 4.921737813071497,
      "unit": "ns"
    },
    "new": {
      "mean": 301.5075302743117,
      "stddev": 4.921737813071497,
      "unit": "ns"
    }
  },
  "template_rendering/complex": {
    "current": {
      "mean": 357.9526517686012,
      "stddev": 2.9860617217744663,
      "unit": "ns"
    },
    "new": {
      "mean": 357.9526517686012,
      "stddev": 2.9860617217744663,
      "unit": "ns"
    }
  },
  "template_rendering/simple": {
    "current": {
      "mean": 722.6958965745496,
      "stddev": 43.713630383851736,
      "unit": "ns"
    },
    "new": {
      "mean": 722.6958965745496,
      "stddev": 43.713630383851736,
      "unit": "ns"
    }
  }
}