{
  "data_generation/generate_single_record": {
    "current": {
      "mean": 779.3130619203152,
      "stddev": 7.466237799558379,
      "unit": "ns"
    },
    "new": {
      "mean": 779.3130619203152,
      "stddev": 7.466237799558379,
      "unit": "ns"
    }
  },
  "encryption/aes256_gcm": {
    "current": {
      "mean": 1109.9600962448887,
      "stddev": 5.682599389688146,
      "unit": "ns"
    },
    "new": {
      "mean": 1109.9600962448887,
      "stddev": 5.682599389688146,
      "unit": "ns"
    }
  },
  "encryption/chacha20_poly1305": {
    "current": {
      "mean": 4122.167497022683,
      "stddev": 33.157221752204954,
      "unit": "ns"
    },
    "new": {
      "mean": 4122.167497022683,
      "stddev": 33.157221752204954,
      "unit": "ns"
    }
  },
  "json_validation/complex": {
    "current": {
      "mean": 594.3982672016823,
      "stddev": 14.458305479827574,
      "unit": "ns"
    },
    "new": {
      "mean": 594.3982672016823,
      "stddev": 14.458305479827574,
      "unit": "ns"
    }
  },
  "json_validation/simple": {
    "current": {
      "mean": 111.59073327266816,
      "stddev": 2.2248359678595073,
      "unit": "ns"
    },
    "new": {
      "mean": 111.59073327266816,
      "stddev": 2.2248359678595073,
      "unit": "ns"
    }
  },
  "memory/deep_template_rendering": {
    "current": {
      "mean": 1465.0812917481285,
      "stddev": 26.127304681056042,
      "unit": "ns"
    },
    "new": {
      "mean": 1465.0812917481285,
      "stddev": 26.127304681056042,
      "unit": "ns"
    }
  },
  "memory/large_data_validation": {
    "current": {
      "mean": 107111.74800150332,
      "stddev": 637.4476657066966,
      "unit": "ns"
    },
    "new": {
      "mean": 107111.74800150332,
      "stddev": 637.4476657066966,
      "unit": "ns"
    }
  },
  "memory/large_spec_parsing": {
    "current": {
      "mean": 7061773.941937229,
      "stddev": 121500.11629316391,
      "unit": "ns"
    },
    "new": {
      "mean": 7061773.941937229,
      "stddev": 121500.11629316391,
      "unit": "ns"
    }
  },
  "openapi_parsing/medium_spec_10_paths": {
    "current": {
      "mean": 171798.0368020251,
      "stddev": 3606.864163273699,
      "unit": "ns"
    },
    "new": {
      "mean": 171798.0368020251,
      "stddev": 3606.864163273699,
      "unit": "ns"
    }
  },
  "openapi_parsing/small_spec": {
    "current": {
      "mean": 24601.687702858155,
      "stddev": 614.1816420508428,
      "unit": "ns"
    },
    "new": {
      "mean": 24601.687702858155,
      "stddev": 614.1816420508428,
      "unit": "ns"
    }
  },
  "template_rendering/arrays": {
    "current": {
      "mean": 317.91935852606167,
      "stddev": 25.46016052314881,
      "unit": "ns"
    },
    "new": {
      "mean": 317.91935852606167,
      "stddev": 25.46016052314881,
      "unit": "ns"
    }
  },
  "template_rendering/complex": {
    "current": {
      "mean": 373.41995194990466,
      "stddev": 9.486113561689201,
      "unit": "ns"
    },
    "new": {
      "mean": 373.41995194990466,
      "stddev": 9.486113561689201,
      "unit": "ns"
    }
  },
  "template_rendering/simple": {
    "current": {
      "mean": 1197.107461866077,
      "stddev": 13.580836261363642,
      "unit": "ns"
    },
    "new": {
      "mean": 1197.107461866077,
      "stddev": 13.580836261363642,
      "unit": "ns"
    }
  }
}