{
  "data_generation/generate_single_record": {
    "current": {
      "mean": 774.7669168284484,
      "stddev": 11.609424803021614,
      "unit": "ns"
    },
    "new": {
      "mean": 774.7669168284484,
      "stddev": 11.609424803021614,
      "unit": "ns"
    }
  },
  "encryption/aes256_gcm": {
    "current": {
      "mean": 1118.1987205945336,
      "stddev": 13.185138489289336,
      "unit": "ns"
    },
    "new": {
      "mean": 1118.1987205945336,
      "stddev": 13.185138489289336,
      "unit": "ns"
    }
  },
  "encryption/chacha20_poly1305": {
    "current": {
      "mean": 4160.561680224034,
      "stddev": 30.336035640643473,
      "unit": "ns"
    },
    "new": {
      "mean": 4160.561680224034,
      "stddev": 30.336035640643473,
      "unit": "ns"
    }
  },
  "json_validation/complex": {
    "current": {
      "mean": 565.2721136212805,
      "stddev": 9.059992991914102,
      "unit": "ns"
    },
    "new": {
      "mean": 565.2721136212805,
      "stddev": 9.059992991914102,
      "unit": "ns"
    }
  },
  "json_validation/simple": {
    "current": {
      "mean": 100.72075935135118,
      "stddev": 1.5721130574831435,
      "unit": "ns"
    },
    "new": {
      "mean": 100.72075935135118,
      "stddev": 1.5721130574831435,
      "unit": "ns"
    }
  },
  "memory/deep_template_rendering": {
    "current": {
      "mean": 1457.0629300394653,
      "stddev": 2.092363442854307,
      "unit": "ns"
    },
    "new": {
      "mean": 1457.0629300394653,
      "stddev": 2.092363442854307,
      "unit": "ns"
    }
  },
  "memory/large_data_validation": {
    "current": {
      "mean": 104549.62211454372,
      "stddev": 472.2060344112121,
      "unit": "ns"
    },
    "new": {
      "mean": 104549.62211454372,
      "stddev": 472.2060344112121,
      "unit": "ns"
    }
  },
  "memory/large_spec_parsing": {
    "current": {
      "mean": 7111797.147344877,
      "stddev": 39868.5220941644,
      "unit": "ns"
    },
    "new": {
      "mean": 7111797.147344877,
      "stddev": 39868.5220941644,
      "unit": "ns"
    }
  },
  "openapi_parsing/medium_spec_10_paths": {
    "current": {
      "mean": 174465.99309247124,
      "stddev": 3328.2017727786897,
      "unit": "ns"
    },
    "new": {
      "mean": 174465.99309247124,
      "stddev": 3328.2017727786897,
      "unit": "ns"
    }
  },
  "openapi_parsing/small_spec": {
    "current": {
      "mean": 24568.310165904848,
      "stddev": 812.1741881433555,
      "unit": "ns"
    },
    "new": {
      "mean": 24568.310165904848,
      "stddev": 812.1741881433555,
      "unit": "ns"
    }
  },
  "template_rendering/arrays": {
    "current": {
      "mean": 316.624026026527,
      "stddev": 12.470497359126464,
      "unit": "ns"
    },
    "new": {
      "mean": 316.624026026527,
      "stddev": 12.470497359126464,
      "unit": "ns"
    }
  },
  "template_rendering/complex": {
    "current": {
      "mean": 369.29756312027575,
      "stddev": 12.902192963430428,
      "unit": "ns"
    },
    "new": {
      "mean": 369.29756312027575,
      "stddev": 12.902192963430428,
      "unit": "ns"
    }
  },
  "template_rendering/simple": {
    "current": {
      "mean": 1223.301294579373,
      "stddev": 83.13252669662295,
      "unit": "ns"
    },
    "new": {
      "mean": 1223.301294579373,
      "stddev": 83.13252669662295,
      "unit": "ns"
    }
  }
}