{
  "data_generation/generate_single_record": {
    "current": {
      "mean": 776.1853935357288,
      "stddev": 21.212203862300118,
      "unit": "ns"
    },
    "new": {
      "mean": 776.1853935357288,
      "stddev": 21.212203862300118,
      "unit": "ns"
    }
  },
  "encryption/aes256_gcm": {
    "current": {
      "mean": 1112.3228951801063,
      "stddev": 5.570899237284596,
      "unit": "ns"
    },
    "new": {
      "mean": 1112.3228951801063,
      "stddev": 5.570899237284596,
      "unit": "ns"
    }
  },
  "encryption/chacha20_poly1305": {
    "current": {
      "mean": 4172.069229444771,
      "stddev": 22.42486998583935,
      "unit": "ns"
    },
    "new": {
      "mean": 4172.069229444771,
      "stddev": 22.42486998583935,
      "unit": "ns"
    }
  },
  "json_validation/complex": {
    "current": {
      "mean": 572.6015731172605,
      "stddev": 5.181783069135634,
      "unit": "ns"
    },
    "new": {
      "mean": 572.6015731172605,
      "stddev": 5.181783069135634,
      "unit": "ns"
    }
  },
  "json_validation/simple": {
    "current": {
      "mean": 115.85733961693613,
      "stddev": 2.179797391273872,
      "unit": "ns"
    },
    "new": {
      "mean": 115.85733961693613,
      "stddev": 2.179797391273872,
      "unit": "ns"
    }
  },
  "memory/deep_template_rendering": {
    "current": {
      "mean": 1446.0212773969151,
      "stddev": 1.4337728923409252,
      "unit": "ns"
    },
    "new": {
      "mean": 1446.0212773969151,
      "stddev": 1.4337728923409252,
      "unit": "ns"
    }
  },
  "memory/large_data_validation": {
    "current": {
      "mean": 106004.28951383408,
      "stddev": 242.55499467392627,
      "unit": "ns"
    },
    "new": {
      "mean": 106004.28951383408,
      "stddev": 242.55499467392627,
      "unit": "ns"
    }
  },
  "memory/large_spec_parsing": {
    "current": {
      "mean": 6876219.384265873,
      "stddev": 35842.73993139385,
      "unit": "ns"
    },
    "new": {
      "mean": 6876219.384265873,
      "stddev": 35842.73993139385,
      "unit": "ns"
    }
  },
  "openapi_parsing/medium_spec_10_paths": {
    "current": {
      "mean": 169079.62901894527,
      "stddev": 2770.398865154831,
      "unit": "ns"
    },
    "new": {
      "mean": 169079.62901894527,
      "stddev": 2770.398865154831,
      "unit": "ns"
    }
  },
  "openapi_parsing/small_spec": {
    "current": {
      "mean": 23758.6897577069,
      "stddev": 316.9511898491556,
      "unit": "ns"
    },
    "new": {
      "mean": 23758.6897577069,
      "stddev": 316.9511898491556,
      "unit": "ns"
    }
  },
  "template_rendering/arrays": {
    "current": {
      "mean": 317.500341158774,
      "stddev": 6.408369875913348,
      "unit": "ns"
    },
    "new": {
      "mean": 317.500341158774,
      "stddev": 6.408369875913348,
      "unit": "ns"
    }
  },
  "template_rendering/complex": {
    "current": {
      "mean": 370.4950760130455,
      "stddev": 6.98137851433603,
      "unit": "ns"
    },
    "new": {
      "mean": 370.4950760130455,
      "stddev": 6.98137851433603,
      "unit": "ns"
    }
  },
  "template_rendering/simple": {
    "current": {
      "mean": 1203.8984687224133,
      "stddev": 28.801363710330932,
      "unit": "ns"
    },
    "new": {
      "mean": 1203.8984687224133,
      "stddev": 28.801363710330932,
      "unit": "ns"
    }
  }
}