{
  "data_generation/generate_single_record": {
    "current": {
      "mean": 787.1445105077706,
      "stddev": 8.672216407685672,
      "unit": "ns"
    },
    "new": {
      "mean": 787.1445105077706,
      "stddev": 8.672216407685672,
      "unit": "ns"
    }
  },
  "encryption/aes256_gcm": {
    "current": {
      "mean": 1099.8197740195972,
      "stddev": 5.914658052650312,
      "unit": "ns"
    },
    "new": {
      "mean": 1099.8197740195972,
      "stddev": 5.914658052650312,
      "unit": "ns"
    }
  },
  "encryption/chacha20_poly1305": {
    "current": {
      "mean": 4171.467756514039,
      "stddev": 20.117789230105522,
      "unit": "ns"
    },
    "new": {
      "mean": 4171.467756514039,
      "stddev": 20.117789230105522,
      "unit": "ns"
    }
  },
  "json_validation/complex": {
    "current": {
      "mean": 571.9091738833539,
      "stddev": 10.662350706968308,
      "unit": "ns"
    },
    "new": {
      "mean": 571.9091738833539,
      "stddev": 10.662350706968308,
      "unit": "ns"
    }
  },
  "json_validation/simple": {
    "current": {
      "mean": 99.4980543705691,
      "stddev": 0.6639777269748074,
      "unit": "ns"
    },
    "new": {
      "mean": 99.4980543705691,
      "stddev": 0.6639777269748074,
      "unit": "ns"
    }
  },
  "memory/deep_template_rendering": {
    "current": {
      "mean": 1457.4574027035976,
      "stddev": 1.48096423646392,
      "unit": "ns"
    },
    "new": {
      "mean": 1457.4574027035976,
      "stddev": 1.48096423646392,
      "unit": "ns"
    }
  },
  "memory/large_data_validation": {
    "current": {
      "mean": 106923.90384074222,
      "stddev": 207.21806105912816,
      "unit": "ns"
    },
    "new": {
      "mean": 106923.90384074222,
      "stddev": 207.21806105912816,
      "unit": "ns"
    }
  },
  "memory/large_spec_parsing": {
    "current": {
      "mean": 7006173.773690475,
      "stddev": 45680.18754059751,
      "unit": "ns"
    },
    "new": {
      "mean": 7006173.773690475,
      "stddev": 45680.18754059751,
      "unit": "ns"
    }
  },
  "openapi_parsing/medium_spec_10_paths": {
    "current": {
      "mean": 170491.94089120944,
      "stddev": 3337.063182269013,
      "unit": "ns"
    },
    "new": {
      "mean": 170491.94089120944,
      "stddev": 3337.063182269013,
      "unit": "ns"
    }
  },
  "openapi_parsing/small_spec": {
    "current": {
      "mean": 23889.080236721158,
      "stddev": 443.0148282884361,
      "unit": "ns"
    },
    "new": {
      "mean": 23889.080236721158,
      "stddev": 443.0148282884361,
      "unit": "ns"
    }
  },
  "template_rendering/arrays": {
    "current": {
      "mean": 309.52144684238874,
      "stddev": 5.896324626912472,
      "unit": "ns"
    },
    "new": {
      "mean": 309.52144684238874,
      "stddev": 5.896324626912472,
      "unit": "ns"
    }
  },
  "template_rendering/complex": {
    "current": {
      "mean": 374.04620468236453,
      "stddev": 6.818765430401942,
      "unit": "ns"
    },
    "new": {
      "mean": 374.04620468236453,
      "stddev": 6.818765430401942,
      "unit": "ns"
    }
  },
  "template_rendering/simple": {
    "current": {
      "mean": 888.7631194493572,
      "stddev": 10.785373082482778,
      "unit": "ns"
    },
    "new": {
      "mean": 888.7631194493572,
      "stddev": 10.785373082482778,
      "unit": "ns"
    }
  }
}