{
  "data_generation/generate_single_record": {
    "current": {
      "mean": 803.1661459566682,
      "stddev": 36.50084367342448,
      "unit": "ns"
    },
    "new": {
      "mean": 803.1661459566682,
      "stddev": 36.50084367342448,
      "unit": "ns"
    }
  },
  "encryption/aes256_gcm": {
    "current": {
      "mean": 1094.7514428997392,
      "stddev": 10.911169964673029,
      "unit": "ns"
    },
    "new": {
      "mean": 1094.7514428997392,
      "stddev": 10.911169964673029,
      "unit": "ns"
    }
  },
  "encryption/chacha20_poly1305": {
    "current": {
      "mean": 4142.219495485168,
      "stddev": 23.97501180019533,
      "unit": "ns"
    },
    "new": {
      "mean": 4142.219495485168,
      "stddev": 23.97501180019533,
      "unit": "ns"
    }
  },
  "json_validation/complex": {
    "current": {
      "mean": 582.7225861233799,
      "stddev": 9.91699872845189,
      "unit": "ns"
    },
    "new": {
      "mean": 582.7225861233799,
      "stddev": 9.91699872845189,
      "unit": "ns"
    }
  },
  "json_validation/simple": {
    "current": {
      "mean": 98.87100802178811,
      "stddev": 0.9329512013376877,
      "unit": "ns"
    },
    "new": {
      "mean": 98.87100802178811,
      "stddev": 0.9329512013376877,
      "unit": "ns"
    }
  },
  "memory/deep_template_rendering": {
    "current": {
      "mean": 1459.2177991753742,
      "stddev": 1.974861876150065,
      "unit": "ns"
    },
    "new": {
      "mean": 1459.2177991753742,
      "stddev": 1.974861876150065,
      "unit": "ns"
    }
  },
  "memory/large_data_validation": {
    "current": {
      "mean": 106772.78943819608,
      "stddev": 202.15048022519076,
      "unit": "ns"
    },
    "new": {
      "mean": 106772.78943819608,
      "stddev": 202.15048022519076,
      "unit": "ns"
    }
  },
  "memory/large_spec_parsing": {
    "current": {
      "mean": 7596821.333587302,
      "stddev": 141652.91821328,
      "unit": "ns"
    },
    "new": {
      "mean": 7596821.333587302,
      "stddev": 141652.91821328,
      "unit": "ns"
    }
  },
  "openapi_parsing/medium_spec_10_paths": {
    "current": {
      "mean": 172062.17420200442,
      "stddev": 3444.3760333474247,
      "unit": "ns"
    },
    "new": {
      "mean": 172062.17420200442,
      "stddev": 3444.3760333474247,
      "unit": "ns"
    }
  },
  "openapi_parsing/small_spec": {
    "current": {
      "mean": 25275.361648949496,
      "stddev": 638.3552134954938,
      "unit": "ns"
    },
    "new": {
      "mean": 25275.361648949496,
      "stddev": 638.3552134954938,
      "unit": "ns"
    }
  },
  "template_rendering/arrays": {
    "current": {
      "mean": 310.6270998568117,
      "stddev": 3.794338116369526,
      "unit": "ns"
    },
    "new": {
      "mean": 310.6270998568117,
      "stddev": 3.794338116369526,
      "unit": "ns"
    }
  },
  "template_rendering/complex": {
    "current": {
      "mean": 380.4325107068526,
      "stddev": 3.4318379618595714,
      "unit": "ns"
    },
    "new": {
      "mean": 380.4325107068526,
      "stddev": 3.4318379618595714,
      "unit": "ns"
    }
  },
  "template_rendering/simple": {
    "current": {
      "mean": 1225.7133745236742,
      "stddev": 27.0342197656118,
      "unit": "ns"
    },
    "new": {
      "mean": 1225.7133745236742,
      "stddev": 27.0342197656118,
      "unit": "ns"
    }
  }
}