{
  "data_generation/generate_single_record": {
    "current": {
      "mean": 790.2074343894974,
      "stddev": 5.564403420134104,
      "unit": "ns"
    },
    "new": {
      "mean": 790.2074343894974,
      "stddev": 5.564403420134104,
      "unit": "ns"
    }
  },
  "encryption/aes256_gcm": {
    "current": {
      "mean": 1102.4891913150723,
      "stddev": 5.352686670920499,
      "unit": "ns"
    },
    "new": {
      "mean": 1102.4891913150723,
      "stddev": 5.352686670920499,
      "unit": "ns"
    }
  },
  "encryption/chacha20_poly1305": {
    "current": {
      "mean": 4120.240989020161,
      "stddev": 10.228148513095404,
      "unit": "ns"
    },
    "new": {
      "mean": 4120.240989020161,
      "stddev": 10.228148513095404,
      "unit": "ns"
    }
  },
  "json_validation/complex": {
    "current": {
      "mean": 581.3399033736497,
      "stddev": 10.006445807635394,
      "unit": "ns"
    },
    "new": {
      "mean": 581.3399033736497,
      "stddev": 10.006445807635394,
      "unit": "ns"
    }
  },
  "json_validation/simple": {
    "current": {
      "mean": 100.27769591264912,
      "stddev": 1.0970437406003262,
      "unit": "ns"
    },
    "new": {
      "mean": 100.27769591264912,
      "stddev": 1.0970437406003262,
      "unit": "ns"
    }
  },
  "memory/deep_template_rendering": {
    "current": {
      "mean": 1508.1793080976638,
      "stddev": 3.1597235538212405,
      "unit": "ns"
    },
    "new": {
      "mean": 1508.1793080976638,
      "stddev": 3.1597235538212405,
      "unit": "ns"
    }
  },
  "memory/large_data_validation": {
    "current": {
      "mean": 105249.81540311388,
      "stddev": 1400.1573147047436,
      "unit": "ns"
    },
    "new": {
      "mean": 105249.81540311388,
      "stddev": 1400.1573147047436,
      "unit": "ns"
    }
  },
  "memory/large_spec_parsing": {
    "current": {
      "mean": 6944267.634262566,
      "stddev": 29100.912196131587,
      "unit": "ns"
    },
    "new": {
      "mean": 6944267.634262566,
      "stddev": 29100.912196131587,
      "unit": "ns"
    }
  },
  "openapi_parsing/medium_spec_10_paths": {
    "current": {
      "mean": 168693.81624569374,
      "stddev": 2110.7668247789325,
      "unit": "ns"
    },
    "new": {
      "mean": 168693.81624569374,
      "stddev": 2110.7668247789325,
      "unit": "ns"
    }
  },
  "openapi_parsing/small_spec": {
    "current": {
      "mean": 24302.26341365861,
      "stddev": 250.8308043579228,
      "unit": "ns"
    },
    "new": {
      "mean": 24302.26341365861,
      "stddev": 250.8308043579228,
      "unit": "ns"
    }
  },
  "template_rendering/arrays": {
    "current": {
      "mean": 315.5782291494159,
      "stddev": 2.0803730286396624,
      "unit": "ns"
    },
    "new": {
      "mean": 315.5782291494159,
      "stddev": 2.0803730286396624,
      "unit": "ns"
    }
  },
  "template_rendering/complex": {
    "current": {
      "mean": 390.79046827855257,
      "stddev": 6.941544734323329,
      "unit": "ns"
    },
    "new": {
      "mean": 390.79046827855257,
      "stddev": 6.941544734323329,
      "unit": "ns"
    }
  },
  "template_rendering/simple": {
    "current": {
      "mean": 907.3006846506703,
      "stddev": 14.969768511199426,
      "unit": "ns"
    },
    "new": {
      "mean": 907.3006846506703,
      "stddev": 14.969768511199426,
      "unit": "ns"
    }
  }
}