{
  "data_generation/generate_single_record": {
    "current": {
      "mean": 750.0218766239747,
      "stddev": 12.73178008819035,
      "unit": "ns"
    },
    "new": {
      "mean": 750.0218766239747,
      "stddev": 12.73178008819035,
      "unit": "ns"
    }
  },
  "encryption/aes256_gcm": {
    "current": {
      "mean": 1139.9143483478329,
      "stddev": 11.274756765661744,
      "unit": "ns"
    },
    "new": {
      "mean": 1139.9143483478329,
      "stddev": 11.274756765661744,
      "unit": "ns"
    }
  },
  "encryption/chacha20_poly1305": {
    "current": {
      "mean": 4198.137704866945,
      "stddev": 72.65037329028952,
      "unit": "ns"
    },
    "new": {
      "mean": 4198.137704866945,
      "stddev": 72.65037329028952,
      "unit": "ns"
    }
  },
  "json_validation/complex": {
    "current": {
      "mean": 574.1980470962883,
      "stddev": 11.226887062341529,
      "unit": "ns"
    },
    "new": {
      "mean": 574.1980470962883,
      "stddev": 11.226887062341529,
      "unit": "ns"
    }
  },
  "json_validation/simple": {
    "current": {
      "mean": 105.7205761102725,
      "stddev": 2.681357619807034,
      "unit": "ns"
    },
    "new": {
      "mean": 105.7205761102725,
      "stddev": 2.681357619807034,
      "unit": "ns"
    }
  },
  "memory/deep_template_rendering": {
    "current": {
      "mean": 1500.3733974785532,
      "stddev": 20.165648103739,
      "unit": "ns"
    },
    "new": {
      "mean": 1500.3733974785532,
      "stddev": 20.165648103739,
      "unit": "ns"
    }
  },
  "memory/large_data_validation": {
    "current": {
      "mean": 104340.90885084162,
      "stddev": 383.92660365448467,
      "unit": "ns"
    },
    "new": {
      "mean": 104340.90885084162,
      "stddev": 383.92660365448467,
      "unit": "ns"
    }
  },
  "memory/large_spec_parsing": {
    "current": {
      "mean": 7234845.5231746035,
      "stddev": 26683.385267661117,
      "unit": "ns"
    },
    "new": {
      "mean": 7234845.5231746035,
      "stddev": 26683.385267661117,
      "unit": "ns"
    }
  },
  "openapi_parsing/medium_spec_10_paths": {
    "current": {
      "mean": 173458.9999368228,
      "stddev": 4446.698395400144,
      "unit": "ns"
    },
    "new": {
      "mean": 173458.9999368228,
      "stddev": 4446.698395400144,
      "unit": "ns"
    }
  },
  "openapi_parsing/small_spec": {
    "current": {
      "mean": 24536.001614828558,
      "stddev": 456.0327865124562,
      "unit": "ns"
    },
    "new": {
      "mean": 24536.001614828558,
      "stddev": 456.0327865124562,
      "unit": "ns"
    }
  },
  "template_rendering/arrays": {
    "current": {
      "mean": 322.77367031192074,
      "stddev": 2.5394459852925015,
      "unit": "ns"
    },
    "new": {
      "mean": 322.77367031192074,
      "stddev": 2.5394459852925015,
      "unit": "ns"
    }
  },
  "template_rendering/complex": {
    "current": {
      "mean": 389.43850715748124,
      "stddev": 11.332383646527592,
      "unit": "ns"
    },
    "new": {
      "mean": 389.43850715748124,
      "stddev": 11.332383646527592,
      "unit": "ns"
    }
  },
  "template_rendering/simple": {
    "current": {
      "mean": 912.5356216288618,
      "stddev": 35.19914081028048,
      "unit": "ns"
    },
    "new": {
      "mean": 912.5356216288618,
      "stddev": 35.19914081028048,
      "unit": "ns"
    }
  }
}