{
  "data_generation/generate_single_record": {
    "current": {
      "mean": 764.4856375672139,
      "stddev": 5.2038391385723255,
      "unit": "ns"
    },
    "new": {
      "mean": 764.4856375672139,
      "stddev": 5.2038391385723255,
      "unit": "ns"
    }
  },
  "encryption/aes256_gcm": {
    "current": {
      "mean": 1095.472656827954,
      "stddev": 10.703527775331635,
      "unit": "ns"
    },
    "new": {
      "mean": 1095.472656827954,
      "stddev": 10.703527775331635,
      "unit": "ns"
    }
  },
  "encryption/chacha20_poly1305": {
    "current": {
      "mean": 4174.009577541357,
      "stddev": 13.648268084532742,
      "unit": "ns"
    },
    "new": {
      "mean": 4174.009577541357,
      "stddev": 13.648268084532742,
      "unit": "ns"
    }
  },
  "json_validation/complex": {
    "current": {
      "mean": 582.5582180622177,
      "stddev": 8.765864774747756,
      "unit": "ns"
    },
    "new": {
      "mean": 582.5582180622177,
      "stddev": 8.765864774747756,
      "unit": "ns"
    }
  },
  "json_validation/simple": {
    "current": {
      "mean": 100.552624213039,
      "stddev": 0.8287480163543997,
      "unit": "ns"
    },
    "new": {
      "mean": 100.552624213039,
      "stddev": 0.8287480163543997,
      "unit": "ns"
    }
  },
  "memory/deep_template_rendering": {
    "current": {
      "mean": 1454.3094286576413,
      "stddev": 0.7641723661636505,
      "unit": "ns"
    },
    "new": {
      "mean": 1454.3094286576413,
      "stddev": 0.7641723661636505,
      "unit": "ns"
    }
  },
  "memory/large_data_validation": {
    "current": {
      "mean": 104099.09734583604,
      "stddev": 339.2479423783869,
      "unit": "ns"
    },
    "new": {
      "mean": 104099.09734583604,
      "stddev": 339.2479423783869,
      "unit": "ns"
    }
  },
  "memory/large_spec_parsing": {
    "current": {
      "mean": 6978079.037794312,
      "stddev": 17853.00102409507,
      "unit": "ns"
    },
    "new": {
      "mean": 6978079.037794312,
      "stddev": 17853.00102409507,
      "unit": "ns"
    }
  },
  "openapi_parsing/medium_spec_10_paths": {
    "current": {
      "mean": 172305.23621743786,
      "stddev": 1790.2420176173582,
      "unit": "ns"
    },
    "new": {
      "mean": 172305.23621743786,
      "stddev": 1790.2420176173582,
      "unit": "ns"
    }
  },
  "openapi_parsing/small_spec": {
    "current": {
      "mean": 24095.523227553167,
      "stddev": 528.7206607529529,
      "unit": "ns"
    },
    "new": {
      "mean": 24095.523227553167,
      "stddev": 528.7206607529529,
      "unit": "ns"
    }
  },
  "template_rendering/arrays": {
    "current": {
      "mean": 310.5264403867962,
      "stddev": 4.8735901938220945,
      "unit": "ns"
    },
    "new": {
      "mean": 310.5264403867962,
      "stddev": 4.8735901938220945,
      "unit": "ns"
    }
  },
  "template_rendering/complex": {
    "current": {
      "mean": 365.42024201254515,
      "stddev": 3.666722104548155,
      "unit": "ns"
    },
    "new": {
      "mean": 365.42024201254515,
      "stddev": 3.666722104548155,
      "unit": "ns"
    }
  },
  "template_rendering/simple": {
    "current": {
      "mean": 918.277951379217,
      "stddev": 7.925149029993902,
      "unit": "ns"
    },
    "new": {
      "mean": 918.277951379217,
      "stddev": 7.925149029993902,
      "unit": "ns"
    }
  }
}