{
  "data_generation/generate_single_record": {
    "current": {
      "mean": 770.77749407999,
      "stddev": 10.885904988343048,
      "unit": "ns"
    },
    "new": {
      "mean": 770.77749407999,
      "stddev": 10.885904988343048,
      "unit": "ns"
    }
  },
  "encryption/aes256_gcm": {
    "current": {
      "mean": 1116.3088514350668,
      "stddev": 9.20617631142011,
      "unit": "ns"
    },
    "new": {
      "mean": 1116.3088514350668,
      "stddev": 9.20617631142011,
      "unit": "ns"
    }
  },
  "encryption/chacha20_poly1305": {
    "current": {
      "mean": 4141.994601875919,
      "stddev": 21.521382706074437,
      "unit": "ns"
    },
    "new": {
      "mean": 4141.994601875919,
      "stddev": 21.521382706074437,
      "unit": "ns"
    }
  },
  "json_validation/complex": {
    "current": {
      "mean": 566.2408552933401,
      "stddev": 3.7949276595534474,
      "unit": "ns"
    },
    "new": {
      "mean": 566.2408552933401,
      "stddev": 3.7949276595534474,
      "unit": "ns"
    }
  },
  "json_validation/simple": {
    "current": {
      "mean": 99.72031073768994,
      "stddev": 0.6807492155641947,
      "unit": "ns"
    },
    "new": {
      "mean": 99.72031073768994,
      "stddev": 0.6807492155641947,
      "unit": "ns"
    }
  },
  "memory/deep_template_rendering": {
    "current": {
      "mean": 1458.1186732227704,
      "stddev": 0.8305788312004917,
      "unit": "ns"
    },
    "new": {
      "mean": 1458.1186732227704,
      "stddev": 0.8305788312004917,
      "unit": "ns"
    }
  },
  "memory/large_data_validation": {
    "current": {
      "mean": 105768.95233879639,
      "stddev": 269.2648342455297,
      "unit": "ns"
    },
    "new": {
      "mean": 105768.95233879639,
      "stddev": 269.2648342455297,
      "unit": "ns"
    }
  },
  "memory/large_spec_parsing": {
    "current": {
      "mean": 6922843.6358630955,
      "stddev": 15290.564276415698,
      "unit": "ns"
    },
    "new": {
      "mean": 6922843.6358630955,
      "stddev": 15290.564276415698,
      "unit": "ns"
    }
  },
  "openapi_parsing/medium_spec_10_paths": {
    "current": {
      "mean": 174594.12026625974,
      "stddev": 1184.1630796052596,
      "unit": "ns"
    },
    "new": {
      "mean": 174594.12026625974,
      "stddev": 1184.1630796052596,
      "unit": "ns"
    }
  },
  "openapi_parsing/small_spec": {
    "current": {
      "mean": 24224.425217344924,
      "stddev": 303.62079341475675,
      "unit": "ns"
    },
    "new": {
      "mean": 24224.425217344924,
      "stddev": 303.62079341475675,
      "unit": "ns"
    }
  },
  "template_rendering/arrays": {
    "current": {
      "mean": 344.2576877283591,
      "stddev": 8.626720128203083,
      "unit": "ns"
    },
    "new": {
      "mean": 344.2576877283591,
      "stddev": 8.626720128203083,
      "unit": "ns"
    }
  },
  "template_rendering/complex": {
    "current": {
      "mean": 420.74537919282005,
      "stddev": 2.4996086645620124,
      "unit": "ns"
    },
    "new": {
      "mean": 420.74537919282005,
      "stddev": 2.4996086645620124,
      "unit": "ns"
    }
  },
  "template_rendering/simple": {
    "current": {
      "mean": 915.0054163948946,
      "stddev": 12.77817287919418,
      "unit": "ns"
    },
    "new": {
      "mean": 915.0054163948946,
      "stddev": 12.77817287919418,
      "unit": "ns"
    }
  }
}