{
  "data_generation/generate_single_record": {
    "current": {
      "mean": 791.4369835409474,
      "stddev": 11.337747669459144,
      "unit": "ns"
    },
    "new": {
      "mean": 791.4369835409474,
      "stddev": 11.337747669459144,
      "unit": "ns"
    }
  },
  "encryption/aes256_gcm": {
    "current": {
      "mean": 1083.3679143891602,
      "stddev": 12.726281620455678,
      "unit": "ns"
    },
    "new": {
      "mean": 1083.3679143891602,
      "stddev": 12.726281620455678,
      "unit": "ns"
    }
  },
  "encryption/chacha20_poly1305": {
    "current": {
      "mean": 4131.098350730075,
      "stddev": 15.699868441549611,
      "unit": "ns"
    },
    "new": {
      "mean": 4131.098350730075,
      "stddev": 15.699868441549611,
      "unit": "ns"
    }
  },
  "json_validation/complex": {
    "current": {
      "mean": 612.9428048674154,
      "stddev": 8.23165167214713,
      "unit": "ns"
    },
    "new": {
      "mean": 612.9428048674154,
      "stddev": 8.23165167214713,
      "unit": "ns"
    }
  },
  "json_validation/simple": {
    "current": {
      "mean": 108.55317883747941,
      "stddev": 1.0737585392556332,
      "unit": "ns"
    },
    "new": {
      "mean": 108.55317883747941,
      "stddev": 1.0737585392556332,
      "unit": "ns"
    }
  },
  "memory/deep_template_rendering": {
    "current": {
      "mean": 1462.7963164831226,
      "stddev": 5.930421703765483,
      "unit": "ns"
    },
    "new": {
      "mean": 1462.7963164831226,
      "stddev": 5.930421703765483,
      "unit": "ns"
    }
  },
  "memory/large_data_validation": {
    "current": {
      "mean": 106859.98908488324,
      "stddev": 229.80530187641637,
      "unit": "ns"
    },
    "new": {
      "mean": 106859.98908488324,
      "stddev": 229.80530187641637,
      "unit": "ns"
    }
  },
  "memory/large_spec_parsing": {
    "current": {
      "mean": 7155440.021471861,
      "stddev": 188743.58159499313,
      "unit": "ns"
    },
    "new": {
      "mean": 7155440.021471861,
      "stddev": 188743.58159499313,
      "unit": "ns"
    }
  },
  "openapi_parsing/medium_spec_10_paths": {
    "current": {
      "mean": 168400.46794382692,
      "stddev": 3015.7072039239342,
      "unit": "ns"
    },
    "new": {
      "mean": 168400.46794382692,
      "stddev": 3015.7072039239342,
      "unit": "ns"
    }
  },
  "openapi_parsing/small_spec": {
    "current": {
      "mean": 24608.20118658077,
      "stddev": 495.2204142369228,
      "unit": "ns"
    },
    "new": {
      "mean": 24608.20118658077,
      "stddev": 495.2204142369228,
      "unit": "ns"
    }
  },
  "template_rendering/arrays": {
    "current": {
      "mean": 312.291624536434,
      "stddev": 7.665775706275809,
      "unit": "ns"
    },
    "new": {
      "mean": 312.291624536434,
      "stddev": 7.665775706275809,
      "unit": "ns"
    }
  },
  "template_rendering/complex": {
    "current": {
      "mean": 374.3635920028418,
      "stddev": 8.916644466169927,
      "unit": "ns"
    },
    "new": {
      "mean": 374.3635920028418,
      "stddev": 8.916644466169927,
      "unit": "ns"
    }
  },
  "template_rendering/simple": {
    "current": {
      "mean": 1216.4479328907964,
      "stddev": 47.33435489559983,
      "unit": "ns"
    },
    "new": {
      "mean": 1216.4479328907964,
      "stddev": 47.33435489559983,
      "unit": "ns"
    }
  }
}