{
  "data_generation/generate_single_record": {
    "current": {
      "mean": 770.3884065103459,
      "stddev": 14.495904709492434,
      "unit": "ns"
    },
    "new": {
      "mean": 770.3884065103459,
      "stddev": 14.495904709492434,
      "unit": "ns"
    }
  },
  "encryption/aes256_gcm": {
    "current": {
      "mean": 1107.36771642679,
      "stddev": 14.177530120739352,
      "unit": "ns"
    },
    "new": {
      "mean": 1107.36771642679,
      "stddev": 14.177530120739352,
      "unit": "ns"
    }
  },
  "encryption/chacha20_poly1305": {
    "current": {
      "mean": 4212.900062016489,
      "stddev": 51.37664924960075,
      "unit": "ns"
    },
    "new": {
      "mean": 4212.900062016489,
      "stddev": 51.37664924960075,
      "unit": "ns"
    }
  },
  "json_validation/complex": {
    "current": {
      "mean": 583.8008179228185,
      "stddev": 18.755306332982844,
      "unit": "ns"
    },
    "new": {
      "mean": 583.8008179228185,
      "stddev": 18.755306332982844,
      "unit": "ns"
    }
  },
  "json_validation/simple": {
    "current": {
      "mean": 102.31904612996335,
      "stddev": 1.951099836011407,
      "unit": "ns"
    },
    "new": {
      "mean": 102.31904612996335,
      "stddev": 1.951099836011407,
      "unit": "ns"
    }
  },
  "memory/deep_template_rendering": {
    "current": {
      "mean": 1450.2154861456509,
      "stddev": 1.5328722607581735,
      "unit": "ns"
    },
    "new": {
      "mean": 1450.2154861456509,
      "stddev": 1.5328722607581735,
      "unit": "ns"
    }
  },
  "memory/large_data_validation": {
    "current": {
      "mean": 105379.8400598017,
      "stddev": 359.9304271617971,
      "unit": "ns"
    },
    "new": {
      "mean": 105379.8400598017,
      "stddev": 359.9304271617971,
      "unit": "ns"
    }
  },
  "memory/large_spec_parsing": {
    "current": {
      "mean": 7525350.701540405,
      "stddev": 179628.97428754423,
      "unit": "ns"
    },
    "new": {
      "mean": 7525350.701540405,
      "stddev": 179628.97428754423,
      "unit": "ns"
    }
  },
  "openapi_parsing/medium_spec_10_paths": {
    "current": {
      "mean": 171257.73988457944,
      "stddev": 4539.705941098736,
      "unit": "ns"
    },
    "new": {
      "mean": 171257.73988457944,
      "stddev": 4539.705941098736,
      "unit": "ns"
    }
  },
  "openapi_parsing/small_spec": {
    "current": {
      "mean": 24231.29887219157,
      "stddev": 414.8956185602374,
      "unit": "ns"
    },
    "new": {
      "mean": 24231.29887219157,
      "stddev": 414.8956185602374,
      "unit": "ns"
    }
  },
  "template_rendering/arrays": {
    "current": {
      "mean": 305.6830208815818,
      "stddev": 3.4145552892587285,
      "unit": "ns"
    },
    "new": {
      "mean": 305.6830208815818,
      "stddev": 3.4145552892587285,
      "unit": "ns"
    }
  },
  "template_rendering/complex": {
    "current": {
      "mean": 368.86535430425397,
      "stddev": 9.051799790365632,
      "unit": "ns"
    },
    "new": {
      "mean": 368.86535430425397,
      "stddev": 9.051799790365632,
      "unit": "ns"
    }
  },
  "template_rendering/simple": {
    "current": {
      "mean": 1210.27291976417,
      "stddev": 33.59529345407883,
      "unit": "ns"
    },
    "new": {
      "mean": 1210.27291976417,
      "stddev": 33.59529345407883,
      "unit": "ns"
    }
  }
}