{
  "data_generation/generate_single_record": {
    "current": {
      "mean": 788.0135695260715,
      "stddev": 29.115666350998723,
      "unit": "ns"
    },
    "new": {
      "mean": 788.0135695260715,
      "stddev": 29.115666350998723,
      "unit": "ns"
    }
  },
  "encryption/aes256_gcm": {
    "current": {
      "mean": 1159.7964830399403,
      "stddev": 90.7797982746109,
      "unit": "ns"
    },
    "new": {
      "mean": 1159.7964830399403,
      "stddev": 90.7797982746109,
      "unit": "ns"
    }
  },
  "encryption/chacha20_poly1305": {
    "current": {
      "mean": 4379.2391810489535,
      "stddev": 211.61311285272143,
      "unit": "ns"
    },
    "new": {
      "mean": 4379.2391810489535,
      "stddev": 211.61311285272143,
      "unit": "ns"
    }
  },
  "json_validation/complex": {
    "current": {
      "mean": 644.1620056586339,
      "stddev": 132.84426862284815,
      "unit": "ns"
    },
    "new": {
      "mean": 644.1620056586339,
      "stddev": 132.84426862284815,
      "unit": "ns"
    }
  },
  "json_validation/simple": {
    "current": {
      "mean": 102.72490597603884,
      "stddev": 4.921361578875248,
      "unit": "ns"
    },
    "new": {
      "mean": 102.72490597603884,
      "stddev": 4.921361578875248,
      "unit": "ns"
    }
  },
  "memory/deep_template_rendering": {
    "current": {
      "mean": 1705.6724525983195,
      "stddev": 96.27106769449063,
      "unit": "ns"
    },
    "new": {
      "mean": 1705.6724525983195,
      "stddev": 96.27106769449063,
      "unit": "ns"
    }
  },
  "memory/large_data_validation": {
    "current": {
      "mean": 112892.00985530252,
      "stddev": 3363.8374358050137,
      "unit": "ns"
    },
    "new": {
      "mean": 112892.00985530252,
      "stddev": 3363.8374358050137,
      "unit": "ns"
    }
  },
  "memory/large_spec_parsing": {
    "current": {
      "mean": 7727371.225988096,
      "stddev": 252871.23738509364,
      "unit": "ns"
    },
    "new": {
      "mean": 7727371.225988096,
      "stddev": 252871.23738509364,
      "unit": "ns"
    }
  },
  "openapi_parsing/medium_spec_10_paths": {
    "current": {
      "mean": 178508.1492248735,
      "stddev": 6963.379084874251,
      "unit": "ns"
    },
    "new": {
      "mean": 178508.1492248735,
      "stddev": 6963.379084874251,
      "unit": "ns"
    }
  },
  "openapi_parsing/small_spec": {
    "current": {
      "mean": 26634.222502700373,
      "stddev": 4045.483291787611,
      "unit": "ns"
    },
    "new": {
      "mean": 26634.222502700373,
      "stddev": 4045.483291787611,
      "unit": "ns"
    }
  },
  "template_rendering/arrays": {
    "current": {
      "mean": 352.4458717615746,
      "stddev": 41.69730040809605,
      "unit": "ns"
    },
    "new": {
      "mean": 352.4458717615746,
      "stddev": 41.69730040809605,
      "unit": "ns"
    }
  },
  "template_rendering/complex": {
    "current": {
      "mean": 431.8052608974179,
      "stddev": 25.33907726893258,
      "unit": "ns"
    },
    "new": {
      "mean": 431.8052608974179,
      "stddev": 25.33907726893258,
      "unit": "ns"
    }
  },
  "template_rendering/simple": {
    "current": {
      "mean": 743.8120788563238,
      "stddev": 64.70219510878282,
      "unit": "ns"
    },
    "new": {
      "mean": 743.8120788563238,
      "stddev": 64.70219510878282,
      "unit": "ns"
    }
  }
}