{
  "data_generation/generate_single_record": {
    "current": {
      "mean": 764.3354475501499,
      "stddev": 58.872780608100776,
      "unit": "ns"
    },
    "new": {
      "mean": 764.3354475501499,
      "stddev": 58.872780608100776,
      "unit": "ns"
    }
  },
  "encryption/aes256_gcm": {
    "current": {
      "mean": 1096.472661354397,
      "stddev": 12.798103568493703,
      "unit": "ns"
    },
    "new": {
      "mean": 1096.472661354397,
      "stddev": 12.798103568493703,
      "unit": "ns"
    }
  },
  "encryption/chacha20_poly1305": {
    "current": {
      "mean": 4210.866306558571,
      "stddev": 23.03272237580697,
      "unit": "ns"
    },
    "new": {
      "mean": 4210.866306558571,
      "stddev": 23.03272237580697,
      "unit": "ns"
    }
  },
  "json_validation/complex": {
    "current": {
      "mean": 590.7448139192119,
      "stddev": 4.216769590087627,
      "unit": "ns"
    },
    "new": {
      "mean": 590.7448139192119,
      "stddev": 4.216769590087627,
      "unit": "ns"
    }
  },
  "json_validation/simple": {
    "current": {
      "mean": 101.7683826673464,
      "stddev": 1.999512427856065,
      "unit": "ns"
    },
    "new": {
      "mean": 101.7683826673464,
      "stddev": 1.999512427856065,
      "unit": "ns"
    }
  },
  "memory/deep_template_rendering": {
    "current": {
      "mean": 1447.055730203247,
      "stddev": 11.581526712628747,
      "unit": "ns"
    },
    "new": {
      "mean": 1447.055730203247,
      "stddev": 11.581526712628747,
      "unit": "ns"
    }
  },
  "memory/large_data_validation": {
    "current": {
      "mean": 107464.45432376154,
      "stddev": 2068.4918268269016,
      "unit": "ns"
    },
    "new": {
      "mean": 107464.45432376154,
      "stddev": 2068.4918268269016,
      "unit": "ns"
    }
  },
  "memory/large_spec_parsing": {
    "current": {
      "mean": 7027527.52671627,
      "stddev": 11875.260602019727,
      "unit": "ns"
    },
    "new": {
      "mean": 7027527.52671627,
      "stddev": 11875.260602019727,
      "unit": "ns"
    }
  },
  "openapi_parsing/medium_spec_10_paths": {
    "current": {
      "mean": 178841.245079545,
      "stddev": 3706.742633036942,
      "unit": "ns"
    },
    "new": {
      "mean": 178841.245079545,
      "stddev": 3706.742633036942,
      "unit": "ns"
    }
  },
  "openapi_parsing/small_spec": {
    "current": {
      "mean": 24252.52404457587,
      "stddev": 625.5296625971796,
      "unit": "ns"
    },
    "new": {
      "mean": 24252.52404457587,
      "stddev": 625.5296625971796,
      "unit": "ns"
    }
  },
  "template_rendering/arrays": {
    "current": {
      "mean": 308.15440868959445,
      "stddev": 2.7916449787475752,
      "unit": "ns"
    },
    "new": {
      "mean": 308.15440868959445,
      "stddev": 2.7916449787475752,
      "unit": "ns"
    }
  },
  "template_rendering/complex": {
    "current": {
      "mean": 373.80089850208947,
      "stddev": 12.565135996916466,
      "unit": "ns"
    },
    "new": {
      "mean": 373.80089850208947,
      "stddev": 12.565135996916466,
      "unit": "ns"
    }
  },
  "template_rendering/simple": {
    "current": {
      "mean": 921.3886543132129,
      "stddev": 7.697859627454881,
      "unit": "ns"
    },
    "new": {
      "mean": 921.3886543132129,
      "stddev": 7.697859627454881,
      "unit": "ns"
    }
  }
}