{
  "data_generation/generate_single_record": {
    "current": {
      "mean": 771.7129072842451,
      "stddev": 11.096987734723367,
      "unit": "ns"
    },
    "new": {
      "mean": 771.7129072842451,
      "stddev": 11.096987734723367,
      "unit": "ns"
    }
  },
  "encryption/aes256_gcm": {
    "current": {
      "mean": 1110.5036019869053,
      "stddev": 10.372682683036109,
      "unit": "ns"
    },
    "new": {
      "mean": 1110.5036019869053,
      "stddev": 10.372682683036109,
      "unit": "ns"
    }
  },
  "encryption/chacha20_poly1305": {
    "current": {
      "mean": 4175.221453298366,
      "stddev": 13.630473159474656,
      "unit": "ns"
    },
    "new": {
      "mean": 4175.221453298366,
      "stddev": 13.630473159474656,
      "unit": "ns"
    }
  },
  "json_validation/complex": {
    "current": {
      "mean": 587.67356442188,
      "stddev": 8.359105344933976,
      "unit": "ns"
    },
    "new": {
      "mean": 587.67356442188,
      "stddev": 8.359105344933976,
      "unit": "ns"
    }
  },
  "json_validation/simple": {
    "current": {
      "mean": 107.2477963745104,
      "stddev": 3.892440149240658,
      "unit": "ns"
    },
    "new": {
      "mean": 107.2477963745104,
      "stddev": 3.892440149240658,
      "unit": "ns"
    }
  },
  "memory/deep_template_rendering": {
    "current": {
      "mean": 1444.272867637816,
      "stddev": 2.4140193762559137,
      "unit": "ns"
    },
    "new": {
      "mean": 1444.272867637816,
      "stddev": 2.4140193762559137,
      "unit": "ns"
    }
  },
  "memory/large_data_validation": {
    "current": {
      "mean": 104749.1707277669,
      "stddev": 246.25939465598142,
      "unit": "ns"
    },
    "new": {
      "mean": 104749.1707277669,
      "stddev": 246.25939465598142,
      "unit": "ns"
    }
  },
  "memory/large_spec_parsing": {
    "current": {
      "mean": 7049572.645429896,
      "stddev": 10841.283274495801,
      "unit": "ns"
    },
    "new": {
      "mean": 7049572.645429896,
      "stddev": 10841.283274495801,
      "unit": "ns"
    }
  },
  "openapi_parsing/medium_spec_10_paths": {
    "current": {
      "mean": 176214.58925664998,
      "stddev": 1444.754151540499,
      "unit": "ns"
    },
    "new": {
      "mean": 176214.58925664998,
      "stddev": 1444.754151540499,
      "unit": "ns"
    }
  },
  "openapi_parsing/small_spec": {
    "current": {
      "mean": 24760.84503184855,
      "stddev": 262.77855990100994,
      "unit": "ns"
    },
    "new": {
      "mean": 24760.84503184855,
      "stddev": 262.77855990100994,
      "unit": "ns"
    }
  },
  "template_rendering/arrays": {
    "current": {
      "mean": 317.25980995884345,
      "stddev": 4.4916147960966395,
      "unit": "ns"
    },
    "new": {
      "mean": 317.25980995884345,
      "stddev": 4.4916147960966395,
      "unit": "ns"
    }
  },
  "template_rendering/complex": {
    "current": {
      "mean": 374.22271823702033,
      "stddev": 2.039051948566113,
      "unit": "ns"
    },
    "new": {
      "mean": 374.22271823702033,
      "stddev": 2.039051948566113,
      "unit": "ns"
    }
  },
  "template_rendering/simple": {
    "current": {
      "mean": 917.3345048052574,
      "stddev": 38.26732422580346,
      "unit": "ns"
    },
    "new": {
      "mean": 917.3345048052574,
      "stddev": 38.26732422580346,
      "unit": "ns"
    }
  }
}