{
  "data_generation/generate_single_record": {
    "current": {
      "mean": 765.1541204420475,
      "stddev": 14.631993182542715,
      "unit": "ns"
    },
    "new": {
      "mean": 765.1541204420475,
      "stddev": 14.631993182542715,
      "unit": "ns"
    }
  },
  "encryption/aes256_gcm": {
    "current": {
      "mean": 1098.198908469274,
      "stddev": 12.121214925680164,
      "unit": "ns"
    },
    "new": {
      "mean": 1098.198908469274,
      "stddev": 12.121214925680164,
      "unit": "ns"
    }
  },
  "encryption/chacha20_poly1305": {
    "current": {
      "mean": 4115.38005658885,
      "stddev": 8.349513731807974,
      "unit": "ns"
    },
    "new": {
      "mean": 4115.38005658885,
      "stddev": 8.349513731807974,
      "unit": "ns"
    }
  },
  "json_validation/complex": {
    "current": {
      "mean": 601.7511429840331,
      "stddev": 13.009190245962259,
      "unit": "ns"
    },
    "new": {
      "mean": 601.7511429840331,
      "stddev": 13.009190245962259,
      "unit": "ns"
    }
  },
  "json_validation/simple": {
    "current": {
      "mean": 105.30085855397647,
      "stddev": 0.868097178540655,
      "unit": "ns"
    },
    "new": {
      "mean": 105.30085855397647,
      "stddev": 0.868097178540655,
      "unit": "ns"
    }
  },
  "memory/deep_template_rendering": {
    "current": {
      "mean": 1445.4016539169575,
      "stddev": 21.020622557588084,
      "unit": "ns"
    },
    "new": {
      "mean": 1445.4016539169575,
      "stddev": 21.020622557588084,
      "unit": "ns"
    }
  },
  "memory/large_data_validation": {
    "current": {
      "mean": 105893.26526207919,
      "stddev": 384.4670072866006,
      "unit": "ns"
    },
    "new": {
      "mean": 105893.26526207919,
      "stddev": 384.4670072866006,
      "unit": "ns"
    }
  },
  "memory/large_spec_parsing": {
    "current": {
      "mean": 6827030.997195768,
      "stddev": 25027.687153859293,
      "unit": "ns"
    },
    "new": {
      "mean": 6827030.997195768,
      "stddev": 25027.687153859293,
      "unit": "ns"
    }
  },
  "openapi_parsing/medium_spec_10_paths": {
    "current": {
      "mean": 167975.52580216638,
      "stddev": 2102.7629110758867,
      "unit": "ns"
    },
    "new": {
      "mean": 167975.52580216638,
      "stddev": 2102.7629110758867,
      "unit": "ns"
    }
  },
  "openapi_parsing/small_spec": {
    "current": {
      "mean": 23951.192676866627,
      "stddev": 313.74413481721416,
      "unit": "ns"
    },
    "new": {
      "mean": 23951.192676866627,
      "stddev": 313.74413481721416,
      "unit": "ns"
    }
  },
  "template_rendering/arrays": {
    "current": {
      "mean": 312.52513265929565,
      "stddev": 2.8169502346017525,
      "unit": "ns"
    },
    "new": {
      "mean": 312.52513265929565,
      "stddev": 2.8169502346017525,
      "unit": "ns"
    }
  },
  "template_rendering/complex": {
    "current": {
      "mean": 368.16678047240634,
      "stddev": 4.580299428790462,
      "unit": "ns"
    },
    "new": {
      "mean": 368.16678047240634,
      "stddev": 4.580299428790462,
      "unit": "ns"
    }
  },
  "template_rendering/simple": {
    "current": {
      "mean": 1214.1023864155882,
      "stddev": 8.276148080064376,
      "unit": "ns"
    },
    "new": {
      "mean": 1214.1023864155882,
      "stddev": 8.276148080064376,
      "unit": "ns"
    }
  }
}