{
  "data_generation/generate_single_record": {
    "current": {
      "mean": 778.739580394936,
      "stddev": 11.303952431465795,
      "unit": "ns"
    },
    "new": {
      "mean": 778.739580394936,
      "stddev": 11.303952431465795,
      "unit": "ns"
    }
  },
  "encryption/aes256_gcm": {
    "current": {
      "mean": 1104.7637246211266,
      "stddev": 6.683489186219502,
      "unit": "ns"
    },
    "new": {
      "mean": 1104.7637246211266,
      "stddev": 6.683489186219502,
      "unit": "ns"
    }
  },
  "encryption/chacha20_poly1305": {
    "current": {
      "mean": 4146.323722351231,
      "stddev": 18.290629688032872,
      "unit": "ns"
    },
    "new": {
      "mean": 4146.323722351231,
      "stddev": 18.290629688032872,
      "unit": "ns"
    }
  },
  "json_validation/complex": {
    "current": {
      "mean": 579.4634009285486,
      "stddev": 6.312485838532603,
      "unit": "ns"
    },
    "new": {
      "mean": 579.4634009285486,
      "stddev": 6.312485838532603,
      "unit": "ns"
    }
  },
  "json_validation/simple": {
    "current": {
      "mean": 103.66694856853495,
      "stddev": 2.5109798380855257,
      "unit": "ns"
    },
    "new": {
      "mean": 103.66694856853495,
      "stddev": 2.5109798380855257,
      "unit": "ns"
    }
  },
  "memory/deep_template_rendering": {
    "current": {
      "mean": 1491.6530604387779,
      "stddev": 12.159238525040388,
      "unit": "ns"
    },
    "new": {
      "mean": 1491.6530604387779,
      "stddev": 12.159238525040388,
      "unit": "ns"
    }
  },
  "memory/large_data_validation": {
    "current": {
      "mean": 105807.63346799016,
      "stddev": 311.7120771540409,
      "unit": "ns"
    },
    "new": {
      "mean": 105807.63346799016,
      "stddev": 311.7120771540409,
      "unit": "ns"
    }
  },
  "memory/large_spec_parsing": {
    "current": {
      "mean": 6985417.811785715,
      "stddev": 40463.06034142884,
      "unit": "ns"
    },
    "new": {
      "mean": 6985417.811785715,
      "stddev": 40463.06034142884,
      "unit": "ns"
    }
  },
  "openapi_parsing/medium_spec_10_paths": {
    "current": {
      "mean": 169949.56868420693,
      "stddev": 6033.373235878128,
      "unit": "ns"
    },
    "new": {
      "mean": 169949.56868420693,
      "stddev": 6033.373235878128,
      "unit": "ns"
    }
  },
  "openapi_parsing/small_spec": {
    "current": {
      "mean": 24843.683835839605,
      "stddev": 318.459088359433,
      "unit": "ns"
    },
    "new": {
      "mean": 24843.683835839605,
      "stddev": 318.459088359433,
      "unit": "ns"
    }
  },
  "template_rendering/arrays": {
    "current": {
      "mean": 323.4557835323236,
      "stddev": 18.553670940357115,
      "unit": "ns"
    },
    "new": {
      "mean": 323.4557835323236,
      "stddev": 18.553670940357115,
      "unit": "ns"
    }
  },
  "template_rendering/complex": {
    "current": {
      "mean": 377.88497362550487,
      "stddev": 25.035956342005726,
      "unit": "ns"
    },
    "new": {
      "mean": 377.88497362550487,
      "stddev": 25.035956342005726,
      "unit": "ns"
    }
  },
  "template_rendering/simple": {
    "current": {
      "mean": 1217.7682500434976,
      "stddev": 37.08356921291612,
      "unit": "ns"
    },
    "new": {
      "mean": 1217.7682500434976,
      "stddev": 37.08356921291612,
      "unit": "ns"
    }
  }
}