{
  "data_generation/generate_single_record": {
    "current": {
      "mean": 778.2076018696592,
      "stddev": 4.22723192270935,
      "unit": "ns"
    },
    "new": {
      "mean": 778.2076018696592,
      "stddev": 4.22723192270935,
      "unit": "ns"
    }
  },
  "encryption/aes256_gcm": {
    "current": {
      "mean": 1094.0425576093696,
      "stddev": 12.883137346407729,
      "unit": "ns"
    },
    "new": {
      "mean": 1094.0425576093696,
      "stddev": 12.883137346407729,
      "unit": "ns"
    }
  },
  "encryption/chacha20_poly1305": {
    "current": {
      "mean": 4132.277311273557,
      "stddev": 42.34932467332842,
      "unit": "ns"
    },
    "new": {
      "mean": 4132.277311273557,
      "stddev": 42.34932467332842,
      "unit": "ns"
    }
  },
  "json_validation/complex": {
    "current": {
      "mean": 608.3239335073039,
      "stddev": 4.843417187701444,
      "unit": "ns"
    },
    "new": {
      "mean": 608.3239335073039,
      "stddev": 4.843417187701444,
      "unit": "ns"
    }
  },
  "json_validation/simple": {
    "current": {
      "mean": 99.87040826531467,
      "stddev": 1.2207609809848974,
      "unit": "ns"
    },
    "new": {
      "mean": 99.87040826531467,
      "stddev": 1.2207609809848974,
      "unit": "ns"
    }
  },
  "memory/deep_template_rendering": {
    "current": {
      "mean": 1433.7839490961674,
      "stddev": 4.577638550022048,
      "unit": "ns"
    },
    "new": {
      "mean": 1433.7839490961674,
      "stddev": 4.577638550022048,
      "unit": "ns"
    }
  },
  "memory/large_data_validation": {
    "current": {
      "mean": 105787.0086134068,
      "stddev": 323.87411637126354,
      "unit": "ns"
    },
    "new": {
      "mean": 105787.0086134068,
      "stddev": 323.87411637126354,
      "unit": "ns"
    }
  },
  "memory/large_spec_parsing": {
    "current": {
      "mean": 6886131.6901157405,
      "stddev": 30743.341273121794,
      "unit": "ns"
    },
    "new": {
      "mean": 6886131.6901157405,
      "stddev": 30743.341273121794,
      "unit": "ns"
    }
  },
  "openapi_parsing/medium_spec_10_paths": {
    "current": {
      "mean": 175391.64581021137,
      "stddev": 1387.2305771516853,
      "unit": "ns"
    },
    "new": {
      "mean": 175391.64581021137,
      "stddev": 1387.2305771516853,
      "unit": "ns"
    }
  },
  "openapi_parsing/small_spec": {
    "current": {
      "mean": 24539.856379719804,
      "stddev": 623.861139599383,
      "unit": "ns"
    },
    "new": {
      "mean": 24539.856379719804,
      "stddev": 623.861139599383,
      "unit": "ns"
    }
  },
  "template_rendering/arrays": {
    "current": {
      "mean": 311.40239013348594,
      "stddev": 17.361893407195996,
      "unit": "ns"
    },
    "new": {
      "mean": 311.40239013348594,
      "stddev": 17.361893407195996,
      "unit": "ns"
    }
  },
  "template_rendering/complex": {
    "current": {
      "mean": 367.4085034663407,
      "stddev": 11.90286153990095,
      "unit": "ns"
    },
    "new": {
      "mean": 367.4085034663407,
      "stddev": 11.90286153990095,
      "unit": "ns"
    }
  },
  "template_rendering/simple": {
    "current": {
      "mean": 952.5478151541134,
      "stddev": 93.64360169570037,
      "unit": "ns"
    },
    "new": {
      "mean": 952.5478151541134,
      "stddev": 93.64360169570037,
      "unit": "ns"
    }
  }
}