{
  "data_generation/generate_single_record": {
    "current": {
      "mean": 762.5796171146067,
      "stddev": 10.986205367454172,
      "unit": "ns"
    },
    "new": {
      "mean": 762.5796171146067,
      "stddev": 10.986205367454172,
      "unit": "ns"
    }
  },
  "encryption/aes256_gcm": {
    "current": {
      "mean": 1101.0016457899108,
      "stddev": 11.960370594072543,
      "unit": "ns"
    },
    "new": {
      "mean": 1101.0016457899108,
      "stddev": 11.960370594072543,
      "unit": "ns"
    }
  },
  "encryption/chacha20_poly1305": {
    "current": {
      "mean": 4190.3978944557375,
      "stddev": 18.38091128332757,
      "unit": "ns"
    },
    "new": {
      "mean": 4190.3978944557375,
      "stddev": 18.38091128332757,
      "unit": "ns"
    }
  },
  "json_validation/complex": {
    "current": {
      "mean": 565.7503161199054,
      "stddev": 6.1607365515230015,
      "unit": "ns"
    },
    "new": {
      "mean": 565.7503161199054,
      "stddev": 6.1607365515230015,
      "unit": "ns"
    }
  },
  "json_validation/simple": {
    "current": {
      "mean": 98.73352277677662,
      "stddev": 1.0717603452647115,
      "unit": "ns"
    },
    "new": {
      "mean": 98.73352277677662,
      "stddev": 1.0717603452647115,
      "unit": "ns"
    }
  },
  "memory/deep_template_rendering": {
    "current": {
      "mean": 1460.746793128933,
      "stddev": 1.1299489357443488,
      "unit": "ns"
    },
    "new": {
      "mean": 1460.746793128933,
      "stddev": 1.1299489357443488,
      "unit": "ns"
    }
  },
  "memory/large_data_validation": {
    "current": {
      "mean": 106178.9571426397,
      "stddev": 283.0484782134061,
      "unit": "ns"
    },
    "new": {
      "mean": 106178.9571426397,
      "stddev": 283.0484782134061,
      "unit": "ns"
    }
  },
  "memory/large_spec_parsing": {
    "current": {
      "mean": 7008694.558538358,
      "stddev": 24915.60657778858,
      "unit": "ns"
    },
    "new": {
      "mean": 7008694.558538358,
      "stddev": 24915.60657778858,
      "unit": "ns"
    }
  },
  "openapi_parsing/medium_spec_10_paths": {
    "current": {
      "mean": 172031.05685747418,
      "stddev": 2250.606312410072,
      "unit": "ns"
    },
    "new": {
      "mean": 172031.05685747418,
      "stddev": 2250.606312410072,
      "unit": "ns"
    }
  },
  "openapi_parsing/small_spec": {
    "current": {
      "mean": 24144.547231880504,
      "stddev": 376.1244745415913,
      "unit": "ns"
    },
    "new": {
      "mean": 24144.547231880504,
      "stddev": 376.1244745415913,
      "unit": "ns"
    }
  },
  "template_rendering/arrays": {
    "current": {
      "mean": 318.24981181180976,
      "stddev": 5.584998182217538,
      "unit": "ns"
    },
    "new": {
      "mean": 318.24981181180976,
      "stddev": 5.584998182217538,
      "unit": "ns"
    }
  },
  "template_rendering/complex": {
    "current": {
      "mean": 374.3355344668957,
      "stddev": 2.1373585726595175,
      "unit": "ns"
    },
    "new": {
      "mean": 374.3355344668957,
      "stddev": 2.1373585726595175,
      "unit": "ns"
    }
  },
  "template_rendering/simple": {
    "current": {
      "mean": 931.6301917519082,
      "stddev": 68.9745230610066,
      "unit": "ns"
    },
    "new": {
      "mean": 931.6301917519082,
      "stddev": 68.9745230610066,
      "unit": "ns"
    }
  }
}