{
  "data_generation/generate_single_record": {
    "current": {
      "mean": 792.4274789293257,
      "stddev": 16.506173914480513,
      "unit": "ns"
    },
    "new": {
      "mean": 792.4274789293257,
      "stddev": 16.506173914480513,
      "unit": "ns"
    }
  },
  "encryption/aes256_gcm": {
    "current": {
      "mean": 1093.4748100236473,
      "stddev": 5.736947048369847,
      "unit": "ns"
    },
    "new": {
      "mean": 1093.4748100236473,
      "stddev": 5.736947048369847,
      "unit": "ns"
    }
  },
  "encryption/chacha20_poly1305": {
    "current": {
      "mean": 4127.078529462086,
      "stddev": 20.300222720736244,
      "unit": "ns"
    },
    "new": {
      "mean": 4127.078529462086,
      "stddev": 20.300222720736244,
      "unit": "ns"
    }
  },
  "json_validation/complex": {
    "current": {
      "mean": 579.7656719407196,
      "stddev": 8.623274691802633,
      "unit": "ns"
    },
    "new": {
      "mean": 579.7656719407196,
      "stddev": 8.623274691802633,
      "unit": "ns"
    }
  },
  "json_validation/simple": {
    "current": {
      "mean": 98.74108843237512,
      "stddev": 1.5548228083737132,
      "unit": "ns"
    },
    "new": {
      "mean": 98.74108843237512,
      "stddev": 1.5548228083737132,
      "unit": "ns"
    }
  },
  "memory/deep_template_rendering": {
    "current": {
      "mean": 1438.9617468388049,
      "stddev": 4.494073931557874,
      "unit": "ns"
    },
    "new": {
      "mean": 1438.9617468388049,
      "stddev": 4.494073931557874,
      "unit": "ns"
    }
  },
  "memory/large_data_validation": {
    "current": {
      "mean": 106057.51999175569,
      "stddev": 505.50100127244554,
      "unit": "ns"
    },
    "new": {
      "mean": 106057.51999175569,
      "stddev": 505.50100127244554,
      "unit": "ns"
    }
  },
  "memory/large_spec_parsing": {
    "current": {
      "mean": 6921590.211607141,
      "stddev": 34338.46158267826,
      "unit": "ns"
    },
    "new": {
      "mean": 6921590.211607141,
      "stddev": 34338.46158267826,
      "unit": "ns"
    }
  },
  "openapi_parsing/medium_spec_10_paths": {
    "current": {
      "mean": 170996.7831933264,
      "stddev": 4302.342029491486,
      "unit": "ns"
    },
    "new": {
      "mean": 170996.7831933264,
      "stddev": 4302.342029491486,
      "unit": "ns"
    }
  },
  "openapi_parsing/small_spec": {
    "current": {
      "mean": 24157.208693591212,
      "stddev": 239.30062822634224,
      "unit": "ns"
    },
    "new": {
      "mean": 24157.208693591212,
      "stddev": 239.30062822634224,
      "unit": "ns"
    }
  },
  "template_rendering/arrays": {
    "current": {
      "mean": 310.05843638574754,
      "stddev": 2.620654063813292,
      "unit": "ns"
    },
    "new": {
      "mean": 310.05843638574754,
      "stddev": 2.620654063813292,
      "unit": "ns"
    }
  },
  "template_rendering/complex": {
    "current": {
      "mean": 370.01880161853717,
      "stddev": 7.792608383515915,
      "unit": "ns"
    },
    "new": {
      "mean": 370.01880161853717,
      "stddev": 7.792608383515915,
      "unit": "ns"
    }
  },
  "template_rendering/simple": {
    "current": {
      "mean": 961.7822880383378,
      "stddev": 82.12331679662056,
      "unit": "ns"
    },
    "new": {
      "mean": 961.7822880383378,
      "stddev": 82.12331679662056,
      "unit": "ns"
    }
  }
}