{
  "data_generation/generate_single_record": {
    "current": {
      "mean": 798.9308743517406,
      "stddev": 13.858011728132206,
      "unit": "ns"
    },
    "new": {
      "mean": 798.9308743517406,
      "stddev": 13.858011728132206,
      "unit": "ns"
    }
  },
  "encryption/aes256_gcm": {
    "current": {
      "mean": 1115.7808032641508,
      "stddev": 8.521691094553598,
      "unit": "ns"
    },
    "new": {
      "mean": 1115.7808032641508,
      "stddev": 8.521691094553598,
      "unit": "ns"
    }
  },
  "encryption/chacha20_poly1305": {
    "current": {
      "mean": 4657.49431541501,
      "stddev": 19.383977238252296,
      "unit": "ns"
    },
    "new": {
      "mean": 4657.49431541501,
      "stddev": 19.383977238252296,
      "unit": "ns"
    }
  },
  "json_validation/complex": {
    "current": {
      "mean": 602.8100664399739,
      "stddev": 4.824973401329645,
      "unit": "ns"
    },
    "new": {
      "mean": 602.8100664399739,
      "stddev": 4.824973401329645,
      "unit": "ns"
    }
  },
  "json_validation/simple": {
    "current": {
      "mean": 115.12632137311907,
      "stddev": 9.598565031079406,
      "unit": "ns"
    },
    "new": {
      "mean": 115.12632137311907,
      "stddev": 9.598565031079406,
      "unit": "ns"
    }
  },
  "memory/deep_template_rendering": {
    "current": {
      "mean": 1463.8857008554028,
      "stddev": 4.474132767647228,
      "unit": "ns"
    },
    "new": {
      "mean": 1463.8857008554028,
      "stddev": 4.474132767647228,
      "unit": "ns"
    }
  },
  "memory/large_data_validation": {
    "current": {
      "mean": 104681.33796876385,
      "stddev": 274.6903183392646,
      "unit": "ns"
    },
    "new": {
      "mean": 104681.33796876385,
      "stddev": 274.6903183392646,
      "unit": "ns"
    }
  },
  "memory/large_spec_parsing": {
    "current": {
      "mean": 7273631.96992785,
      "stddev": 7984.963990796432,
      "unit": "ns"
    },
    "new": {
      "mean": 7273631.96992785,
      "stddev": 7984.963990796432,
      "unit": "ns"
    }
  },
  "openapi_parsing/medium_spec_10_paths": {
    "current": {
      "mean": 173430.68266362138,
      "stddev": 2467.1704039370193,
      "unit": "ns"
    },
    "new": {
      "mean": 173430.68266362138,
      "stddev": 2467.1704039370193,
      "unit": "ns"
    }
  },
  "openapi_parsing/small_spec": {
    "current": {
      "mean": 23950.897797347545,
      "stddev": 149.6180228910511,
      "unit": "ns"
    },
    "new": {
      "mean": 23950.897797347545,
      "stddev": 149.6180228910511,
      "unit": "ns"
    }
  },
  "template_rendering/arrays": {
    "current": {
      "mean": 311.24854449880263,
      "stddev": 5.508608731720663,
      "unit": "ns"
    },
    "new": {
      "mean": 311.24854449880263,
      "stddev": 5.508608731720663,
      "unit": "ns"
    }
  },
  "template_rendering/complex": {
    "current": {
      "mean": 372.53371011258844,
      "stddev": 6.822461444092674,
      "unit": "ns"
    },
    "new": {
      "mean": 372.53371011258844,
      "stddev": 6.822461444092674,
      "unit": "ns"
    }
  },
  "template_rendering/simple": {
    "current": {
      "mean": 1467.5875436991403,
      "stddev": 18.402619679774713,
      "unit": "ns"
    },
    "new": {
      "mean": 1467.5875436991403,
      "stddev": 18.402619679774713,
      "unit": "ns"
    }
  }
}