{
  "data_generation/generate_single_record": {
    "current": {
      "mean": 784.6426104724732,
      "stddev": 4.509536306185712,
      "unit": "ns"
    },
    "new": {
      "mean": 784.6426104724732,
      "stddev": 4.509536306185712,
      "unit": "ns"
    }
  },
  "encryption/aes256_gcm": {
    "current": {
      "mean": 1081.7323848216372,
      "stddev": 10.919860033790867,
      "unit": "ns"
    },
    "new": {
      "mean": 1081.7323848216372,
      "stddev": 10.919860033790867,
      "unit": "ns"
    }
  },
  "encryption/chacha20_poly1305": {
    "current": {
      "mean": 4165.247568590072,
      "stddev": 7.101202108688821,
      "unit": "ns"
    },
    "new": {
      "mean": 4165.247568590072,
      "stddev": 7.101202108688821,
      "unit": "ns"
    }
  },
  "json_validation/complex": {
    "current": {
      "mean": 578.5988751427234,
      "stddev": 12.923883033228229,
      "unit": "ns"
    },
    "new": {
      "mean": 578.5988751427234,
      "stddev": 12.923883033228229,
      "unit": "ns"
    }
  },
  "json_validation/simple": {
    "current": {
      "mean": 103.95162923541186,
      "stddev": 1.4880759096296294,
      "unit": "ns"
    },
    "new": {
      "mean": 103.95162923541186,
      "stddev": 1.4880759096296294,
      "unit": "ns"
    }
  },
  "memory/deep_template_rendering": {
    "current": {
      "mean": 1466.3155210957336,
      "stddev": 1.5515917920070037,
      "unit": "ns"
    },
    "new": {
      "mean": 1466.3155210957336,
      "stddev": 1.5515917920070037,
      "unit": "ns"
    }
  },
  "memory/large_data_validation": {
    "current": {
      "mean": 104739.79717649179,
      "stddev": 243.2852379673434,
      "unit": "ns"
    },
    "new": {
      "mean": 104739.79717649179,
      "stddev": 243.2852379673434,
      "unit": "ns"
    }
  },
  "memory/large_spec_parsing": {
    "current": {
      "mean": 6997369.1839466095,
      "stddev": 128001.43475625126,
      "unit": "ns"
    },
    "new": {
      "mean": 6997369.1839466095,
      "stddev": 128001.43475625126,
      "unit": "ns"
    }
  },
  "openapi_parsing/medium_spec_10_paths": {
    "current": {
      "mean": 170880.61436837845,
      "stddev": 2899.0635732958594,
      "unit": "ns"
    },
    "new": {
      "mean": 170880.61436837845,
      "stddev": 2899.0635732958594,
      "unit": "ns"
    }
  },
  "openapi_parsing/small_spec": {
    "current": {
      "mean": 24504.929480243612,
      "stddev": 258.3455313223289,
      "unit": "ns"
    },
    "new": {
      "mean": 24504.929480243612,
      "stddev": 258.3455313223289,
      "unit": "ns"
    }
  },
  "template_rendering/arrays": {
    "current": {
      "mean": 323.5094908407681,
      "stddev": 6.844653190001079,
      "unit": "ns"
    },
    "new": {
      "mean": 323.5094908407681,
      "stddev": 6.844653190001079,
      "unit": "ns"
    }
  },
  "template_rendering/complex": {
    "current": {
      "mean": 383.49790313621736,
      "stddev": 10.278343221786283,
      "unit": "ns"
    },
    "new": {
      "mean": 383.49790313621736,
      "stddev": 10.278343221786283,
      "unit": "ns"
    }
  },
  "template_rendering/simple": {
    "current": {
      "mean": 927.6015515110445,
      "stddev": 57.6130395514344,
      "unit": "ns"
    },
    "new": {
      "mean": 927.6015515110445,
      "stddev": 57.6130395514344,
      "unit": "ns"
    }
  }
}