{
  "data_generation/generate_single_record": {
    "current": {
      "mean": 765.3446597922631,
      "stddev": 4.71564165825678,
      "unit": "ns"
    },
    "new": {
      "mean": 765.3446597922631,
      "stddev": 4.71564165825678,
      "unit": "ns"
    }
  },
  "encryption/aes256_gcm": {
    "current": {
      "mean": 1112.3915075277841,
      "stddev": 4.819689680957676,
      "unit": "ns"
    },
    "new": {
      "mean": 1112.3915075277841,
      "stddev": 4.819689680957676,
      "unit": "ns"
    }
  },
  "encryption/chacha20_poly1305": {
    "current": {
      "mean": 4196.207193311338,
      "stddev": 10.295198519178076,
      "unit": "ns"
    },
    "new": {
      "mean": 4196.207193311338,
      "stddev": 10.295198519178076,
      "unit": "ns"
    }
  },
  "json_validation/complex": {
    "current": {
      "mean": 586.4219187460175,
      "stddev": 8.59935022592087,
      "unit": "ns"
    },
    "new": {
      "mean": 586.4219187460175,
      "stddev": 8.59935022592087,
      "unit": "ns"
    }
  },
  "json_validation/simple": {
    "current": {
      "mean": 100.31395312128267,
      "stddev": 1.7067618682336756,
      "unit": "ns"
    },
    "new": {
      "mean": 100.31395312128267,
      "stddev": 1.7067618682336756,
      "unit": "ns"
    }
  },
  "memory/deep_template_rendering": {
    "current": {
      "mean": 1439.6738343616248,
      "stddev": 2.4024896097149666,
      "unit": "ns"
    },
    "new": {
      "mean": 1439.6738343616248,
      "stddev": 2.4024896097149666,
      "unit": "ns"
    }
  },
  "memory/large_data_validation": {
    "current": {
      "mean": 104575.0363972374,
      "stddev": 347.4190060815606,
      "unit": "ns"
    },
    "new": {
      "mean": 104575.0363972374,
      "stddev": 347.4190060815606,
      "unit": "ns"
    }
  },
  "memory/large_spec_parsing": {
    "current": {
      "mean": 7038350.157601009,
      "stddev": 69834.96396452122,
      "unit": "ns"
    },
    "new": {
      "mean": 7038350.157601009,
      "stddev": 69834.96396452122,
      "unit": "ns"
    }
  },
  "openapi_parsing/medium_spec_10_paths": {
    "current": {
      "mean": 172081.6489129575,
      "stddev": 1464.4626593215337,
      "unit": "ns"
    },
    "new": {
      "mean": 172081.6489129575,
      "stddev": 1464.4626593215337,
      "unit": "ns"
    }
  },
  "openapi_parsing/small_spec": {
    "current": {
      "mean": 24047.844818303816,
      "stddev": 1041.8700008046683,
      "unit": "ns"
    },
    "new": {
      "mean": 24047.844818303816,
      "stddev": 1041.8700008046683,
      "unit": "ns"
    }
  },
  "template_rendering/arrays": {
    "current": {
      "mean": 321.0538121131059,
      "stddev": 6.089418178055861,
      "unit": "ns"
    },
    "new": {
      "mean": 321.0538121131059,
      "stddev": 6.089418178055861,
      "unit": "ns"
    }
  },
  "template_rendering/complex": {
    "current": {
      "mean": 382.3764368499227,
      "stddev": 6.49449397329308,
      "unit": "ns"
    },
    "new": {
      "mean": 382.3764368499227,
      "stddev": 6.49449397329308,
      "unit": "ns"
    }
  },
  "template_rendering/simple": {
    "current": {
      "mean": 910.1998335288407,
      "stddev": 15.438499468787873,
      "unit": "ns"
    },
    "new": {
      "mean": 910.1998335288407,
      "stddev": 15.438499468787873,
      "unit": "ns"
    }
  }
}