{
  "data_generation/generate_single_record": {
    "current": {
      "mean": 775.7801344990147,
      "stddev": 13.364661148677516,
      "unit": "ns"
    },
    "new": {
      "mean": 775.7801344990147,
      "stddev": 13.364661148677516,
      "unit": "ns"
    }
  },
  "encryption/aes256_gcm": {
    "current": {
      "mean": 1105.6450087275118,
      "stddev": 6.011805463085406,
      "unit": "ns"
    },
    "new": {
      "mean": 1105.6450087275118,
      "stddev": 6.011805463085406,
      "unit": "ns"
    }
  },
  "encryption/chacha20_poly1305": {
    "current": {
      "mean": 4167.960191237111,
      "stddev": 49.8533318682554,
      "unit": "ns"
    },
    "new": {
      "mean": 4167.960191237111,
      "stddev": 49.8533318682554,
      "unit": "ns"
    }
  },
  "json_validation/complex": {
    "current": {
      "mean": 575.219949146098,
      "stddev": 12.996847040141214,
      "unit": "ns"
    },
    "new": {
      "mean": 575.219949146098,
      "stddev": 12.996847040141214,
      "unit": "ns"
    }
  },
  "json_validation/simple": {
    "current": {
      "mean": 99.64451214079095,
      "stddev": 0.7406213573979077,
      "unit": "ns"
    },
    "new": {
      "mean": 99.64451214079095,
      "stddev": 0.7406213573979077,
      "unit": "ns"
    }
  },
  "memory/deep_template_rendering": {
    "current": {
      "mean": 1467.5850170809726,
      "stddev": 1.6242201590721757,
      "unit": "ns"
    },
    "new": {
      "mean": 1467.5850170809726,
      "stddev": 1.6242201590721757,
      "unit": "ns"
    }
  },
  "memory/large_data_validation": {
    "current": {
      "mean": 105084.04076069043,
      "stddev": 692.4947530736468,
      "unit": "ns"
    },
    "new": {
      "mean": 105084.04076069043,
      "stddev": 692.4947530736468,
      "unit": "ns"
    }
  },
  "memory/large_spec_parsing": {
    "current": {
      "mean": 7105718.325147907,
      "stddev": 24070.602006199904,
      "unit": "ns"
    },
    "new": {
      "mean": 7105718.325147907,
      "stddev": 24070.602006199904,
      "unit": "ns"
    }
  },
  "openapi_parsing/medium_spec_10_paths": {
    "current": {
      "mean": 171893.80083853807,
      "stddev": 2344.7831833167943,
      "unit": "ns"
    },
    "new": {
      "mean": 171893.80083853807,
      "stddev": 2344.7831833167943,
      "unit": "ns"
    }
  },
  "openapi_parsing/small_spec": {
    "current": {
      "mean": 24164.421915069124,
      "stddev": 291.45749558537113,
      "unit": "ns"
    },
    "new": {
      "mean": 24164.421915069124,
      "stddev": 291.45749558537113,
      "unit": "ns"
    }
  },
  "template_rendering/arrays": {
    "current": {
      "mean": 316.45335283621216,
      "stddev": 5.036940181258435,
      "unit": "ns"
    },
    "new": {
      "mean": 316.45335283621216,
      "stddev": 5.036940181258435,
      "unit": "ns"
    }
  },
  "template_rendering/complex": {
    "current": {
      "mean": 387.99464575472257,
      "stddev": 7.636474376205713,
      "unit": "ns"
    },
    "new": {
      "mean": 387.99464575472257,
      "stddev": 7.636474376205713,
      "unit": "ns"
    }
  },
  "template_rendering/simple": {
    "current": {
      "mean": 1228.496588815003,
      "stddev": 18.33103442540674,
      "unit": "ns"
    },
    "new": {
      "mean": 1228.496588815003,
      "stddev": 18.33103442540674,
      "unit": "ns"
    }
  }
}