{
  "data_generation/generate_single_record": {
    "current": {
      "mean": 748.0605021708227,
      "stddev": 6.010401075472092,
      "unit": "ns"
    },
    "new": {
      "mean": 748.0605021708227,
      "stddev": 6.010401075472092,
      "unit": "ns"
    }
  },
  "encryption/aes256_gcm": {
    "current": {
      "mean": 1089.3633821170645,
      "stddev": 11.48677922476442,
      "unit": "ns"
    },
    "new": {
      "mean": 1089.3633821170645,
      "stddev": 11.48677922476442,
      "unit": "ns"
    }
  },
  "encryption/chacha20_poly1305": {
    "current": {
      "mean": 4167.182895072044,
      "stddev": 20.623703819663252,
      "unit": "ns"
    },
    "new": {
      "mean": 4167.182895072044,
      "stddev": 20.623703819663252,
      "unit": "ns"
    }
  },
  "json_validation/complex": {
    "current": {
      "mean": 589.9689687891084,
      "stddev": 9.21482015378534,
      "unit": "ns"
    },
    "new": {
      "mean": 589.9689687891084,
      "stddev": 9.21482015378534,
      "unit": "ns"
    }
  },
  "json_validation/simple": {
    "current": {
      "mean": 105.42955636466161,
      "stddev": 2.151374761748804,
      "unit": "ns"
    },
    "new": {
      "mean": 105.42955636466161,
      "stddev": 2.151374761748804,
      "unit": "ns"
    }
  },
  "memory/deep_template_rendering": {
    "current": {
      "mean": 1452.6510984869903,
      "stddev": 2.7746891127220676,
      "unit": "ns"
    },
    "new": {
      "mean": 1452.6510984869903,
      "stddev": 2.7746891127220676,
      "unit": "ns"
    }
  },
  "memory/large_data_validation": {
    "current": {
      "mean": 107774.26778717917,
      "stddev": 421.6347586207085,
      "unit": "ns"
    },
    "new": {
      "mean": 107774.26778717917,
      "stddev": 421.6347586207085,
      "unit": "ns"
    }
  },
  "memory/large_spec_parsing": {
    "current": {
      "mean": 7160932.072431457,
      "stddev": 94412.87282712242,
      "unit": "ns"
    },
    "new": {
      "mean": 7160932.072431457,
      "stddev": 94412.87282712242,
      "unit": "ns"
    }
  },
  "openapi_parsing/medium_spec_10_paths": {
    "current": {
      "mean": 171981.00104235194,
      "stddev": 3323.1141244740757,
      "unit": "ns"
    },
    "new": {
      "mean": 171981.00104235194,
      "stddev": 3323.1141244740757,
      "unit": "ns"
    }
  },
  "openapi_parsing/small_spec": {
    "current": {
      "mean": 24257.45276213221,
      "stddev": 217.45398395100602,
      "unit": "ns"
    },
    "new": {
      "mean": 24257.45276213221,
      "stddev": 217.45398395100602,
      "unit": "ns"
    }
  },
  "template_rendering/arrays": {
    "current": {
      "mean": 345.43987072640283,
      "stddev": 11.284758722233086,
      "unit": "ns"
    },
    "new": {
      "mean": 345.43987072640283,
      "stddev": 11.284758722233086,
      "unit": "ns"
    }
  },
  "template_rendering/complex": {
    "current": {
      "mean": 405.2594036691859,
      "stddev": 8.649860435796695,
      "unit": "ns"
    },
    "new": {
      "mean": 405.2594036691859,
      "stddev": 8.649860435796695,
      "unit": "ns"
    }
  },
  "template_rendering/simple": {
    "current": {
      "mean": 940.9716656703336,
      "stddev": 23.466330063068416,
      "unit": "ns"
    },
    "new": {
      "mean": 940.9716656703336,
      "stddev": 23.466330063068416,
      "unit": "ns"
    }
  }
}