{
  "data_generation/generate_single_record": {
    "current": {
      "mean": 770.1570208776836,
      "stddev": 13.250859646432355,
      "unit": "ns"
    },
    "new": {
      "mean": 770.1570208776836,
      "stddev": 13.250859646432355,
      "unit": "ns"
    }
  },
  "encryption/aes256_gcm": {
    "current": {
      "mean": 1094.1656161195722,
      "stddev": 7.752831167352458,
      "unit": "ns"
    },
    "new": {
      "mean": 1094.1656161195722,
      "stddev": 7.752831167352458,
      "unit": "ns"
    }
  },
  "encryption/chacha20_poly1305": {
    "current": {
      "mean": 4167.573847467729,
      "stddev": 23.733428200070765,
      "unit": "ns"
    },
    "new": {
      "mean": 4167.573847467729,
      "stddev": 23.733428200070765,
      "unit": "ns"
    }
  },
  "json_validation/complex": {
    "current": {
      "mean": 601.7639204587674,
      "stddev": 14.08009206808373,
      "unit": "ns"
    },
    "new": {
      "mean": 601.7639204587674,
      "stddev": 14.08009206808373,
      "unit": "ns"
    }
  },
  "json_validation/simple": {
    "current": {
      "mean": 127.14017526778356,
      "stddev": 1.5345623070372745,
      "unit": "ns"
    },
    "new": {
      "mean": 127.14017526778356,
      "stddev": 1.5345623070372745,
      "unit": "ns"
    }
  },
  "memory/deep_template_rendering": {
    "current": {
      "mean": 1439.844876839088,
      "stddev": 7.383003294500208,
      "unit": "ns"
    },
    "new": {
      "mean": 1439.844876839088,
      "stddev": 7.383003294500208,
      "unit": "ns"
    }
  },
  "memory/large_data_validation": {
    "current": {
      "mean": 106849.71833377548,
      "stddev": 423.3508472516002,
      "unit": "ns"
    },
    "new": {
      "mean": 106849.71833377548,
      "stddev": 423.3508472516002,
      "unit": "ns"
    }
  },
  "memory/large_spec_parsing": {
    "current": {
      "mean": 6912208.769983465,
      "stddev": 40674.57140803055,
      "unit": "ns"
    },
    "new": {
      "mean": 6912208.769983465,
      "stddev": 40674.57140803055,
      "unit": "ns"
    }
  },
  "openapi_parsing/medium_spec_10_paths": {
    "current": {
      "mean": 169258.5960554785,
      "stddev": 2773.9533569075284,
      "unit": "ns"
    },
    "new": {
      "mean": 169258.5960554785,
      "stddev": 2773.9533569075284,
      "unit": "ns"
    }
  },
  "openapi_parsing/small_spec": {
    "current": {
      "mean": 24266.443509709727,
      "stddev": 1675.4514621303022,
      "unit": "ns"
    },
    "new": {
      "mean": 24266.443509709727,
      "stddev": 1675.4514621303022,
      "unit": "ns"
    }
  },
  "template_rendering/arrays": {
    "current": {
      "mean": 315.67599063402207,
      "stddev": 7.840543727948083,
      "unit": "ns"
    },
    "new": {
      "mean": 315.67599063402207,
      "stddev": 7.840543727948083,
      "unit": "ns"
    }
  },
  "template_rendering/complex": {
    "current": {
      "mean": 373.41479258806817,
      "stddev": 8.921362023050666,
      "unit": "ns"
    },
    "new": {
      "mean": 373.41479258806817,
      "stddev": 8.921362023050666,
      "unit": "ns"
    }
  },
  "template_rendering/simple": {
    "current": {
      "mean": 1242.783523053518,
      "stddev": 72.34020461124146,
      "unit": "ns"
    },
    "new": {
      "mean": 1242.783523053518,
      "stddev": 72.34020461124146,
      "unit": "ns"
    }
  }
}