{
  "data_generation/generate_single_record": {
    "current": {
      "mean": 753.787390395899,
      "stddev": 6.278492929936042,
      "unit": "ns"
    },
    "new": {
      "mean": 753.787390395899,
      "stddev": 6.278492929936042,
      "unit": "ns"
    }
  },
  "encryption/aes256_gcm": {
    "current": {
      "mean": 1085.9076368970882,
      "stddev": 8.892619291652865,
      "unit": "ns"
    },
    "new": {
      "mean": 1085.9076368970882,
      "stddev": 8.892619291652865,
      "unit": "ns"
    }
  },
  "encryption/chacha20_poly1305": {
    "current": {
      "mean": 4180.948352577207,
      "stddev": 15.804137543521424,
      "unit": "ns"
    },
    "new": {
      "mean": 4180.948352577207,
      "stddev": 15.804137543521424,
      "unit": "ns"
    }
  },
  "json_validation/complex": {
    "current": {
      "mean": 595.237270854615,
      "stddev": 8.553054998354357,
      "unit": "ns"
    },
    "new": {
      "mean": 595.237270854615,
      "stddev": 8.553054998354357,
      "unit": "ns"
    }
  },
  "json_validation/simple": {
    "current": {
      "mean": 98.87810352706511,
      "stddev": 1.7979278993196566,
      "unit": "ns"
    },
    "new": {
      "mean": 98.87810352706511,
      "stddev": 1.7979278993196566,
      "unit": "ns"
    }
  },
  "memory/deep_template_rendering": {
    "current": {
      "mean": 1488.8357788346286,
      "stddev": 1.4518501635415677,
      "unit": "ns"
    },
    "new": {
      "mean": 1488.8357788346286,
      "stddev": 1.4518501635415677,
      "unit": "ns"
    }
  },
  "memory/large_data_validation": {
    "current": {
      "mean": 105880.51502656433,
      "stddev": 310.97447746721446,
      "unit": "ns"
    },
    "new": {
      "mean": 105880.51502656433,
      "stddev": 310.97447746721446,
      "unit": "ns"
    }
  },
  "memory/large_spec_parsing": {
    "current": {
      "mean": 6861150.518654101,
      "stddev": 13805.008366579515,
      "unit": "ns"
    },
    "new": {
      "mean": 6861150.518654101,
      "stddev": 13805.008366579515,
      "unit": "ns"
    }
  },
  "openapi_parsing/medium_spec_10_paths": {
    "current": {
      "mean": 169002.8545856427,
      "stddev": 3197.3010780119175,
      "unit": "ns"
    },
    "new": {
      "mean": 169002.8545856427,
      "stddev": 3197.3010780119175,
      "unit": "ns"
    }
  },
  "openapi_parsing/small_spec": {
    "current": {
      "mean": 24286.91838552611,
      "stddev": 462.43276401082846,
      "unit": "ns"
    },
    "new": {
      "mean": 24286.91838552611,
      "stddev": 462.43276401082846,
      "unit": "ns"
    }
  },
  "template_rendering/arrays": {
    "current": {
      "mean": 314.8950580667649,
      "stddev": 5.336982877720484,
      "unit": "ns"
    },
    "new": {
      "mean": 314.8950580667649,
      "stddev": 5.336982877720484,
      "unit": "ns"
    }
  },
  "template_rendering/complex": {
    "current": {
      "mean": 368.46281959861693,
      "stddev": 3.1661539793744384,
      "unit": "ns"
    },
    "new": {
      "mean": 368.46281959861693,
      "stddev": 3.1661539793744384,
      "unit": "ns"
    }
  },
  "template_rendering/simple": {
    "current": {
      "mean": 1217.6300917155095,
      "stddev": 20.565027971834255,
      "unit": "ns"
    },
    "new": {
      "mean": 1217.6300917155095,
      "stddev": 20.565027971834255,
      "unit": "ns"
    }
  }
}