{
  "data_generation/generate_single_record": {
    "current": {
      "mean": 770.2905652482292,
      "stddev": 38.728376482180096,
      "unit": "ns"
    },
    "new": {
      "mean": 770.2905652482292,
      "stddev": 38.728376482180096,
      "unit": "ns"
    }
  },
  "encryption/aes256_gcm": {
    "current": {
      "mean": 1115.7307386987827,
      "stddev": 11.38547751290641,
      "unit": "ns"
    },
    "new": {
      "mean": 1115.7307386987827,
      "stddev": 11.38547751290641,
      "unit": "ns"
    }
  },
  "encryption/chacha20_poly1305": {
    "current": {
      "mean": 4111.500179428887,
      "stddev": 20.036800381079395,
      "unit": "ns"
    },
    "new": {
      "mean": 4111.500179428887,
      "stddev": 20.036800381079395,
      "unit": "ns"
    }
  },
  "json_validation/complex": {
    "current": {
      "mean": 590.9665444199229,
      "stddev": 5.281924392910729,
      "unit": "ns"
    },
    "new": {
      "mean": 590.9665444199229,
      "stddev": 5.281924392910729,
      "unit": "ns"
    }
  },
  "json_validation/simple": {
    "current": {
      "mean": 99.90474847662291,
      "stddev": 0.7735908443099704,
      "unit": "ns"
    },
    "new": {
      "mean": 99.90474847662291,
      "stddev": 0.7735908443099704,
      "unit": "ns"
    }
  },
  "memory/deep_template_rendering": {
    "current": {
      "mean": 1475.530936280165,
      "stddev": 2.4026548828116505,
      "unit": "ns"
    },
    "new": {
      "mean": 1475.530936280165,
      "stddev": 2.4026548828116505,
      "unit": "ns"
    }
  },
  "memory/large_data_validation": {
    "current": {
      "mean": 105957.74433359569,
      "stddev": 423.8444667743243,
      "unit": "ns"
    },
    "new": {
      "mean": 105957.74433359569,
      "stddev": 423.8444667743243,
      "unit": "ns"
    }
  },
  "memory/large_spec_parsing": {
    "current": {
      "mean": 6934309.451636905,
      "stddev": 58919.35653005203,
      "unit": "ns"
    },
    "new": {
      "mean": 6934309.451636905,
      "stddev": 58919.35653005203,
      "unit": "ns"
    }
  },
  "openapi_parsing/medium_spec_10_paths": {
    "current": {
      "mean": 168648.18598122697,
      "stddev": 3336.567914137542,
      "unit": "ns"
    },
    "new": {
      "mean": 168648.18598122697,
      "stddev": 3336.567914137542,
      "unit": "ns"
    }
  },
  "openapi_parsing/small_spec": {
    "current": {
      "mean": 24084.837589988063,
      "stddev": 458.7658004634263,
      "unit": "ns"
    },
    "new": {
      "mean": 24084.837589988063,
      "stddev": 458.7658004634263,
      "unit": "ns"
    }
  },
  "template_rendering/arrays": {
    "current": {
      "mean": 316.9343199567076,
      "stddev": 15.53791351027943,
      "unit": "ns"
    },
    "new": {
      "mean": 316.9343199567076,
      "stddev": 15.53791351027943,
      "unit": "ns"
    }
  },
  "template_rendering/complex": {
    "current": {
      "mean": 371.22102063730955,
      "stddev": 6.068050241824325,
      "unit": "ns"
    },
    "new": {
      "mean": 371.22102063730955,
      "stddev": 6.068050241824325,
      "unit": "ns"
    }
  },
  "template_rendering/simple": {
    "current": {
      "mean": 904.3376471230116,
      "stddev": 12.394750123458136,
      "unit": "ns"
    },
    "new": {
      "mean": 904.3376471230116,
      "stddev": 12.394750123458136,
      "unit": "ns"
    }
  }
}