{
  "data_generation/generate_single_record": {
    "current": {
      "mean": 0.33614385881506964,
      "stddev": 0.0026460158044497553,
      "unit": "ns"
    },
    "new": {
      "mean": 0.33614385881506964,
      "stddev": 0.0026460158044497553,
      "unit": "ns"
    }
  },
  "encryption/placeholder": {
    "current": {
      "mean": 0.8704557289993871,
      "stddev": 0.021882439942515503,
      "unit": "ns"
    },
    "new": {
      "mean": 0.8704557289993871,
      "stddev": 0.021882439942515503,
      "unit": "ns"
    }
  },
  "json_validation/complex": {
    "current": {
      "mean": 9873.414158174104,
      "stddev": 344.8213360898492,
      "unit": "ns"
    },
    "new": {
      "mean": 9873.414158174104,
      "stddev": 344.8213360898492,
      "unit": "ns"
    }
  },
  "json_validation/simple": {
    "current": {
      "mean": 3489.8725421945496,
      "stddev": 83.37912595154114,
      "unit": "ns"
    },
    "new": {
      "mean": 3489.8725421945496,
      "stddev": 83.37912595154114,
      "unit": "ns"
    }
  },
  "memory/deep_template_rendering": {
    "current": {
      "mean": 2911.643665836981,
      "stddev": 8.392833661778337,
      "unit": "ns"
    },
    "new": {
      "mean": 2911.643665836981,
      "stddev": 8.392833661778337,
      "unit": "ns"
    }
  },
  "memory/large_data_validation": {
    "current": {
      "mean": 100517.66266892187,
      "stddev": 614.7262748812458,
      "unit": "ns"
    },
    "new": {
      "mean": 100517.66266892187,
      "stddev": 614.7262748812458,
      "unit": "ns"
    }
  },
  "memory/large_spec_parsing": {
    "current": {
      "mean": 7761175.550061728,
      "stddev": 43612.49982347073,
      "unit": "ns"
    },
    "new": {
      "mean": 7761175.550061728,
      "stddev": 43612.49982347073,
      "unit": "ns"
    }
  },
  "openapi_parsing/medium_spec_10_paths": {
    "current": {
      "mean": 191436.903404743,
      "stddev": 1092.4382920708188,
      "unit": "ns"
    },
    "new": {
      "mean": 191436.903404743,
      "stddev": 1092.4382920708188,
      "unit": "ns"
    }
  },
  "openapi_parsing/small_spec": {
    "current": {
      "mean": 26467.626867346033,
      "stddev": 694.0133334767436,
      "unit": "ns"
    },
    "new": {
      "mean": 26467.626867346033,
      "stddev": 694.0133334767436,
      "unit": "ns"
    }
  },
  "template_rendering/arrays": {
    "current": {
      "mean": 1370.5399142823437,
      "stddev": 44.64999148482067,
      "unit": "ns"
    },
    "new": {
      "mean": 1370.5399142823437,
      "stddev": 44.64999148482067,
      "unit": "ns"
    }
  },
  "template_rendering/complex": {
    "current": {
      "mean": 1497.9529757008786,
      "stddev": 45.04531332834213,
      "unit": "ns"
    },
    "new": {
      "mean": 1497.9529757008786,
      "stddev": 45.04531332834213,
      "unit": "ns"
    }
  },
  "template_rendering/simple": {
    "current": {
      "mean": 1254.1062257654066,
      "stddev": 22.005761726622627,
      "unit": "ns"
    },
    "new": {
      "mean": 1254.1062257654066,
      "stddev": 22.005761726622627,
      "unit": "ns"
    }
  }
}