{
  "data_generation/generate_single_record": {
    "current": {
      "mean": 778.0354203493416,
      "stddev": 9.322467168323898,
      "unit": "ns"
    },
    "new": {
      "mean": 778.0354203493416,
      "stddev": 9.322467168323898,
      "unit": "ns"
    }
  },
  "encryption/aes256_gcm": {
    "current": {
      "mean": 905.9421465216049,
      "stddev": 4.273697961765684,
      "unit": "ns"
    },
    "new": {
      "mean": 905.9421465216049,
      "stddev": 4.273697961765684,
      "unit": "ns"
    }
  },
  "encryption/chacha20_poly1305": {
    "current": {
      "mean": 3535.7333558120927,
      "stddev": 34.5328545136733,
      "unit": "ns"
    },
    "new": {
      "mean": 3535.7333558120927,
      "stddev": 34.5328545136733,
      "unit": "ns"
    }
  },
  "json_validation/complex": {
    "current": {
      "mean": 629.7083716475388,
      "stddev": 11.505080564994309,
      "unit": "ns"
    },
    "new": {
      "mean": 629.7083716475388,
      "stddev": 11.505080564994309,
      "unit": "ns"
    }
  },
  "json_validation/simple": {
    "current": {
      "mean": 86.80175737658068,
      "stddev": 0.6698712111839766,
      "unit": "ns"
    },
    "new": {
      "mean": 86.80175737658068,
      "stddev": 0.6698712111839766,
      "unit": "ns"
    }
  },
  "memory/deep_template_rendering": {
    "current": {
      "mean": 1493.4844686181737,
      "stddev": 0.8998440710317493,
      "unit": "ns"
    },
    "new": {
      "mean": 1493.4844686181737,
      "stddev": 0.8998440710317493,
      "unit": "ns"
    }
  },
  "memory/large_data_validation": {
    "current": {
      "mean": 101432.99315020005,
      "stddev": 1201.2112859002616,
      "unit": "ns"
    },
    "new": {
      "mean": 101432.99315020005,
      "stddev": 1201.2112859002616,
      "unit": "ns"
    }
  },
  "memory/large_spec_parsing": {
    "current": {
      "mean": 7295065.346067822,
      "stddev": 45077.200865024664,
      "unit": "ns"
    },
    "new": {
      "mean": 7295065.346067822,
      "stddev": 45077.200865024664,
      "unit": "ns"
    }
  },
  "openapi_parsing/medium_spec_10_paths": {
    "current": {
      "mean": 166016.75552678606,
      "stddev": 2358.647198070022,
      "unit": "ns"
    },
    "new": {
      "mean": 166016.75552678606,
      "stddev": 2358.647198070022,
      "unit": "ns"
    }
  },
  "openapi_parsing/small_spec": {
    "current": {
      "mean": 23154.577247331013,
      "stddev": 431.40700398923946,
      "unit": "ns"
    },
    "new": {
      "mean": 23154.577247331013,
      "stddev": 431.40700398923946,
      "unit": "ns"
    }
  },
  "template_rendering/arrays": {
    "current": {
      "mean": 349.18907966682434,
      "stddev": 11.294017649661605,
      "unit": "ns"
    },
    "new": {
      "mean": 349.18907966682434,
      "stddev": 11.294017649661605,
      "unit": "ns"
    }
  },
  "template_rendering/complex": {
    "current": {
      "mean": 356.29508556824004,
      "stddev": 9.242964014836598,
      "unit": "ns"
    },
    "new": {
      "mean": 356.29508556824004,
      "stddev": 9.242964014836598,
      "unit": "ns"
    }
  },
  "template_rendering/simple": {
    "current": {
      "mean": 706.4402249582522,
      "stddev": 11.913304999177457,
      "unit": "ns"
    },
    "new": {
      "mean": 706.4402249582522,
      "stddev": 11.913304999177457,
      "unit": "ns"
    }
  }
}