{
  "data_generation/generate_single_record": {
    "current": {
      "mean": 799.8551468650721,
      "stddev": 7.196491492956278,
      "unit": "ns"
    },
    "new": {
      "mean": 799.8551468650721,
      "stddev": 7.196491492956278,
      "unit": "ns"
    }
  },
  "encryption/aes256_gcm": {
    "current": {
      "mean": 1109.008507628108,
      "stddev": 32.76420704676367,
      "unit": "ns"
    },
    "new": {
      "mean": 1109.008507628108,
      "stddev": 32.76420704676367,
      "unit": "ns"
    }
  },
  "encryption/chacha20_poly1305": {
    "current": {
      "mean": 4171.533431170905,
      "stddev": 13.81521432097471,
      "unit": "ns"
    },
    "new": {
      "mean": 4171.533431170905,
      "stddev": 13.81521432097471,
      "unit": "ns"
    }
  },
  "json_validation/complex": {
    "current": {
      "mean": 579.0986760226215,
      "stddev": 10.515990375973596,
      "unit": "ns"
    },
    "new": {
      "mean": 579.0986760226215,
      "stddev": 10.515990375973596,
      "unit": "ns"
    }
  },
  "json_validation/simple": {
    "current": {
      "mean": 98.98951644060989,
      "stddev": 0.5277075846337027,
      "unit": "ns"
    },
    "new": {
      "mean": 98.98951644060989,
      "stddev": 0.5277075846337027,
      "unit": "ns"
    }
  },
  "memory/deep_template_rendering": {
    "current": {
      "mean": 1442.3168892235803,
      "stddev": 0.9004738170386128,
      "unit": "ns"
    },
    "new": {
      "mean": 1442.3168892235803,
      "stddev": 0.9004738170386128,
      "unit": "ns"
    }
  },
  "memory/large_data_validation": {
    "current": {
      "mean": 105562.00842063493,
      "stddev": 265.6487780144848,
      "unit": "ns"
    },
    "new": {
      "mean": 105562.00842063493,
      "stddev": 265.6487780144848,
      "unit": "ns"
    }
  },
  "memory/large_spec_parsing": {
    "current": {
      "mean": 6885830.746719576,
      "stddev": 32252.665824755488,
      "unit": "ns"
    },
    "new": {
      "mean": 6885830.746719576,
      "stddev": 32252.665824755488,
      "unit": "ns"
    }
  },
  "openapi_parsing/medium_spec_10_paths": {
    "current": {
      "mean": 167038.72170553406,
      "stddev": 1775.4558921977912,
      "unit": "ns"
    },
    "new": {
      "mean": 167038.72170553406,
      "stddev": 1775.4558921977912,
      "unit": "ns"
    }
  },
  "openapi_parsing/small_spec": {
    "current": {
      "mean": 23906.271702482736,
      "stddev": 625.6099763192154,
      "unit": "ns"
    },
    "new": {
      "mean": 23906.271702482736,
      "stddev": 625.6099763192154,
      "unit": "ns"
    }
  },
  "template_rendering/arrays": {
    "current": {
      "mean": 322.8020939165316,
      "stddev": 3.175392459026429,
      "unit": "ns"
    },
    "new": {
      "mean": 322.8020939165316,
      "stddev": 3.175392459026429,
      "unit": "ns"
    }
  },
  "template_rendering/complex": {
    "current": {
      "mean": 369.85146171947713,
      "stddev": 2.956237691248344,
      "unit": "ns"
    },
    "new": {
      "mean": 369.85146171947713,
      "stddev": 2.956237691248344,
      "unit": "ns"
    }
  },
  "template_rendering/simple": {
    "current": {
      "mean": 895.845979249989,
      "stddev": 22.794913989427226,
      "unit": "ns"
    },
    "new": {
      "mean": 895.845979249989,
      "stddev": 22.794913989427226,
      "unit": "ns"
    }
  }
}