{
  "data_generation/generate_single_record": {
    "current": {
      "mean": 771.4823677398055,
      "stddev": 10.277952450734603,
      "unit": "ns"
    },
    "new": {
      "mean": 771.4823677398055,
      "stddev": 10.277952450734603,
      "unit": "ns"
    }
  },
  "encryption/aes256_gcm": {
    "current": {
      "mean": 1088.4008868689264,
      "stddev": 14.962610980293501,
      "unit": "ns"
    },
    "new": {
      "mean": 1088.4008868689264,
      "stddev": 14.962610980293501,
      "unit": "ns"
    }
  },
  "encryption/chacha20_poly1305": {
    "current": {
      "mean": 4169.689273547987,
      "stddev": 15.29206588230999,
      "unit": "ns"
    },
    "new": {
      "mean": 4169.689273547987,
      "stddev": 15.29206588230999,
      "unit": "ns"
    }
  },
  "json_validation/complex": {
    "current": {
      "mean": 614.2366052534941,
      "stddev": 10.654256452941809,
      "unit": "ns"
    },
    "new": {
      "mean": 614.2366052534941,
      "stddev": 10.654256452941809,
      "unit": "ns"
    }
  },
  "json_validation/simple": {
    "current": {
      "mean": 97.84147961709753,
      "stddev": 1.5396740563071365,
      "unit": "ns"
    },
    "new": {
      "mean": 97.84147961709753,
      "stddev": 1.5396740563071365,
      "unit": "ns"
    }
  },
  "memory/deep_template_rendering": {
    "current": {
      "mean": 1479.38635387856,
      "stddev": 9.784874095716921,
      "unit": "ns"
    },
    "new": {
      "mean": 1479.38635387856,
      "stddev": 9.784874095716921,
      "unit": "ns"
    }
  },
  "memory/large_data_validation": {
    "current": {
      "mean": 109609.26607109695,
      "stddev": 331.1600815806199,
      "unit": "ns"
    },
    "new": {
      "mean": 109609.26607109695,
      "stddev": 331.1600815806199,
      "unit": "ns"
    }
  },
  "memory/large_spec_parsing": {
    "current": {
      "mean": 6977157.776643519,
      "stddev": 34089.80978366641,
      "unit": "ns"
    },
    "new": {
      "mean": 6977157.776643519,
      "stddev": 34089.80978366641,
      "unit": "ns"
    }
  },
  "openapi_parsing/medium_spec_10_paths": {
    "current": {
      "mean": 171690.6131959798,
      "stddev": 2728.944150481447,
      "unit": "ns"
    },
    "new": {
      "mean": 171690.6131959798,
      "stddev": 2728.944150481447,
      "unit": "ns"
    }
  },
  "openapi_parsing/small_spec": {
    "current": {
      "mean": 24234.5800187757,
      "stddev": 506.35183383842883,
      "unit": "ns"
    },
    "new": {
      "mean": 24234.5800187757,
      "stddev": 506.35183383842883,
      "unit": "ns"
    }
  },
  "template_rendering/arrays": {
    "current": {
      "mean": 322.53678061560686,
      "stddev": 6.315628928741175,
      "unit": "ns"
    },
    "new": {
      "mean": 322.53678061560686,
      "stddev": 6.315628928741175,
      "unit": "ns"
    }
  },
  "template_rendering/complex": {
    "current": {
      "mean": 373.15978009255974,
      "stddev": 8.071688494843634,
      "unit": "ns"
    },
    "new": {
      "mean": 373.15978009255974,
      "stddev": 8.071688494843634,
      "unit": "ns"
    }
  },
  "template_rendering/simple": {
    "current": {
      "mean": 1247.8060226546252,
      "stddev": 112.55969490481863,
      "unit": "ns"
    },
    "new": {
      "mean": 1247.8060226546252,
      "stddev": 112.55969490481863,
      "unit": "ns"
    }
  }
}