{
  "data_generation/generate_single_record": {
    "current": {
      "mean": 786.7898159766413,
      "stddev": 13.986663424134141,
      "unit": "ns"
    },
    "new": {
      "mean": 786.7898159766413,
      "stddev": 13.986663424134141,
      "unit": "ns"
    }
  },
  "encryption/aes256_gcm": {
    "current": {
      "mean": 1102.6200692017828,
      "stddev": 7.900062245296122,
      "unit": "ns"
    },
    "new": {
      "mean": 1102.6200692017828,
      "stddev": 7.900062245296122,
      "unit": "ns"
    }
  },
  "encryption/chacha20_poly1305": {
    "current": {
      "mean": 4172.161395261883,
      "stddev": 40.49728865021827,
      "unit": "ns"
    },
    "new": {
      "mean": 4172.161395261883,
      "stddev": 40.49728865021827,
      "unit": "ns"
    }
  },
  "json_validation/complex": {
    "current": {
      "mean": 572.6761159055968,
      "stddev": 7.06478991272522,
      "unit": "ns"
    },
    "new": {
      "mean": 572.6761159055968,
      "stddev": 7.06478991272522,
      "unit": "ns"
    }
  },
  "json_validation/simple": {
    "current": {
      "mean": 98.40186717594257,
      "stddev": 0.7308493275934055,
      "unit": "ns"
    },
    "new": {
      "mean": 98.40186717594257,
      "stddev": 0.7308493275934055,
      "unit": "ns"
    }
  },
  "memory/deep_template_rendering": {
    "current": {
      "mean": 1465.8740133838667,
      "stddev": 2.9094853452737697,
      "unit": "ns"
    },
    "new": {
      "mean": 1465.8740133838667,
      "stddev": 2.9094853452737697,
      "unit": "ns"
    }
  },
  "memory/large_data_validation": {
    "current": {
      "mean": 107213.50296137862,
      "stddev": 390.8054523231626,
      "unit": "ns"
    },
    "new": {
      "mean": 107213.50296137862,
      "stddev": 390.8054523231626,
      "unit": "ns"
    }
  },
  "memory/large_spec_parsing": {
    "current": {
      "mean": 6926731.665178573,
      "stddev": 14750.226878613528,
      "unit": "ns"
    },
    "new": {
      "mean": 6926731.665178573,
      "stddev": 14750.226878613528,
      "unit": "ns"
    }
  },
  "openapi_parsing/medium_spec_10_paths": {
    "current": {
      "mean": 175577.8509847019,
      "stddev": 2044.4718273454978,
      "unit": "ns"
    },
    "new": {
      "mean": 175577.8509847019,
      "stddev": 2044.4718273454978,
      "unit": "ns"
    }
  },
  "openapi_parsing/small_spec": {
    "current": {
      "mean": 24145.43981361444,
      "stddev": 247.97860198183207,
      "unit": "ns"
    },
    "new": {
      "mean": 24145.43981361444,
      "stddev": 247.97860198183207,
      "unit": "ns"
    }
  },
  "template_rendering/arrays": {
    "current": {
      "mean": 308.02007926124475,
      "stddev": 3.5981747835452156,
      "unit": "ns"
    },
    "new": {
      "mean": 308.02007926124475,
      "stddev": 3.5981747835452156,
      "unit": "ns"
    }
  },
  "template_rendering/complex": {
    "current": {
      "mean": 376.3627615149362,
      "stddev": 6.386972159043191,
      "unit": "ns"
    },
    "new": {
      "mean": 376.3627615149362,
      "stddev": 6.386972159043191,
      "unit": "ns"
    }
  },
  "template_rendering/simple": {
    "current": {
      "mean": 891.9847474481561,
      "stddev": 16.378331781375554,
      "unit": "ns"
    },
    "new": {
      "mean": 891.9847474481561,
      "stddev": 16.378331781375554,
      "unit": "ns"
    }
  }
}