{
  "data_generation/generate_single_record": {
    "current": {
      "mean": 753.8977370674694,
      "stddev": 12.45431768090228,
      "unit": "ns"
    },
    "new": {
      "mean": 753.8977370674694,
      "stddev": 12.45431768090228,
      "unit": "ns"
    }
  },
  "encryption/aes256_gcm": {
    "current": {
      "mean": 1117.3705136271017,
      "stddev": 6.508335437122587,
      "unit": "ns"
    },
    "new": {
      "mean": 1117.3705136271017,
      "stddev": 6.508335437122587,
      "unit": "ns"
    }
  },
  "encryption/chacha20_poly1305": {
    "current": {
      "mean": 4183.543437031048,
      "stddev": 9.8587644068465,
      "unit": "ns"
    },
    "new": {
      "mean": 4183.543437031048,
      "stddev": 9.8587644068465,
      "unit": "ns"
    }
  },
  "json_validation/complex": {
    "current": {
      "mean": 586.4572115290379,
      "stddev": 8.70737015905633,
      "unit": "ns"
    },
    "new": {
      "mean": 586.4572115290379,
      "stddev": 8.70737015905633,
      "unit": "ns"
    }
  },
  "json_validation/simple": {
    "current": {
      "mean": 101.86232609646748,
      "stddev": 1.8247288710189182,
      "unit": "ns"
    },
    "new": {
      "mean": 101.86232609646748,
      "stddev": 1.8247288710189182,
      "unit": "ns"
    }
  },
  "memory/deep_template_rendering": {
    "current": {
      "mean": 1431.3042166420046,
      "stddev": 1.9305982015249161,
      "unit": "ns"
    },
    "new": {
      "mean": 1431.3042166420046,
      "stddev": 1.9305982015249161,
      "unit": "ns"
    }
  },
  "memory/large_data_validation": {
    "current": {
      "mean": 104434.69426824534,
      "stddev": 459.1867091029416,
      "unit": "ns"
    },
    "new": {
      "mean": 104434.69426824534,
      "stddev": 459.1867091029416,
      "unit": "ns"
    }
  },
  "memory/large_spec_parsing": {
    "current": {
      "mean": 6859098.157215608,
      "stddev": 47256.0400959189,
      "unit": "ns"
    },
    "new": {
      "mean": 6859098.157215608,
      "stddev": 47256.0400959189,
      "unit": "ns"
    }
  },
  "openapi_parsing/medium_spec_10_paths": {
    "current": {
      "mean": 170212.35910045644,
      "stddev": 1543.5727759157564,
      "unit": "ns"
    },
    "new": {
      "mean": 170212.35910045644,
      "stddev": 1543.5727759157564,
      "unit": "ns"
    }
  },
  "openapi_parsing/small_spec": {
    "current": {
      "mean": 24096.194380342276,
      "stddev": 244.7554572894803,
      "unit": "ns"
    },
    "new": {
      "mean": 24096.194380342276,
      "stddev": 244.7554572894803,
      "unit": "ns"
    }
  },
  "template_rendering/arrays": {
    "current": {
      "mean": 312.97657556620373,
      "stddev": 6.047945416511043,
      "unit": "ns"
    },
    "new": {
      "mean": 312.97657556620373,
      "stddev": 6.047945416511043,
      "unit": "ns"
    }
  },
  "template_rendering/complex": {
    "current": {
      "mean": 364.37745768536047,
      "stddev": 5.688731441399236,
      "unit": "ns"
    },
    "new": {
      "mean": 364.37745768536047,
      "stddev": 5.688731441399236,
      "unit": "ns"
    }
  },
  "template_rendering/simple": {
    "current": {
      "mean": 916.7469601450844,
      "stddev": 18.16120192538515,
      "unit": "ns"
    },
    "new": {
      "mean": 916.7469601450844,
      "stddev": 18.16120192538515,
      "unit": "ns"
    }
  }
}