{
  "data_generation/generate_single_record": {
    "current": {
      "mean": 839.307105897061,
      "stddev": 94.33391930493623,
      "unit": "ns"
    },
    "new": {
      "mean": 839.307105897061,
      "stddev": 94.33391930493623,
      "unit": "ns"
    }
  },
  "encryption/aes256_gcm": {
    "current": {
      "mean": 1173.5581264579562,
      "stddev": 58.18665866605232,
      "unit": "ns"
    },
    "new": {
      "mean": 1173.5581264579562,
      "stddev": 58.18665866605232,
      "unit": "ns"
    }
  },
  "encryption/chacha20_poly1305": {
    "current": {
      "mean": 4301.073270011819,
      "stddev": 98.43495469547207,
      "unit": "ns"
    },
    "new": {
      "mean": 4301.073270011819,
      "stddev": 98.43495469547207,
      "unit": "ns"
    }
  },
  "json_validation/complex": {
    "current": {
      "mean": 641.8879148070627,
      "stddev": 80.38545198048604,
      "unit": "ns"
    },
    "new": {
      "mean": 641.8879148070627,
      "stddev": 80.38545198048604,
      "unit": "ns"
    }
  },
  "json_validation/simple": {
    "current": {
      "mean": 107.70905236458935,
      "stddev": 9.020238955320107,
      "unit": "ns"
    },
    "new": {
      "mean": 107.70905236458935,
      "stddev": 9.020238955320107,
      "unit": "ns"
    }
  },
  "memory/deep_template_rendering": {
    "current": {
      "mean": 1796.659807587364,
      "stddev": 201.74795637648253,
      "unit": "ns"
    },
    "new": {
      "mean": 1796.659807587364,
      "stddev": 201.74795637648253,
      "unit": "ns"
    }
  },
  "memory/large_data_validation": {
    "current": {
      "mean": 118400.81775380042,
      "stddev": 7775.873820610352,
      "unit": "ns"
    },
    "new": {
      "mean": 118400.81775380042,
      "stddev": 7775.873820610352,
      "unit": "ns"
    }
  },
  "memory/large_spec_parsing": {
    "current": {
      "mean": 8893502.701904763,
      "stddev": 1230651.2218910558,
      "unit": "ns"
    },
    "new": {
      "mean": 8893502.701904763,
      "stddev": 1230651.2218910558,
      "unit": "ns"
    }
  },
  "openapi_parsing/medium_spec_10_paths": {
    "current": {
      "mean": 188511.08403563075,
      "stddev": 21452.707607950553,
      "unit": "ns"
    },
    "new": {
      "mean": 188511.08403563075,
      "stddev": 21452.707607950553,
      "unit": "ns"
    }
  },
  "openapi_parsing/small_spec": {
    "current": {
      "mean": 26661.85821609768,
      "stddev": 2717.923161815164,
      "unit": "ns"
    },
    "new": {
      "mean": 26661.85821609768,
      "stddev": 2717.923161815164,
      "unit": "ns"
    }
  },
  "template_rendering/arrays": {
    "current": {
      "mean": 367.88176532651573,
      "stddev": 54.81732709915601,
      "unit": "ns"
    },
    "new": {
      "mean": 367.88176532651573,
      "stddev": 54.81732709915601,
      "unit": "ns"
    }
  },
  "template_rendering/complex": {
    "current": {
      "mean": 433.32662927599137,
      "stddev": 42.53464038544106,
      "unit": "ns"
    },
    "new": {
      "mean": 433.32662927599137,
      "stddev": 42.53464038544106,
      "unit": "ns"
    }
  },
  "template_rendering/simple": {
    "current": {
      "mean": 754.8924825836974,
      "stddev": 94.18709948477814,
      "unit": "ns"
    },
    "new": {
      "mean": 754.8924825836974,
      "stddev": 94.18709948477814,
      "unit": "ns"
    }
  }
}