{
  "data_generation/generate_single_record": {
    "current": {
      "mean": 783.5816738641931,
      "stddev": 7.0814410242757,
      "unit": "ns"
    },
    "new": {
      "mean": 783.5816738641931,
      "stddev": 7.0814410242757,
      "unit": "ns"
    }
  },
  "encryption/aes256_gcm": {
    "current": {
      "mean": 1107.2477946396018,
      "stddev": 18.323645718487704,
      "unit": "ns"
    },
    "new": {
      "mean": 1107.2477946396018,
      "stddev": 18.323645718487704,
      "unit": "ns"
    }
  },
  "encryption/chacha20_poly1305": {
    "current": {
      "mean": 4180.171982229276,
      "stddev": 23.249041334519063,
      "unit": "ns"
    },
    "new": {
      "mean": 4180.171982229276,
      "stddev": 23.249041334519063,
      "unit": "ns"
    }
  },
  "json_validation/complex": {
    "current": {
      "mean": 589.8858245048784,
      "stddev": 24.4819527449123,
      "unit": "ns"
    },
    "new": {
      "mean": 589.8858245048784,
      "stddev": 24.4819527449123,
      "unit": "ns"
    }
  },
  "json_validation/simple": {
    "current": {
      "mean": 105.73882791565391,
      "stddev": 0.8764873122800645,
      "unit": "ns"
    },
    "new": {
      "mean": 105.73882791565391,
      "stddev": 0.8764873122800645,
      "unit": "ns"
    }
  },
  "memory/deep_template_rendering": {
    "current": {
      "mean": 1433.3481096981736,
      "stddev": 1.972570593124697,
      "unit": "ns"
    },
    "new": {
      "mean": 1433.3481096981736,
      "stddev": 1.972570593124697,
      "unit": "ns"
    }
  },
  "memory/large_data_validation": {
    "current": {
      "mean": 105774.10017857142,
      "stddev": 263.1558009185646,
      "unit": "ns"
    },
    "new": {
      "mean": 105774.10017857142,
      "stddev": 263.1558009185646,
      "unit": "ns"
    }
  },
  "memory/large_spec_parsing": {
    "current": {
      "mean": 7311372.835241702,
      "stddev": 148945.80674265887,
      "unit": "ns"
    },
    "new": {
      "mean": 7311372.835241702,
      "stddev": 148945.80674265887,
      "unit": "ns"
    }
  },
  "openapi_parsing/medium_spec_10_paths": {
    "current": {
      "mean": 172624.04328729847,
      "stddev": 3365.8755646124887,
      "unit": "ns"
    },
    "new": {
      "mean": 172624.04328729847,
      "stddev": 3365.8755646124887,
      "unit": "ns"
    }
  },
  "openapi_parsing/small_spec": {
    "current": {
      "mean": 24444.165727777727,
      "stddev": 425.85315144205737,
      "unit": "ns"
    },
    "new": {
      "mean": 24444.165727777727,
      "stddev": 425.85315144205737,
      "unit": "ns"
    }
  },
  "template_rendering/arrays": {
    "current": {
      "mean": 308.34692842259403,
      "stddev": 5.009515265751892,
      "unit": "ns"
    },
    "new": {
      "mean": 308.34692842259403,
      "stddev": 5.009515265751892,
      "unit": "ns"
    }
  },
  "template_rendering/complex": {
    "current": {
      "mean": 365.5207625926022,
      "stddev": 6.565211646591453,
      "unit": "ns"
    },
    "new": {
      "mean": 365.5207625926022,
      "stddev": 6.565211646591453,
      "unit": "ns"
    }
  },
  "template_rendering/simple": {
    "current": {
      "mean": 926.651966428659,
      "stddev": 17.272478026387795,
      "unit": "ns"
    },
    "new": {
      "mean": 926.651966428659,
      "stddev": 17.272478026387795,
      "unit": "ns"
    }
  }
}