{
  "data_generation/generate_single_record": {
    "current": {
      "mean": 788.4678338554662,
      "stddev": 13.816905326683335,
      "unit": "ns"
    },
    "new": {
      "mean": 788.4678338554662,
      "stddev": 13.816905326683335,
      "unit": "ns"
    }
  },
  "encryption/aes256_gcm": {
    "current": {
      "mean": 1089.6787737773004,
      "stddev": 18.304993048256783,
      "unit": "ns"
    },
    "new": {
      "mean": 1089.6787737773004,
      "stddev": 18.304993048256783,
      "unit": "ns"
    }
  },
  "encryption/chacha20_poly1305": {
    "current": {
      "mean": 4172.215402265009,
      "stddev": 22.495148686487926,
      "unit": "ns"
    },
    "new": {
      "mean": 4172.215402265009,
      "stddev": 22.495148686487926,
      "unit": "ns"
    }
  },
  "json_validation/complex": {
    "current": {
      "mean": 589.0785582380298,
      "stddev": 11.957954594783553,
      "unit": "ns"
    },
    "new": {
      "mean": 589.0785582380298,
      "stddev": 11.957954594783553,
      "unit": "ns"
    }
  },
  "json_validation/simple": {
    "current": {
      "mean": 102.1298277442525,
      "stddev": 0.9711337040989673,
      "unit": "ns"
    },
    "new": {
      "mean": 102.1298277442525,
      "stddev": 0.9711337040989673,
      "unit": "ns"
    }
  },
  "memory/deep_template_rendering": {
    "current": {
      "mean": 1425.57059948813,
      "stddev": 2.2087564252776595,
      "unit": "ns"
    },
    "new": {
      "mean": 1425.57059948813,
      "stddev": 2.2087564252776595,
      "unit": "ns"
    }
  },
  "memory/large_data_validation": {
    "current": {
      "mean": 106932.53904422082,
      "stddev": 307.62460688620905,
      "unit": "ns"
    },
    "new": {
      "mean": 106932.53904422082,
      "stddev": 307.62460688620905,
      "unit": "ns"
    }
  },
  "memory/large_spec_parsing": {
    "current": {
      "mean": 7051218.915079365,
      "stddev": 27802.570330845523,
      "unit": "ns"
    },
    "new": {
      "mean": 7051218.915079365,
      "stddev": 27802.570330845523,
      "unit": "ns"
    }
  },
  "openapi_parsing/medium_spec_10_paths": {
    "current": {
      "mean": 169220.99263164832,
      "stddev": 3231.7045588900532,
      "unit": "ns"
    },
    "new": {
      "mean": 169220.99263164832,
      "stddev": 3231.7045588900532,
      "unit": "ns"
    }
  },
  "openapi_parsing/small_spec": {
    "current": {
      "mean": 24328.202841778802,
      "stddev": 445.1938240693969,
      "unit": "ns"
    },
    "new": {
      "mean": 24328.202841778802,
      "stddev": 445.1938240693969,
      "unit": "ns"
    }
  },
  "template_rendering/arrays": {
    "current": {
      "mean": 312.92535715449355,
      "stddev": 10.6566784768089,
      "unit": "ns"
    },
    "new": {
      "mean": 312.92535715449355,
      "stddev": 10.6566784768089,
      "unit": "ns"
    }
  },
  "template_rendering/complex": {
    "current": {
      "mean": 396.100841833577,
      "stddev": 50.01107735829719,
      "unit": "ns"
    },
    "new": {
      "mean": 396.100841833577,
      "stddev": 50.01107735829719,
      "unit": "ns"
    }
  },
  "template_rendering/simple": {
    "current": {
      "mean": 1198.4717454654524,
      "stddev": 8.884233570235684,
      "unit": "ns"
    },
    "new": {
      "mean": 1198.4717454654524,
      "stddev": 8.884233570235684,
      "unit": "ns"
    }
  }
}