{
  "data_generation/generate_single_record": {
    "current": {
      "mean": 752.7779706206,
      "stddev": 10.066576579765371,
      "unit": "ns"
    },
    "new": {
      "mean": 752.7779706206,
      "stddev": 10.066576579765371,
      "unit": "ns"
    }
  },
  "encryption/aes256_gcm": {
    "current": {
      "mean": 1105.41125305458,
      "stddev": 10.360223289245734,
      "unit": "ns"
    },
    "new": {
      "mean": 1105.41125305458,
      "stddev": 10.360223289245734,
      "unit": "ns"
    }
  },
  "encryption/chacha20_poly1305": {
    "current": {
      "mean": 4192.33975630829,
      "stddev": 35.605179919563966,
      "unit": "ns"
    },
    "new": {
      "mean": 4192.33975630829,
      "stddev": 35.605179919563966,
      "unit": "ns"
    }
  },
  "json_validation/complex": {
    "current": {
      "mean": 577.3405889445128,
      "stddev": 3.6112228752158884,
      "unit": "ns"
    },
    "new": {
      "mean": 577.3405889445128,
      "stddev": 3.6112228752158884,
      "unit": "ns"
    }
  },
  "json_validation/simple": {
    "current": {
      "mean": 101.69475161213012,
      "stddev": 1.3003197267683484,
      "unit": "ns"
    },
    "new": {
      "mean": 101.69475161213012,
      "stddev": 1.3003197267683484,
      "unit": "ns"
    }
  },
  "memory/deep_template_rendering": {
    "current": {
      "mean": 1438.5700808302176,
      "stddev": 3.1401934411125696,
      "unit": "ns"
    },
    "new": {
      "mean": 1438.5700808302176,
      "stddev": 3.1401934411125696,
      "unit": "ns"
    }
  },
  "memory/large_data_validation": {
    "current": {
      "mean": 105803.07005145648,
      "stddev": 327.0322880986076,
      "unit": "ns"
    },
    "new": {
      "mean": 105803.07005145648,
      "stddev": 327.0322880986076,
      "unit": "ns"
    }
  },
  "memory/large_spec_parsing": {
    "current": {
      "mean": 6997755.381464948,
      "stddev": 36856.55576158618,
      "unit": "ns"
    },
    "new": {
      "mean": 6997755.381464948,
      "stddev": 36856.55576158618,
      "unit": "ns"
    }
  },
  "openapi_parsing/medium_spec_10_paths": {
    "current": {
      "mean": 172035.50277786516,
      "stddev": 1622.215675540386,
      "unit": "ns"
    },
    "new": {
      "mean": 172035.50277786516,
      "stddev": 1622.215675540386,
      "unit": "ns"
    }
  },
  "openapi_parsing/small_spec": {
    "current": {
      "mean": 24049.716445347363,
      "stddev": 193.28301028004768,
      "unit": "ns"
    },
    "new": {
      "mean": 24049.716445347363,
      "stddev": 193.28301028004768,
      "unit": "ns"
    }
  },
  "template_rendering/arrays": {
    "current": {
      "mean": 319.0192831570589,
      "stddev": 5.223026366257826,
      "unit": "ns"
    },
    "new": {
      "mean": 319.0192831570589,
      "stddev": 5.223026366257826,
      "unit": "ns"
    }
  },
  "template_rendering/complex": {
    "current": {
      "mean": 379.79698091679063,
      "stddev": 7.23348954045886,
      "unit": "ns"
    },
    "new": {
      "mean": 379.79698091679063,
      "stddev": 7.23348954045886,
      "unit": "ns"
    }
  },
  "template_rendering/simple": {
    "current": {
      "mean": 908.3241614280977,
      "stddev": 12.905790373677581,
      "unit": "ns"
    },
    "new": {
      "mean": 908.3241614280977,
      "stddev": 12.905790373677581,
      "unit": "ns"
    }
  }
}