{
  "data_generation/generate_single_record": {
    "current": {
      "mean": 767.0312395520273,
      "stddev": 11.455076297972,
      "unit": "ns"
    },
    "new": {
      "mean": 767.0312395520273,
      "stddev": 11.455076297972,
      "unit": "ns"
    }
  },
  "encryption/aes256_gcm": {
    "current": {
      "mean": 1083.732890706465,
      "stddev": 7.260831371722131,
      "unit": "ns"
    },
    "new": {
      "mean": 1083.732890706465,
      "stddev": 7.260831371722131,
      "unit": "ns"
    }
  },
  "encryption/chacha20_poly1305": {
    "current": {
      "mean": 4162.357008313647,
      "stddev": 5.9750050221148365,
      "unit": "ns"
    },
    "new": {
      "mean": 4162.357008313647,
      "stddev": 5.9750050221148365,
      "unit": "ns"
    }
  },
  "json_validation/complex": {
    "current": {
      "mean": 579.7523113579273,
      "stddev": 8.878957323533296,
      "unit": "ns"
    },
    "new": {
      "mean": 579.7523113579273,
      "stddev": 8.878957323533296,
      "unit": "ns"
    }
  },
  "json_validation/simple": {
    "current": {
      "mean": 103.27402499938715,
      "stddev": 0.9590408009067536,
      "unit": "ns"
    },
    "new": {
      "mean": 103.27402499938715,
      "stddev": 0.9590408009067536,
      "unit": "ns"
    }
  },
  "memory/deep_template_rendering": {
    "current": {
      "mean": 1474.1496453515451,
      "stddev": 2.6815110231074044,
      "unit": "ns"
    },
    "new": {
      "mean": 1474.1496453515451,
      "stddev": 2.6815110231074044,
      "unit": "ns"
    }
  },
  "memory/large_data_validation": {
    "current": {
      "mean": 106235.23763638877,
      "stddev": 469.00514599954107,
      "unit": "ns"
    },
    "new": {
      "mean": 106235.23763638877,
      "stddev": 469.00514599954107,
      "unit": "ns"
    }
  },
  "memory/large_spec_parsing": {
    "current": {
      "mean": 7275356.440367967,
      "stddev": 59387.46221105825,
      "unit": "ns"
    },
    "new": {
      "mean": 7275356.440367967,
      "stddev": 59387.46221105825,
      "unit": "ns"
    }
  },
  "openapi_parsing/medium_spec_10_paths": {
    "current": {
      "mean": 175581.28898197954,
      "stddev": 2755.561822768064,
      "unit": "ns"
    },
    "new": {
      "mean": 175581.28898197954,
      "stddev": 2755.561822768064,
      "unit": "ns"
    }
  },
  "openapi_parsing/small_spec": {
    "current": {
      "mean": 24404.2693008211,
      "stddev": 385.2560749462624,
      "unit": "ns"
    },
    "new": {
      "mean": 24404.2693008211,
      "stddev": 385.2560749462624,
      "unit": "ns"
    }
  },
  "template_rendering/arrays": {
    "current": {
      "mean": 319.9375071338068,
      "stddev": 1.8442613318410561,
      "unit": "ns"
    },
    "new": {
      "mean": 319.9375071338068,
      "stddev": 1.8442613318410561,
      "unit": "ns"
    }
  },
  "template_rendering/complex": {
    "current": {
      "mean": 385.2987334228086,
      "stddev": 15.242482898291279,
      "unit": "ns"
    },
    "new": {
      "mean": 385.2987334228086,
      "stddev": 15.242482898291279,
      "unit": "ns"
    }
  },
  "template_rendering/simple": {
    "current": {
      "mean": 923.5910983987742,
      "stddev": 46.66543592587474,
      "unit": "ns"
    },
    "new": {
      "mean": 923.5910983987742,
      "stddev": 46.66543592587474,
      "unit": "ns"
    }
  }
}