{
  "data_generation/generate_single_record": {
    "current": {
      "mean": 792.8619771901432,
      "stddev": 22.288703563569214,
      "unit": "ns"
    },
    "new": {
      "mean": 792.8619771901432,
      "stddev": 22.288703563569214,
      "unit": "ns"
    }
  },
  "encryption/aes256_gcm": {
    "current": {
      "mean": 1139.7076279099977,
      "stddev": 12.372097958983522,
      "unit": "ns"
    },
    "new": {
      "mean": 1139.7076279099977,
      "stddev": 12.372097958983522,
      "unit": "ns"
    }
  },
  "encryption/chacha20_poly1305": {
    "current": {
      "mean": 4629.1177214715735,
      "stddev": 42.79980056298796,
      "unit": "ns"
    },
    "new": {
      "mean": 4629.1177214715735,
      "stddev": 42.79980056298796,
      "unit": "ns"
    }
  },
  "json_validation/complex": {
    "current": {
      "mean": 577.8030051682135,
      "stddev": 13.783778669501057,
      "unit": "ns"
    },
    "new": {
      "mean": 577.8030051682135,
      "stddev": 13.783778669501057,
      "unit": "ns"
    }
  },
  "json_validation/simple": {
    "current": {
      "mean": 112.39742967902752,
      "stddev": 0.7161064656420134,
      "unit": "ns"
    },
    "new": {
      "mean": 112.39742967902752,
      "stddev": 0.7161064656420134,
      "unit": "ns"
    }
  },
  "memory/deep_template_rendering": {
    "current": {
      "mean": 1466.2742943302285,
      "stddev": 4.19681171843153,
      "unit": "ns"
    },
    "new": {
      "mean": 1466.2742943302285,
      "stddev": 4.19681171843153,
      "unit": "ns"
    }
  },
  "memory/large_data_validation": {
    "current": {
      "mean": 109926.43443247318,
      "stddev": 686.7781896094075,
      "unit": "ns"
    },
    "new": {
      "mean": 109926.43443247318,
      "stddev": 686.7781896094075,
      "unit": "ns"
    }
  },
  "memory/large_spec_parsing": {
    "current": {
      "mean": 7248218.887849929,
      "stddev": 27253.360390486065,
      "unit": "ns"
    },
    "new": {
      "mean": 7248218.887849929,
      "stddev": 27253.360390486065,
      "unit": "ns"
    }
  },
  "openapi_parsing/medium_spec_10_paths": {
    "current": {
      "mean": 173155.1947228141,
      "stddev": 7336.957735216277,
      "unit": "ns"
    },
    "new": {
      "mean": 173155.1947228141,
      "stddev": 7336.957735216277,
      "unit": "ns"
    }
  },
  "openapi_parsing/small_spec": {
    "current": {
      "mean": 24140.382817217996,
      "stddev": 258.40759189823217,
      "unit": "ns"
    },
    "new": {
      "mean": 24140.382817217996,
      "stddev": 258.40759189823217,
      "unit": "ns"
    }
  },
  "template_rendering/arrays": {
    "current": {
      "mean": 319.7925539518545,
      "stddev": 22.91695190377236,
      "unit": "ns"
    },
    "new": {
      "mean": 319.7925539518545,
      "stddev": 22.91695190377236,
      "unit": "ns"
    }
  },
  "template_rendering/complex": {
    "current": {
      "mean": 379.54616351878826,
      "stddev": 5.661825789568872,
      "unit": "ns"
    },
    "new": {
      "mean": 379.54616351878826,
      "stddev": 5.661825789568872,
      "unit": "ns"
    }
  },
  "template_rendering/simple": {
    "current": {
      "mean": 983.4687738845232,
      "stddev": 14.41900303820282,
      "unit": "ns"
    },
    "new": {
      "mean": 983.4687738845232,
      "stddev": 14.41900303820282,
      "unit": "ns"
    }
  }
}