{
  "data_generation/generate_single_record": {
    "current": {
      "mean": 841.5308077910046,
      "stddev": 70.60466507035326,
      "unit": "ns"
    },
    "new": {
      "mean": 841.5308077910046,
      "stddev": 70.60466507035326,
      "unit": "ns"
    }
  },
  "encryption/aes256_gcm": {
    "current": {
      "mean": 1171.289966971618,
      "stddev": 55.335834042276176,
      "unit": "ns"
    },
    "new": {
      "mean": 1171.289966971618,
      "stddev": 55.335834042276176,
      "unit": "ns"
    }
  },
  "encryption/chacha20_poly1305": {
    "current": {
      "mean": 4412.123840822322,
      "stddev": 252.55157046168748,
      "unit": "ns"
    },
    "new": {
      "mean": 4412.123840822322,
      "stddev": 252.55157046168748,
      "unit": "ns"
    }
  },
  "json_validation/complex": {
    "current": {
      "mean": 652.5416771643673,
      "stddev": 73.18531149893815,
      "unit": "ns"
    },
    "new": {
      "mean": 652.5416771643673,
      "stddev": 73.18531149893815,
      "unit": "ns"
    }
  },
  "json_validation/simple": {
    "current": {
      "mean": 110.51621418794691,
      "stddev": 8.693776976743585,
      "unit": "ns"
    },
    "new": {
      "mean": 110.51621418794691,
      "stddev": 8.693776976743585,
      "unit": "ns"
    }
  },
  "memory/deep_template_rendering": {
    "current": {
      "mean": 1701.3216844959493,
      "stddev": 161.3359303149029,
      "unit": "ns"
    },
    "new": {
      "mean": 1701.3216844959493,
      "stddev": 161.3359303149029,
      "unit": "ns"
    }
  },
  "memory/large_data_validation": {
    "current": {
      "mean": 125974.38681529132,
      "stddev": 19897.921989502487,
      "unit": "ns"
    },
    "new": {
      "mean": 125974.38681529132,
      "stddev": 19897.921989502487,
      "unit": "ns"
    }
  },
  "memory/large_spec_parsing": {
    "current": {
      "mean": 8508990.981177248,
      "stddev": 716672.4943347953,
      "unit": "ns"
    },
    "new": {
      "mean": 8508990.981177248,
      "stddev": 716672.4943347953,
      "unit": "ns"
    }
  },
  "openapi_parsing/medium_spec_10_paths": {
    "current": {
      "mean": 202036.18118924552,
      "stddev": 30237.421411998417,
      "unit": "ns"
    },
    "new": {
      "mean": 202036.18118924552,
      "stddev": 30237.421411998417,
      "unit": "ns"
    }
  },
  "openapi_parsing/small_spec": {
    "current": {
      "mean": 28300.510624436873,
      "stddev": 3690.810561038934,
      "unit": "ns"
    },
    "new": {
      "mean": 28300.510624436873,
      "stddev": 3690.810561038934,
      "unit": "ns"
    }
  },
  "template_rendering/arrays": {
    "current": {
      "mean": 376.74345323719683,
      "stddev": 46.932187275759134,
      "unit": "ns"
    },
    "new": {
      "mean": 376.74345323719683,
      "stddev": 46.932187275759134,
      "unit": "ns"
    }
  },
  "template_rendering/complex": {
    "current": {
      "mean": 419.19451678294064,
      "stddev": 35.9516578325419,
      "unit": "ns"
    },
    "new": {
      "mean": 419.19451678294064,
      "stddev": 35.9516578325419,
      "unit": "ns"
    }
  },
  "template_rendering/simple": {
    "current": {
      "mean": 775.8788159525492,
      "stddev": 79.78641413030589,
      "unit": "ns"
    },
    "new": {
      "mean": 775.8788159525492,
      "stddev": 79.78641413030589,
      "unit": "ns"
    }
  }
}