{
  "data_generation/generate_single_record": {
    "current": {
      "mean": 764.4514816677012,
      "stddev": 13.157788130455156,
      "unit": "ns"
    },
    "new": {
      "mean": 764.4514816677012,
      "stddev": 13.157788130455156,
      "unit": "ns"
    }
  },
  "encryption/aes256_gcm": {
    "current": {
      "mean": 1086.2606327999217,
      "stddev": 7.652537285010216,
      "unit": "ns"
    },
    "new": {
      "mean": 1086.2606327999217,
      "stddev": 7.652537285010216,
      "unit": "ns"
    }
  },
  "encryption/chacha20_poly1305": {
    "current": {
      "mean": 4170.272922135588,
      "stddev": 17.23819118218447,
      "unit": "ns"
    },
    "new": {
      "mean": 4170.272922135588,
      "stddev": 17.23819118218447,
      "unit": "ns"
    }
  },
  "json_validation/complex": {
    "current": {
      "mean": 581.4839836422392,
      "stddev": 5.115251326837572,
      "unit": "ns"
    },
    "new": {
      "mean": 581.4839836422392,
      "stddev": 5.115251326837572,
      "unit": "ns"
    }
  },
  "json_validation/simple": {
    "current": {
      "mean": 99.20521082812468,
      "stddev": 1.1637902566004839,
      "unit": "ns"
    },
    "new": {
      "mean": 99.20521082812468,
      "stddev": 1.1637902566004839,
      "unit": "ns"
    }
  },
  "memory/deep_template_rendering": {
    "current": {
      "mean": 1448.1790727044763,
      "stddev": 5.625721295025537,
      "unit": "ns"
    },
    "new": {
      "mean": 1448.1790727044763,
      "stddev": 5.625721295025537,
      "unit": "ns"
    }
  },
  "memory/large_data_validation": {
    "current": {
      "mean": 106068.23189616401,
      "stddev": 480.7809009679441,
      "unit": "ns"
    },
    "new": {
      "mean": 106068.23189616401,
      "stddev": 480.7809009679441,
      "unit": "ns"
    }
  },
  "memory/large_spec_parsing": {
    "current": {
      "mean": 6946471.650591932,
      "stddev": 122882.22894100776,
      "unit": "ns"
    },
    "new": {
      "mean": 6946471.650591932,
      "stddev": 122882.22894100776,
      "unit": "ns"
    }
  },
  "openapi_parsing/medium_spec_10_paths": {
    "current": {
      "mean": 170160.07729205664,
      "stddev": 3278.1435473216466,
      "unit": "ns"
    },
    "new": {
      "mean": 170160.07729205664,
      "stddev": 3278.1435473216466,
      "unit": "ns"
    }
  },
  "openapi_parsing/small_spec": {
    "current": {
      "mean": 24253.30832217584,
      "stddev": 522.6891564983699,
      "unit": "ns"
    },
    "new": {
      "mean": 24253.30832217584,
      "stddev": 522.6891564983699,
      "unit": "ns"
    }
  },
  "template_rendering/arrays": {
    "current": {
      "mean": 312.9805980288953,
      "stddev": 3.9310532493923662,
      "unit": "ns"
    },
    "new": {
      "mean": 312.9805980288953,
      "stddev": 3.9310532493923662,
      "unit": "ns"
    }
  },
  "template_rendering/complex": {
    "current": {
      "mean": 384.1273450254679,
      "stddev": 34.37403329148568,
      "unit": "ns"
    },
    "new": {
      "mean": 384.1273450254679,
      "stddev": 34.37403329148568,
      "unit": "ns"
    }
  },
  "template_rendering/simple": {
    "current": {
      "mean": 928.2045124772652,
      "stddev": 50.02786479279076,
      "unit": "ns"
    },
    "new": {
      "mean": 928.2045124772652,
      "stddev": 50.02786479279076,
      "unit": "ns"
    }
  }
}