{
  "data_generation/generate_single_record": {
    "current": {
      "mean": 795.0600807069974,
      "stddev": 5.63893927219926,
      "unit": "ns"
    },
    "new": {
      "mean": 795.0600807069974,
      "stddev": 5.63893927219926,
      "unit": "ns"
    }
  },
  "encryption/aes256_gcm": {
    "current": {
      "mean": 1080.063904132268,
      "stddev": 8.23483692925685,
      "unit": "ns"
    },
    "new": {
      "mean": 1080.063904132268,
      "stddev": 8.23483692925685,
      "unit": "ns"
    }
  },
  "encryption/chacha20_poly1305": {
    "current": {
      "mean": 4189.8169974561215,
      "stddev": 26.00121557986913,
      "unit": "ns"
    },
    "new": {
      "mean": 4189.8169974561215,
      "stddev": 26.00121557986913,
      "unit": "ns"
    }
  },
  "json_validation/complex": {
    "current": {
      "mean": 570.9539842266221,
      "stddev": 4.13441075438165,
      "unit": "ns"
    },
    "new": {
      "mean": 570.9539842266221,
      "stddev": 4.13441075438165,
      "unit": "ns"
    }
  },
  "json_validation/simple": {
    "current": {
      "mean": 100.26066718267249,
      "stddev": 1.0580380424702063,
      "unit": "ns"
    },
    "new": {
      "mean": 100.26066718267249,
      "stddev": 1.0580380424702063,
      "unit": "ns"
    }
  },
  "memory/deep_template_rendering": {
    "current": {
      "mean": 1477.962965723756,
      "stddev": 2.172794139272958,
      "unit": "ns"
    },
    "new": {
      "mean": 1477.962965723756,
      "stddev": 2.172794139272958,
      "unit": "ns"
    }
  },
  "memory/large_data_validation": {
    "current": {
      "mean": 105712.54928711613,
      "stddev": 298.4402118521415,
      "unit": "ns"
    },
    "new": {
      "mean": 105712.54928711613,
      "stddev": 298.4402118521415,
      "unit": "ns"
    }
  },
  "memory/large_spec_parsing": {
    "current": {
      "mean": 6920380.747000662,
      "stddev": 26996.251370387374,
      "unit": "ns"
    },
    "new": {
      "mean": 6920380.747000662,
      "stddev": 26996.251370387374,
      "unit": "ns"
    }
  },
  "openapi_parsing/medium_spec_10_paths": {
    "current": {
      "mean": 170727.6992611848,
      "stddev": 2413.166564261781,
      "unit": "ns"
    },
    "new": {
      "mean": 170727.6992611848,
      "stddev": 2413.166564261781,
      "unit": "ns"
    }
  },
  "openapi_parsing/small_spec": {
    "current": {
      "mean": 24408.401539142455,
      "stddev": 267.1471861826508,
      "unit": "ns"
    },
    "new": {
      "mean": 24408.401539142455,
      "stddev": 267.1471861826508,
      "unit": "ns"
    }
  },
  "template_rendering/arrays": {
    "current": {
      "mean": 323.39543086940864,
      "stddev": 11.54950933302769,
      "unit": "ns"
    },
    "new": {
      "mean": 323.39543086940864,
      "stddev": 11.54950933302769,
      "unit": "ns"
    }
  },
  "template_rendering/complex": {
    "current": {
      "mean": 384.53655524901916,
      "stddev": 3.102949902931347,
      "unit": "ns"
    },
    "new": {
      "mean": 384.53655524901916,
      "stddev": 3.102949902931347,
      "unit": "ns"
    }
  },
  "template_rendering/simple": {
    "current": {
      "mean": 901.8972688927774,
      "stddev": 12.488343142427018,
      "unit": "ns"
    },
    "new": {
      "mean": 901.8972688927774,
      "stddev": 12.488343142427018,
      "unit": "ns"
    }
  }
}