{
  "data_generation/generate_single_record": {
    "current": {
      "mean": 778.5071314769407,
      "stddev": 19.566006536666105,
      "unit": "ns"
    },
    "new": {
      "mean": 778.5071314769407,
      "stddev": 19.566006536666105,
      "unit": "ns"
    }
  },
  "encryption/aes256_gcm": {
    "current": {
      "mean": 1126.1160171063698,
      "stddev": 22.76836646283048,
      "unit": "ns"
    },
    "new": {
      "mean": 1126.1160171063698,
      "stddev": 22.76836646283048,
      "unit": "ns"
    }
  },
  "encryption/chacha20_poly1305": {
    "current": {
      "mean": 4178.469917006378,
      "stddev": 20.305245061618773,
      "unit": "ns"
    },
    "new": {
      "mean": 4178.469917006378,
      "stddev": 20.305245061618773,
      "unit": "ns"
    }
  },
  "json_validation/complex": {
    "current": {
      "mean": 576.09375560773,
      "stddev": 3.8075114195937485,
      "unit": "ns"
    },
    "new": {
      "mean": 576.09375560773,
      "stddev": 3.8075114195937485,
      "unit": "ns"
    }
  },
  "json_validation/simple": {
    "current": {
      "mean": 101.01648838607389,
      "stddev": 1.3912001272613554,
      "unit": "ns"
    },
    "new": {
      "mean": 101.01648838607389,
      "stddev": 1.3912001272613554,
      "unit": "ns"
    }
  },
  "memory/deep_template_rendering": {
    "current": {
      "mean": 1452.2930913550886,
      "stddev": 1.077098669030061,
      "unit": "ns"
    },
    "new": {
      "mean": 1452.2930913550886,
      "stddev": 1.077098669030061,
      "unit": "ns"
    }
  },
  "memory/large_data_validation": {
    "current": {
      "mean": 106635.17065017465,
      "stddev": 139.48859079115368,
      "unit": "ns"
    },
    "new": {
      "mean": 106635.17065017465,
      "stddev": 139.48859079115368,
      "unit": "ns"
    }
  },
  "memory/large_spec_parsing": {
    "current": {
      "mean": 6947713.950138889,
      "stddev": 46707.64173389415,
      "unit": "ns"
    },
    "new": {
      "mean": 6947713.950138889,
      "stddev": 46707.64173389415,
      "unit": "ns"
    }
  },
  "openapi_parsing/medium_spec_10_paths": {
    "current": {
      "mean": 168118.07032002378,
      "stddev": 3508.115611996815,
      "unit": "ns"
    },
    "new": {
      "mean": 168118.07032002378,
      "stddev": 3508.115611996815,
      "unit": "ns"
    }
  },
  "openapi_parsing/small_spec": {
    "current": {
      "mean": 24059.577962800042,
      "stddev": 233.53096170279156,
      "unit": "ns"
    },
    "new": {
      "mean": 24059.577962800042,
      "stddev": 233.53096170279156,
      "unit": "ns"
    }
  },
  "template_rendering/arrays": {
    "current": {
      "mean": 310.12318429289184,
      "stddev": 2.3434693628954975,
      "unit": "ns"
    },
    "new": {
      "mean": 310.12318429289184,
      "stddev": 2.3434693628954975,
      "unit": "ns"
    }
  },
  "template_rendering/complex": {
    "current": {
      "mean": 379.8978668925781,
      "stddev": 6.605185881711552,
      "unit": "ns"
    },
    "new": {
      "mean": 379.8978668925781,
      "stddev": 6.605185881711552,
      "unit": "ns"
    }
  },
  "template_rendering/simple": {
    "current": {
      "mean": 904.9351379156668,
      "stddev": 11.768669923968568,
      "unit": "ns"
    },
    "new": {
      "mean": 904.9351379156668,
      "stddev": 11.768669923968568,
      "unit": "ns"
    }
  }
}