{
  "data_generation/generate_single_record": {
    "current": {
      "mean": 781.3315612018225,
      "stddev": 5.274418078953152,
      "unit": "ns"
    },
    "new": {
      "mean": 781.3315612018225,
      "stddev": 5.274418078953152,
      "unit": "ns"
    }
  },
  "encryption/aes256_gcm": {
    "current": {
      "mean": 1115.243677132745,
      "stddev": 11.204099107869576,
      "unit": "ns"
    },
    "new": {
      "mean": 1115.243677132745,
      "stddev": 11.204099107869576,
      "unit": "ns"
    }
  },
  "encryption/chacha20_poly1305": {
    "current": {
      "mean": 4193.39823239941,
      "stddev": 20.629502056642718,
      "unit": "ns"
    },
    "new": {
      "mean": 4193.39823239941,
      "stddev": 20.629502056642718,
      "unit": "ns"
    }
  },
  "json_validation/complex": {
    "current": {
      "mean": 596.4504332626902,
      "stddev": 3.6308746880582534,
      "unit": "ns"
    },
    "new": {
      "mean": 596.4504332626902,
      "stddev": 3.6308746880582534,
      "unit": "ns"
    }
  },
  "json_validation/simple": {
    "current": {
      "mean": 101.96884918377968,
      "stddev": 1.7782397980887892,
      "unit": "ns"
    },
    "new": {
      "mean": 101.96884918377968,
      "stddev": 1.7782397980887892,
      "unit": "ns"
    }
  },
  "memory/deep_template_rendering": {
    "current": {
      "mean": 1450.351620475473,
      "stddev": 3.3247015232214236,
      "unit": "ns"
    },
    "new": {
      "mean": 1450.351620475473,
      "stddev": 3.3247015232214236,
      "unit": "ns"
    }
  },
  "memory/large_data_validation": {
    "current": {
      "mean": 106095.84335068087,
      "stddev": 670.6705425922374,
      "unit": "ns"
    },
    "new": {
      "mean": 106095.84335068087,
      "stddev": 670.6705425922374,
      "unit": "ns"
    }
  },
  "memory/large_spec_parsing": {
    "current": {
      "mean": 7293546.810548341,
      "stddev": 246688.77131731226,
      "unit": "ns"
    },
    "new": {
      "mean": 7293546.810548341,
      "stddev": 246688.77131731226,
      "unit": "ns"
    }
  },
  "openapi_parsing/medium_spec_10_paths": {
    "current": {
      "mean": 170133.1439980263,
      "stddev": 2717.386142931946,
      "unit": "ns"
    },
    "new": {
      "mean": 170133.1439980263,
      "stddev": 2717.386142931946,
      "unit": "ns"
    }
  },
  "openapi_parsing/small_spec": {
    "current": {
      "mean": 24364.8096735531,
      "stddev": 675.2297580493671,
      "unit": "ns"
    },
    "new": {
      "mean": 24364.8096735531,
      "stddev": 675.2297580493671,
      "unit": "ns"
    }
  },
  "template_rendering/arrays": {
    "current": {
      "mean": 319.25967829897803,
      "stddev": 6.433555669873772,
      "unit": "ns"
    },
    "new": {
      "mean": 319.25967829897803,
      "stddev": 6.433555669873772,
      "unit": "ns"
    }
  },
  "template_rendering/complex": {
    "current": {
      "mean": 378.5040838349958,
      "stddev": 6.4542680948582944,
      "unit": "ns"
    },
    "new": {
      "mean": 378.5040838349958,
      "stddev": 6.4542680948582944,
      "unit": "ns"
    }
  },
  "template_rendering/simple": {
    "current": {
      "mean": 900.5893533989451,
      "stddev": 13.734176179682839,
      "unit": "ns"
    },
    "new": {
      "mean": 900.5893533989451,
      "stddev": 13.734176179682839,
      "unit": "ns"
    }
  }
}