{
  "data_generation/generate_single_record": {
    "current": {
      "mean": 836.580394462361,
      "stddev": 9.773635123404027,
      "unit": "ns"
    },
    "new": {
      "mean": 836.580394462361,
      "stddev": 9.773635123404027,
      "unit": "ns"
    }
  },
  "encryption/aes256_gcm": {
    "current": {
      "mean": 1103.1171609760272,
      "stddev": 6.95926111102446,
      "unit": "ns"
    },
    "new": {
      "mean": 1103.1171609760272,
      "stddev": 6.95926111102446,
      "unit": "ns"
    }
  },
  "encryption/chacha20_poly1305": {
    "current": {
      "mean": 4195.491249223418,
      "stddev": 20.52782060456958,
      "unit": "ns"
    },
    "new": {
      "mean": 4195.491249223418,
      "stddev": 20.52782060456958,
      "unit": "ns"
    }
  },
  "json_validation/complex": {
    "current": {
      "mean": 574.5543889228043,
      "stddev": 8.450731284343355,
      "unit": "ns"
    },
    "new": {
      "mean": 574.5543889228043,
      "stddev": 8.450731284343355,
      "unit": "ns"
    }
  },
  "json_validation/simple": {
    "current": {
      "mean": 97.77611949896006,
      "stddev": 0.6309906451359518,
      "unit": "ns"
    },
    "new": {
      "mean": 97.77611949896006,
      "stddev": 0.6309906451359518,
      "unit": "ns"
    }
  },
  "memory/deep_template_rendering": {
    "current": {
      "mean": 1438.0608251596311,
      "stddev": 2.452906503771236,
      "unit": "ns"
    },
    "new": {
      "mean": 1438.0608251596311,
      "stddev": 2.452906503771236,
      "unit": "ns"
    }
  },
  "memory/large_data_validation": {
    "current": {
      "mean": 104672.52367775603,
      "stddev": 146.86208985451327,
      "unit": "ns"
    },
    "new": {
      "mean": 104672.52367775603,
      "stddev": 146.86208985451327,
      "unit": "ns"
    }
  },
  "memory/large_spec_parsing": {
    "current": {
      "mean": 7036679.103863637,
      "stddev": 25722.72697674072,
      "unit": "ns"
    },
    "new": {
      "mean": 7036679.103863637,
      "stddev": 25722.72697674072,
      "unit": "ns"
    }
  },
  "openapi_parsing/medium_spec_10_paths": {
    "current": {
      "mean": 171444.56643111535,
      "stddev": 1299.9026458289738,
      "unit": "ns"
    },
    "new": {
      "mean": 171444.56643111535,
      "stddev": 1299.9026458289738,
      "unit": "ns"
    }
  },
  "openapi_parsing/small_spec": {
    "current": {
      "mean": 24001.36634222406,
      "stddev": 243.86507933519894,
      "unit": "ns"
    },
    "new": {
      "mean": 24001.36634222406,
      "stddev": 243.86507933519894,
      "unit": "ns"
    }
  },
  "template_rendering/arrays": {
    "current": {
      "mean": 318.6894743041546,
      "stddev": 5.224703324196208,
      "unit": "ns"
    },
    "new": {
      "mean": 318.6894743041546,
      "stddev": 5.224703324196208,
      "unit": "ns"
    }
  },
  "template_rendering/complex": {
    "current": {
      "mean": 379.250660721838,
      "stddev": 5.8746610755187545,
      "unit": "ns"
    },
    "new": {
      "mean": 379.250660721838,
      "stddev": 5.8746610755187545,
      "unit": "ns"
    }
  },
  "template_rendering/simple": {
    "current": {
      "mean": 899.5439110997567,
      "stddev": 13.470743558686346,
      "unit": "ns"
    },
    "new": {
      "mean": 899.5439110997567,
      "stddev": 13.470743558686346,
      "unit": "ns"
    }
  }
}