{
  "data_generation/generate_single_record": {
    "current": {
      "mean": 759.3682330070058,
      "stddev": 15.4329247534066,
      "unit": "ns"
    },
    "new": {
      "mean": 759.3682330070058,
      "stddev": 15.4329247534066,
      "unit": "ns"
    }
  },
  "encryption/aes256_gcm": {
    "current": {
      "mean": 1092.6914937113945,
      "stddev": 6.546284668277848,
      "unit": "ns"
    },
    "new": {
      "mean": 1092.6914937113945,
      "stddev": 6.546284668277848,
      "unit": "ns"
    }
  },
  "encryption/chacha20_poly1305": {
    "current": {
      "mean": 4143.767778723943,
      "stddev": 15.455904895887382,
      "unit": "ns"
    },
    "new": {
      "mean": 4143.767778723943,
      "stddev": 15.455904895887382,
      "unit": "ns"
    }
  },
  "json_validation/complex": {
    "current": {
      "mean": 582.509854420839,
      "stddev": 9.679126629961448,
      "unit": "ns"
    },
    "new": {
      "mean": 582.509854420839,
      "stddev": 9.679126629961448,
      "unit": "ns"
    }
  },
  "json_validation/simple": {
    "current": {
      "mean": 98.65844608345023,
      "stddev": 0.8385377921168296,
      "unit": "ns"
    },
    "new": {
      "mean": 98.65844608345023,
      "stddev": 0.8385377921168296,
      "unit": "ns"
    }
  },
  "memory/deep_template_rendering": {
    "current": {
      "mean": 1419.6597294899407,
      "stddev": 1.8965578991692638,
      "unit": "ns"
    },
    "new": {
      "mean": 1419.6597294899407,
      "stddev": 1.8965578991692638,
      "unit": "ns"
    }
  },
  "memory/large_data_validation": {
    "current": {
      "mean": 105017.77099749944,
      "stddev": 450.79971253753075,
      "unit": "ns"
    },
    "new": {
      "mean": 105017.77099749944,
      "stddev": 450.79971253753075,
      "unit": "ns"
    }
  },
  "memory/large_spec_parsing": {
    "current": {
      "mean": 6855504.411828704,
      "stddev": 47760.59149474076,
      "unit": "ns"
    },
    "new": {
      "mean": 6855504.411828704,
      "stddev": 47760.59149474076,
      "unit": "ns"
    }
  },
  "openapi_parsing/medium_spec_10_paths": {
    "current": {
      "mean": 172694.6407212507,
      "stddev": 1899.0826290993912,
      "unit": "ns"
    },
    "new": {
      "mean": 172694.6407212507,
      "stddev": 1899.0826290993912,
      "unit": "ns"
    }
  },
  "openapi_parsing/small_spec": {
    "current": {
      "mean": 23730.280434121465,
      "stddev": 286.47202110781274,
      "unit": "ns"
    },
    "new": {
      "mean": 23730.280434121465,
      "stddev": 286.47202110781274,
      "unit": "ns"
    }
  },
  "template_rendering/arrays": {
    "current": {
      "mean": 337.7498306280814,
      "stddev": 15.907624636992418,
      "unit": "ns"
    },
    "new": {
      "mean": 337.7498306280814,
      "stddev": 15.907624636992418,
      "unit": "ns"
    }
  },
  "template_rendering/complex": {
    "current": {
      "mean": 365.08508655205884,
      "stddev": 1.9411986813822257,
      "unit": "ns"
    },
    "new": {
      "mean": 365.08508655205884,
      "stddev": 1.9411986813822257,
      "unit": "ns"
    }
  },
  "template_rendering/simple": {
    "current": {
      "mean": 1195.3494569767654,
      "stddev": 9.343226970238613,
      "unit": "ns"
    },
    "new": {
      "mean": 1195.3494569767654,
      "stddev": 9.343226970238613,
      "unit": "ns"
    }
  }
}