{
  "data_generation/generate_single_record": {
    "current": {
      "mean": 768.8449247828532,
      "stddev": 22.7037567681959,
      "unit": "ns"
    },
    "new": {
      "mean": 768.8449247828532,
      "stddev": 22.7037567681959,
      "unit": "ns"
    }
  },
  "encryption/aes256_gcm": {
    "current": {
      "mean": 903.7158479087204,
      "stddev": 5.370724966116622,
      "unit": "ns"
    },
    "new": {
      "mean": 903.7158479087204,
      "stddev": 5.370724966116622,
      "unit": "ns"
    }
  },
  "encryption/chacha20_poly1305": {
    "current": {
      "mean": 3533.0657073347643,
      "stddev": 11.341132750859666,
      "unit": "ns"
    },
    "new": {
      "mean": 3533.0657073347643,
      "stddev": 11.341132750859666,
      "unit": "ns"
    }
  },
  "json_validation/complex": {
    "current": {
      "mean": 641.9335140441169,
      "stddev": 11.525460838191828,
      "unit": "ns"
    },
    "new": {
      "mean": 641.9335140441169,
      "stddev": 11.525460838191828,
      "unit": "ns"
    }
  },
  "json_validation/simple": {
    "current": {
      "mean": 89.51237133611126,
      "stddev": 0.6027121772415325,
      "unit": "ns"
    },
    "new": {
      "mean": 89.51237133611126,
      "stddev": 0.6027121772415325,
      "unit": "ns"
    }
  },
  "memory/deep_template_rendering": {
    "current": {
      "mean": 1494.6265345415777,
      "stddev": 2.5868828811955895,
      "unit": "ns"
    },
    "new": {
      "mean": 1494.6265345415777,
      "stddev": 2.5868828811955895,
      "unit": "ns"
    }
  },
  "memory/large_data_validation": {
    "current": {
      "mean": 103328.0402724423,
      "stddev": 393.4765876298816,
      "unit": "ns"
    },
    "new": {
      "mean": 103328.0402724423,
      "stddev": 393.4765876298816,
      "unit": "ns"
    }
  },
  "memory/large_spec_parsing": {
    "current": {
      "mean": 7793432.75843254,
      "stddev": 114410.86770608719,
      "unit": "ns"
    },
    "new": {
      "mean": 7793432.75843254,
      "stddev": 114410.86770608719,
      "unit": "ns"
    }
  },
  "openapi_parsing/medium_spec_10_paths": {
    "current": {
      "mean": 164507.7813317463,
      "stddev": 3387.0406278564333,
      "unit": "ns"
    },
    "new": {
      "mean": 164507.7813317463,
      "stddev": 3387.0406278564333,
      "unit": "ns"
    }
  },
  "openapi_parsing/small_spec": {
    "current": {
      "mean": 23306.146987541226,
      "stddev": 433.90715240636143,
      "unit": "ns"
    },
    "new": {
      "mean": 23306.146987541226,
      "stddev": 433.90715240636143,
      "unit": "ns"
    }
  },
  "template_rendering/arrays": {
    "current": {
      "mean": 305.9828516429396,
      "stddev": 12.755784744172223,
      "unit": "ns"
    },
    "new": {
      "mean": 305.9828516429396,
      "stddev": 12.755784744172223,
      "unit": "ns"
    }
  },
  "template_rendering/complex": {
    "current": {
      "mean": 365.77934720049876,
      "stddev": 13.720434199617891,
      "unit": "ns"
    },
    "new": {
      "mean": 365.77934720049876,
      "stddev": 13.720434199617891,
      "unit": "ns"
    }
  },
  "template_rendering/simple": {
    "current": {
      "mean": 724.3650348494566,
      "stddev": 19.04883892790358,
      "unit": "ns"
    },
    "new": {
      "mean": 724.3650348494566,
      "stddev": 19.04883892790358,
      "unit": "ns"
    }
  }
}