{
  "data_generation/generate_single_record": {
    "current": {
      "mean": 791.6506195066779,
      "stddev": 15.982046503995484,
      "unit": "ns"
    },
    "new": {
      "mean": 791.6506195066779,
      "stddev": 15.982046503995484,
      "unit": "ns"
    }
  },
  "encryption/aes256_gcm": {
    "current": {
      "mean": 1115.462889400643,
      "stddev": 8.448423679070787,
      "unit": "ns"
    },
    "new": {
      "mean": 1115.462889400643,
      "stddev": 8.448423679070787,
      "unit": "ns"
    }
  },
  "encryption/chacha20_poly1305": {
    "current": {
      "mean": 4208.000979684487,
      "stddev": 26.357653120144224,
      "unit": "ns"
    },
    "new": {
      "mean": 4208.000979684487,
      "stddev": 26.357653120144224,
      "unit": "ns"
    }
  },
  "json_validation/complex": {
    "current": {
      "mean": 599.2383601372987,
      "stddev": 8.908630113716937,
      "unit": "ns"
    },
    "new": {
      "mean": 599.2383601372987,
      "stddev": 8.908630113716937,
      "unit": "ns"
    }
  },
  "json_validation/simple": {
    "current": {
      "mean": 101.53056981391431,
      "stddev": 5.812957700651235,
      "unit": "ns"
    },
    "new": {
      "mean": 101.53056981391431,
      "stddev": 5.812957700651235,
      "unit": "ns"
    }
  },
  "memory/deep_template_rendering": {
    "current": {
      "mean": 1483.9413770442504,
      "stddev": 4.613909166743314,
      "unit": "ns"
    },
    "new": {
      "mean": 1483.9413770442504,
      "stddev": 4.613909166743314,
      "unit": "ns"
    }
  },
  "memory/large_data_validation": {
    "current": {
      "mean": 104496.39841442375,
      "stddev": 453.25087462696223,
      "unit": "ns"
    },
    "new": {
      "mean": 104496.39841442375,
      "stddev": 453.25087462696223,
      "unit": "ns"
    }
  },
  "memory/large_spec_parsing": {
    "current": {
      "mean": 7058871.458445166,
      "stddev": 36348.88974753208,
      "unit": "ns"
    },
    "new": {
      "mean": 7058871.458445166,
      "stddev": 36348.88974753208,
      "unit": "ns"
    }
  },
  "openapi_parsing/medium_spec_10_paths": {
    "current": {
      "mean": 171547.99664171104,
      "stddev": 3561.586172440442,
      "unit": "ns"
    },
    "new": {
      "mean": 171547.99664171104,
      "stddev": 3561.586172440442,
      "unit": "ns"
    }
  },
  "openapi_parsing/small_spec": {
    "current": {
      "mean": 24629.192129937914,
      "stddev": 421.5283598969271,
      "unit": "ns"
    },
    "new": {
      "mean": 24629.192129937914,
      "stddev": 421.5283598969271,
      "unit": "ns"
    }
  },
  "template_rendering/arrays": {
    "current": {
      "mean": 314.3116886517498,
      "stddev": 10.183192066142347,
      "unit": "ns"
    },
    "new": {
      "mean": 314.3116886517498,
      "stddev": 10.183192066142347,
      "unit": "ns"
    }
  },
  "template_rendering/complex": {
    "current": {
      "mean": 377.59584504244106,
      "stddev": 4.621260257580486,
      "unit": "ns"
    },
    "new": {
      "mean": 377.59584504244106,
      "stddev": 4.621260257580486,
      "unit": "ns"
    }
  },
  "template_rendering/simple": {
    "current": {
      "mean": 1216.0957701680513,
      "stddev": 24.684980892134465,
      "unit": "ns"
    },
    "new": {
      "mean": 1216.0957701680513,
      "stddev": 24.684980892134465,
      "unit": "ns"
    }
  }
}