{
  "data_generation/generate_single_record": {
    "current": {
      "mean": 797.6449270339392,
      "stddev": 4.613577558485291,
      "unit": "ns"
    },
    "new": {
      "mean": 797.6449270339392,
      "stddev": 4.613577558485291,
      "unit": "ns"
    }
  },
  "encryption/aes256_gcm": {
    "current": {
      "mean": 1120.5040776076055,
      "stddev": 18.35763806502892,
      "unit": "ns"
    },
    "new": {
      "mean": 1120.5040776076055,
      "stddev": 18.35763806502892,
      "unit": "ns"
    }
  },
  "encryption/chacha20_poly1305": {
    "current": {
      "mean": 4643.889067550637,
      "stddev": 77.42981629616317,
      "unit": "ns"
    },
    "new": {
      "mean": 4643.889067550637,
      "stddev": 77.42981629616317,
      "unit": "ns"
    }
  },
  "json_validation/complex": {
    "current": {
      "mean": 571.1133263198907,
      "stddev": 12.552928550639361,
      "unit": "ns"
    },
    "new": {
      "mean": 571.1133263198907,
      "stddev": 12.552928550639361,
      "unit": "ns"
    }
  },
  "json_validation/simple": {
    "current": {
      "mean": 110.83502821612997,
      "stddev": 1.3118173601365484,
      "unit": "ns"
    },
    "new": {
      "mean": 110.83502821612997,
      "stddev": 1.3118173601365484,
      "unit": "ns"
    }
  },
  "memory/deep_template_rendering": {
    "current": {
      "mean": 1479.1386184730206,
      "stddev": 12.775569323218107,
      "unit": "ns"
    },
    "new": {
      "mean": 1479.1386184730206,
      "stddev": 12.775569323218107,
      "unit": "ns"
    }
  },
  "memory/large_data_validation": {
    "current": {
      "mean": 105155.27808186198,
      "stddev": 279.7628979223181,
      "unit": "ns"
    },
    "new": {
      "mean": 105155.27808186198,
      "stddev": 279.7628979223181,
      "unit": "ns"
    }
  },
  "memory/large_spec_parsing": {
    "current": {
      "mean": 7241941.911493507,
      "stddev": 30372.25786382645,
      "unit": "ns"
    },
    "new": {
      "mean": 7241941.911493507,
      "stddev": 30372.25786382645,
      "unit": "ns"
    }
  },
  "openapi_parsing/medium_spec_10_paths": {
    "current": {
      "mean": 172485.0072949072,
      "stddev": 3194.363420259913,
      "unit": "ns"
    },
    "new": {
      "mean": 172485.0072949072,
      "stddev": 3194.363420259913,
      "unit": "ns"
    }
  },
  "openapi_parsing/small_spec": {
    "current": {
      "mean": 24113.529087531035,
      "stddev": 372.0060396127033,
      "unit": "ns"
    },
    "new": {
      "mean": 24113.529087531035,
      "stddev": 372.0060396127033,
      "unit": "ns"
    }
  },
  "template_rendering/arrays": {
    "current": {
      "mean": 311.1100057408478,
      "stddev": 5.112361086154278,
      "unit": "ns"
    },
    "new": {
      "mean": 311.1100057408478,
      "stddev": 5.112361086154278,
      "unit": "ns"
    }
  },
  "template_rendering/complex": {
    "current": {
      "mean": 379.3649533203963,
      "stddev": 9.27292698131091,
      "unit": "ns"
    },
    "new": {
      "mean": 379.3649533203963,
      "stddev": 9.27292698131091,
      "unit": "ns"
    }
  },
  "template_rendering/simple": {
    "current": {
      "mean": 1022.8670092225705,
      "stddev": 70.11929854842471,
      "unit": "ns"
    },
    "new": {
      "mean": 1022.8670092225705,
      "stddev": 70.11929854842471,
      "unit": "ns"
    }
  }
}