{
  "data_generation/generate_single_record": {
    "current": {
      "mean": 831.6197045829573,
      "stddev": 11.305479516922688,
      "unit": "ns"
    },
    "new": {
      "mean": 831.6197045829573,
      "stddev": 11.305479516922688,
      "unit": "ns"
    }
  },
  "encryption/aes256_gcm": {
    "current": {
      "mean": 1071.717061087778,
      "stddev": 10.983311285125207,
      "unit": "ns"
    },
    "new": {
      "mean": 1071.717061087778,
      "stddev": 10.983311285125207,
      "unit": "ns"
    }
  },
  "encryption/chacha20_poly1305": {
    "current": {
      "mean": 4168.109035448488,
      "stddev": 19.944367339453677,
      "unit": "ns"
    },
    "new": {
      "mean": 4168.109035448488,
      "stddev": 19.944367339453677,
      "unit": "ns"
    }
  },
  "json_validation/complex": {
    "current": {
      "mean": 579.8016790792547,
      "stddev": 3.9078386951419977,
      "unit": "ns"
    },
    "new": {
      "mean": 579.8016790792547,
      "stddev": 3.9078386951419977,
      "unit": "ns"
    }
  },
  "json_validation/simple": {
    "current": {
      "mean": 103.78624299649572,
      "stddev": 1.2957997527807188,
      "unit": "ns"
    },
    "new": {
      "mean": 103.78624299649572,
      "stddev": 1.2957997527807188,
      "unit": "ns"
    }
  },
  "memory/deep_template_rendering": {
    "current": {
      "mean": 1474.584099697841,
      "stddev": 1.1092919288097052,
      "unit": "ns"
    },
    "new": {
      "mean": 1474.584099697841,
      "stddev": 1.1092919288097052,
      "unit": "ns"
    }
  },
  "memory/large_data_validation": {
    "current": {
      "mean": 104607.52918661406,
      "stddev": 1479.503871536883,
      "unit": "ns"
    },
    "new": {
      "mean": 104607.52918661406,
      "stddev": 1479.503871536883,
      "unit": "ns"
    }
  },
  "memory/large_spec_parsing": {
    "current": {
      "mean": 6872260.373356482,
      "stddev": 13630.313647195551,
      "unit": "ns"
    },
    "new": {
      "mean": 6872260.373356482,
      "stddev": 13630.313647195551,
      "unit": "ns"
    }
  },
  "openapi_parsing/medium_spec_10_paths": {
    "current": {
      "mean": 168401.87484455804,
      "stddev": 2663.9019210636934,
      "unit": "ns"
    },
    "new": {
      "mean": 168401.87484455804,
      "stddev": 2663.9019210636934,
      "unit": "ns"
    }
  },
  "openapi_parsing/small_spec": {
    "current": {
      "mean": 23914.298131759417,
      "stddev": 367.14378762838135,
      "unit": "ns"
    },
    "new": {
      "mean": 23914.298131759417,
      "stddev": 367.14378762838135,
      "unit": "ns"
    }
  },
  "template_rendering/arrays": {
    "current": {
      "mean": 319.96030712305867,
      "stddev": 5.549815150225975,
      "unit": "ns"
    },
    "new": {
      "mean": 319.96030712305867,
      "stddev": 5.549815150225975,
      "unit": "ns"
    }
  },
  "template_rendering/complex": {
    "current": {
      "mean": 375.5142688590181,
      "stddev": 2.3077311642754967,
      "unit": "ns"
    },
    "new": {
      "mean": 375.5142688590181,
      "stddev": 2.3077311642754967,
      "unit": "ns"
    }
  },
  "template_rendering/simple": {
    "current": {
      "mean": 920.5710481610395,
      "stddev": 41.14615756924617,
      "unit": "ns"
    },
    "new": {
      "mean": 920.5710481610395,
      "stddev": 41.14615756924617,
      "unit": "ns"
    }
  }
}