{
  "data_generation/generate_single_record": {
    "current": {
      "mean": 843.1082148579434,
      "stddev": 68.16759123018457,
      "unit": "ns"
    },
    "new": {
      "mean": 843.1082148579434,
      "stddev": 68.16759123018457,
      "unit": "ns"
    }
  },
  "encryption/aes256_gcm": {
    "current": {
      "mean": 1163.9794125376718,
      "stddev": 72.94709979723099,
      "unit": "ns"
    },
    "new": {
      "mean": 1163.9794125376718,
      "stddev": 72.94709979723099,
      "unit": "ns"
    }
  },
  "encryption/chacha20_poly1305": {
    "current": {
      "mean": 4556.335193683496,
      "stddev": 299.7520752757668,
      "unit": "ns"
    },
    "new": {
      "mean": 4556.335193683496,
      "stddev": 299.7520752757668,
      "unit": "ns"
    }
  },
  "json_validation/complex": {
    "current": {
      "mean": 615.7609115221854,
      "stddev": 49.78517552444319,
      "unit": "ns"
    },
    "new": {
      "mean": 615.7609115221854,
      "stddev": 49.78517552444319,
      "unit": "ns"
    }
  },
  "json_validation/simple": {
    "current": {
      "mean": 108.71775234163587,
      "stddev": 11.974152478118464,
      "unit": "ns"
    },
    "new": {
      "mean": 108.71775234163587,
      "stddev": 11.974152478118464,
      "unit": "ns"
    }
  },
  "memory/deep_template_rendering": {
    "current": {
      "mean": 1670.9445714061999,
      "stddev": 102.89477326909726,
      "unit": "ns"
    },
    "new": {
      "mean": 1670.9445714061999,
      "stddev": 102.89477326909726,
      "unit": "ns"
    }
  },
  "memory/large_data_validation": {
    "current": {
      "mean": 115456.03341936968,
      "stddev": 5976.686823424258,
      "unit": "ns"
    },
    "new": {
      "mean": 115456.03341936968,
      "stddev": 5976.686823424258,
      "unit": "ns"
    }
  },
  "memory/large_spec_parsing": {
    "current": {
      "mean": 8360672.21329806,
      "stddev": 540913.6018984586,
      "unit": "ns"
    },
    "new": {
      "mean": 8360672.21329806,
      "stddev": 540913.6018984586,
      "unit": "ns"
    }
  },
  "openapi_parsing/medium_spec_10_paths": {
    "current": {
      "mean": 187940.77952956458,
      "stddev": 18436.71551127706,
      "unit": "ns"
    },
    "new": {
      "mean": 187940.77952956458,
      "stddev": 18436.71551127706,
      "unit": "ns"
    }
  },
  "openapi_parsing/small_spec": {
    "current": {
      "mean": 26270.74595538204,
      "stddev": 2003.1547916925567,
      "unit": "ns"
    },
    "new": {
      "mean": 26270.74595538204,
      "stddev": 2003.1547916925567,
      "unit": "ns"
    }
  },
  "template_rendering/arrays": {
    "current": {
      "mean": 350.6809029845785,
      "stddev": 36.39496022320546,
      "unit": "ns"
    },
    "new": {
      "mean": 350.6809029845785,
      "stddev": 36.39496022320546,
      "unit": "ns"
    }
  },
  "template_rendering/complex": {
    "current": {
      "mean": 440.31473762091946,
      "stddev": 42.34604888098953,
      "unit": "ns"
    },
    "new": {
      "mean": 440.31473762091946,
      "stddev": 42.34604888098953,
      "unit": "ns"
    }
  },
  "template_rendering/simple": {
    "current": {
      "mean": 754.726427435272,
      "stddev": 89.51543410137292,
      "unit": "ns"
    },
    "new": {
      "mean": 754.726427435272,
      "stddev": 89.51543410137292,
      "unit": "ns"
    }
  }
}