{
  "data_generation/generate_single_record": {
    "current": {
      "mean": 764.2648842476077,
      "stddev": 16.55276200958743,
      "unit": "ns"
    },
    "new": {
      "mean": 764.2648842476077,
      "stddev": 16.55276200958743,
      "unit": "ns"
    }
  },
  "encryption/aes256_gcm": {
    "current": {
      "mean": 1117.8980341760316,
      "stddev": 4.468368872117457,
      "unit": "ns"
    },
    "new": {
      "mean": 1117.8980341760316,
      "stddev": 4.468368872117457,
      "unit": "ns"
    }
  },
  "encryption/chacha20_poly1305": {
    "current": {
      "mean": 4188.300271662323,
      "stddev": 13.858776000754133,
      "unit": "ns"
    },
    "new": {
      "mean": 4188.300271662323,
      "stddev": 13.858776000754133,
      "unit": "ns"
    }
  },
  "json_validation/complex": {
    "current": {
      "mean": 586.7394371047859,
      "stddev": 10.18600600568637,
      "unit": "ns"
    },
    "new": {
      "mean": 586.7394371047859,
      "stddev": 10.18600600568637,
      "unit": "ns"
    }
  },
  "json_validation/simple": {
    "current": {
      "mean": 103.50882792945264,
      "stddev": 1.6627240316490546,
      "unit": "ns"
    },
    "new": {
      "mean": 103.50882792945264,
      "stddev": 1.6627240316490546,
      "unit": "ns"
    }
  },
  "memory/deep_template_rendering": {
    "current": {
      "mean": 1433.5732147915733,
      "stddev": 1.8966688332596107,
      "unit": "ns"
    },
    "new": {
      "mean": 1433.5732147915733,
      "stddev": 1.8966688332596107,
      "unit": "ns"
    }
  },
  "memory/large_data_validation": {
    "current": {
      "mean": 104374.2060310955,
      "stddev": 428.6593726641709,
      "unit": "ns"
    },
    "new": {
      "mean": 104374.2060310955,
      "stddev": 428.6593726641709,
      "unit": "ns"
    }
  },
  "memory/large_spec_parsing": {
    "current": {
      "mean": 6981783.176237373,
      "stddev": 33862.088466994,
      "unit": "ns"
    },
    "new": {
      "mean": 6981783.176237373,
      "stddev": 33862.088466994,
      "unit": "ns"
    }
  },
  "openapi_parsing/medium_spec_10_paths": {
    "current": {
      "mean": 169254.16251467593,
      "stddev": 2605.471840435754,
      "unit": "ns"
    },
    "new": {
      "mean": 169254.16251467593,
      "stddev": 2605.471840435754,
      "unit": "ns"
    }
  },
  "openapi_parsing/small_spec": {
    "current": {
      "mean": 23715.17898716609,
      "stddev": 174.54327998657374,
      "unit": "ns"
    },
    "new": {
      "mean": 23715.17898716609,
      "stddev": 174.54327998657374,
      "unit": "ns"
    }
  },
  "template_rendering/arrays": {
    "current": {
      "mean": 322.38979669476174,
      "stddev": 7.61693174671916,
      "unit": "ns"
    },
    "new": {
      "mean": 322.38979669476174,
      "stddev": 7.61693174671916,
      "unit": "ns"
    }
  },
  "template_rendering/complex": {
    "current": {
      "mean": 377.45178709806044,
      "stddev": 5.814882839352443,
      "unit": "ns"
    },
    "new": {
      "mean": 377.45178709806044,
      "stddev": 5.814882839352443,
      "unit": "ns"
    }
  },
  "template_rendering/simple": {
    "current": {
      "mean": 901.1224075922269,
      "stddev": 12.022300531750847,
      "unit": "ns"
    },
    "new": {
      "mean": 901.1224075922269,
      "stddev": 12.022300531750847,
      "unit": "ns"
    }
  }
}