{
  "data_generation/generate_single_record": {
    "current": {
      "mean": 767.9222277967287,
      "stddev": 7.192853803862733,
      "unit": "ns"
    },
    "new": {
      "mean": 767.9222277967287,
      "stddev": 7.192853803862733,
      "unit": "ns"
    }
  },
  "encryption/aes256_gcm": {
    "current": {
      "mean": 1103.6572230840184,
      "stddev": 14.306522002107723,
      "unit": "ns"
    },
    "new": {
      "mean": 1103.6572230840184,
      "stddev": 14.306522002107723,
      "unit": "ns"
    }
  },
  "encryption/chacha20_poly1305": {
    "current": {
      "mean": 4185.179747607017,
      "stddev": 25.49252089012001,
      "unit": "ns"
    },
    "new": {
      "mean": 4185.179747607017,
      "stddev": 25.49252089012001,
      "unit": "ns"
    }
  },
  "json_validation/complex": {
    "current": {
      "mean": 578.1877557394147,
      "stddev": 4.614037467558808,
      "unit": "ns"
    },
    "new": {
      "mean": 578.1877557394147,
      "stddev": 4.614037467558808,
      "unit": "ns"
    }
  },
  "json_validation/simple": {
    "current": {
      "mean": 99.22879676798283,
      "stddev": 3.06302237898855,
      "unit": "ns"
    },
    "new": {
      "mean": 99.22879676798283,
      "stddev": 3.06302237898855,
      "unit": "ns"
    }
  },
  "memory/deep_template_rendering": {
    "current": {
      "mean": 1445.1252177845672,
      "stddev": 2.746274582436348,
      "unit": "ns"
    },
    "new": {
      "mean": 1445.1252177845672,
      "stddev": 2.746274582436348,
      "unit": "ns"
    }
  },
  "memory/large_data_validation": {
    "current": {
      "mean": 105570.34456338454,
      "stddev": 1276.9022521321535,
      "unit": "ns"
    },
    "new": {
      "mean": 105570.34456338454,
      "stddev": 1276.9022521321535,
      "unit": "ns"
    }
  },
  "memory/large_spec_parsing": {
    "current": {
      "mean": 6887646.665912698,
      "stddev": 34076.5307552198,
      "unit": "ns"
    },
    "new": {
      "mean": 6887646.665912698,
      "stddev": 34076.5307552198,
      "unit": "ns"
    }
  },
  "openapi_parsing/medium_spec_10_paths": {
    "current": {
      "mean": 168087.11566499126,
      "stddev": 1956.9392435429997,
      "unit": "ns"
    },
    "new": {
      "mean": 168087.11566499126,
      "stddev": 1956.9392435429997,
      "unit": "ns"
    }
  },
  "openapi_parsing/small_spec": {
    "current": {
      "mean": 24184.52316700517,
      "stddev": 366.9975075313974,
      "unit": "ns"
    },
    "new": {
      "mean": 24184.52316700517,
      "stddev": 366.9975075313974,
      "unit": "ns"
    }
  },
  "template_rendering/arrays": {
    "current": {
      "mean": 306.6096718582479,
      "stddev": 2.1534933086659014,
      "unit": "ns"
    },
    "new": {
      "mean": 306.6096718582479,
      "stddev": 2.1534933086659014,
      "unit": "ns"
    }
  },
  "template_rendering/complex": {
    "current": {
      "mean": 371.1400029265215,
      "stddev": 3.6019587833200815,
      "unit": "ns"
    },
    "new": {
      "mean": 371.1400029265215,
      "stddev": 3.6019587833200815,
      "unit": "ns"
    }
  },
  "template_rendering/simple": {
    "current": {
      "mean": 930.1087675505958,
      "stddev": 13.751608620228206,
      "unit": "ns"
    },
    "new": {
      "mean": 930.1087675505958,
      "stddev": 13.751608620228206,
      "unit": "ns"
    }
  }
}