{
  "data_generation/generate_single_record": {
    "current": {
      "mean": 734.6743951428844,
      "stddev": 6.0874380717246686,
      "unit": "ns"
    },
    "new": {
      "mean": 734.6743951428844,
      "stddev": 6.0874380717246686,
      "unit": "ns"
    }
  },
  "encryption/aes256_gcm": {
    "current": {
      "mean": 1091.157786196235,
      "stddev": 4.983660173194812,
      "unit": "ns"
    },
    "new": {
      "mean": 1091.157786196235,
      "stddev": 4.983660173194812,
      "unit": "ns"
    }
  },
  "encryption/chacha20_poly1305": {
    "current": {
      "mean": 4167.170052507756,
      "stddev": 17.965620109800604,
      "unit": "ns"
    },
    "new": {
      "mean": 4167.170052507756,
      "stddev": 17.965620109800604,
      "unit": "ns"
    }
  },
  "json_validation/complex": {
    "current": {
      "mean": 593.30794656707,
      "stddev": 5.99965940971151,
      "unit": "ns"
    },
    "new": {
      "mean": 593.30794656707,
      "stddev": 5.99965940971151,
      "unit": "ns"
    }
  },
  "json_validation/simple": {
    "current": {
      "mean": 107.14279071242983,
      "stddev": 1.1097019190257809,
      "unit": "ns"
    },
    "new": {
      "mean": 107.14279071242983,
      "stddev": 1.1097019190257809,
      "unit": "ns"
    }
  },
  "memory/deep_template_rendering": {
    "current": {
      "mean": 1453.8733938748953,
      "stddev": 3.4936364463371516,
      "unit": "ns"
    },
    "new": {
      "mean": 1453.8733938748953,
      "stddev": 3.4936364463371516,
      "unit": "ns"
    }
  },
  "memory/large_data_validation": {
    "current": {
      "mean": 107299.00069327075,
      "stddev": 236.80921263116193,
      "unit": "ns"
    },
    "new": {
      "mean": 107299.00069327075,
      "stddev": 236.80921263116193,
      "unit": "ns"
    }
  },
  "memory/large_spec_parsing": {
    "current": {
      "mean": 7034079.009195526,
      "stddev": 38890.24272654884,
      "unit": "ns"
    },
    "new": {
      "mean": 7034079.009195526,
      "stddev": 38890.24272654884,
      "unit": "ns"
    }
  },
  "openapi_parsing/medium_spec_10_paths": {
    "current": {
      "mean": 169889.0286157717,
      "stddev": 2180.5460654029193,
      "unit": "ns"
    },
    "new": {
      "mean": 169889.0286157717,
      "stddev": 2180.5460654029193,
      "unit": "ns"
    }
  },
  "openapi_parsing/small_spec": {
    "current": {
      "mean": 24169.585068363795,
      "stddev": 346.53167935584236,
      "unit": "ns"
    },
    "new": {
      "mean": 24169.585068363795,
      "stddev": 346.53167935584236,
      "unit": "ns"
    }
  },
  "template_rendering/arrays": {
    "current": {
      "mean": 323.0346862941592,
      "stddev": 8.456446733132482,
      "unit": "ns"
    },
    "new": {
      "mean": 323.0346862941592,
      "stddev": 8.456446733132482,
      "unit": "ns"
    }
  },
  "template_rendering/complex": {
    "current": {
      "mean": 379.6735865736025,
      "stddev": 2.9436829295923674,
      "unit": "ns"
    },
    "new": {
      "mean": 379.6735865736025,
      "stddev": 2.9436829295923674,
      "unit": "ns"
    }
  },
  "template_rendering/simple": {
    "current": {
      "mean": 914.2507285060497,
      "stddev": 13.682346201896616,
      "unit": "ns"
    },
    "new": {
      "mean": 914.2507285060497,
      "stddev": 13.682346201896616,
      "unit": "ns"
    }
  }
}