{
  "data_generation/generate_single_record": {
    "current": {
      "mean": 771.4959325670332,
      "stddev": 10.971220303973881,
      "unit": "ns"
    },
    "new": {
      "mean": 771.4959325670332,
      "stddev": 10.971220303973881,
      "unit": "ns"
    }
  },
  "encryption/aes256_gcm": {
    "current": {
      "mean": 1087.9654859214331,
      "stddev": 12.407774050056288,
      "unit": "ns"
    },
    "new": {
      "mean": 1087.9654859214331,
      "stddev": 12.407774050056288,
      "unit": "ns"
    }
  },
  "encryption/chacha20_poly1305": {
    "current": {
      "mean": 4189.0388731045105,
      "stddev": 13.926924841120961,
      "unit": "ns"
    },
    "new": {
      "mean": 4189.0388731045105,
      "stddev": 13.926924841120961,
      "unit": "ns"
    }
  },
  "json_validation/complex": {
    "current": {
      "mean": 571.5371375545215,
      "stddev": 9.470957120907295,
      "unit": "ns"
    },
    "new": {
      "mean": 571.5371375545215,
      "stddev": 9.470957120907295,
      "unit": "ns"
    }
  },
  "json_validation/simple": {
    "current": {
      "mean": 98.20147601080006,
      "stddev": 0.6711430387520988,
      "unit": "ns"
    },
    "new": {
      "mean": 98.20147601080006,
      "stddev": 0.6711430387520988,
      "unit": "ns"
    }
  },
  "memory/deep_template_rendering": {
    "current": {
      "mean": 1441.5404779775677,
      "stddev": 2.1056730093644815,
      "unit": "ns"
    },
    "new": {
      "mean": 1441.5404779775677,
      "stddev": 2.1056730093644815,
      "unit": "ns"
    }
  },
  "memory/large_data_validation": {
    "current": {
      "mean": 106190.5367404565,
      "stddev": 386.42771919053894,
      "unit": "ns"
    },
    "new": {
      "mean": 106190.5367404565,
      "stddev": 386.42771919053894,
      "unit": "ns"
    }
  },
  "memory/large_spec_parsing": {
    "current": {
      "mean": 7159247.158553392,
      "stddev": 121242.905523322,
      "unit": "ns"
    },
    "new": {
      "mean": 7159247.158553392,
      "stddev": 121242.905523322,
      "unit": "ns"
    }
  },
  "openapi_parsing/medium_spec_10_paths": {
    "current": {
      "mean": 170019.90521646742,
      "stddev": 1959.828978437179,
      "unit": "ns"
    },
    "new": {
      "mean": 170019.90521646742,
      "stddev": 1959.828978437179,
      "unit": "ns"
    }
  },
  "openapi_parsing/small_spec": {
    "current": {
      "mean": 24343.1257685605,
      "stddev": 384.1394330372236,
      "unit": "ns"
    },
    "new": {
      "mean": 24343.1257685605,
      "stddev": 384.1394330372236,
      "unit": "ns"
    }
  },
  "template_rendering/arrays": {
    "current": {
      "mean": 306.94003673845685,
      "stddev": 3.1061068903823075,
      "unit": "ns"
    },
    "new": {
      "mean": 306.94003673845685,
      "stddev": 3.1061068903823075,
      "unit": "ns"
    }
  },
  "template_rendering/complex": {
    "current": {
      "mean": 370.71083197863976,
      "stddev": 2.5202615700834152,
      "unit": "ns"
    },
    "new": {
      "mean": 370.71083197863976,
      "stddev": 2.5202615700834152,
      "unit": "ns"
    }
  },
  "template_rendering/simple": {
    "current": {
      "mean": 898.5213490520838,
      "stddev": 13.476873027506363,
      "unit": "ns"
    },
    "new": {
      "mean": 898.5213490520838,
      "stddev": 13.476873027506363,
      "unit": "ns"
    }
  }
}