{
  "data_generation/generate_single_record": {
    "current": {
      "mean": 804.5105024761014,
      "stddev": 4.464907759309017,
      "unit": "ns"
    },
    "new": {
      "mean": 804.5105024761014,
      "stddev": 4.464907759309017,
      "unit": "ns"
    }
  },
  "encryption/aes256_gcm": {
    "current": {
      "mean": 1108.4329049155294,
      "stddev": 8.182616984293464,
      "unit": "ns"
    },
    "new": {
      "mean": 1108.4329049155294,
      "stddev": 8.182616984293464,
      "unit": "ns"
    }
  },
  "encryption/chacha20_poly1305": {
    "current": {
      "mean": 4121.509130933105,
      "stddev": 24.578981608151974,
      "unit": "ns"
    },
    "new": {
      "mean": 4121.509130933105,
      "stddev": 24.578981608151974,
      "unit": "ns"
    }
  },
  "json_validation/complex": {
    "current": {
      "mean": 572.9999208488772,
      "stddev": 16.78329555973598,
      "unit": "ns"
    },
    "new": {
      "mean": 572.9999208488772,
      "stddev": 16.78329555973598,
      "unit": "ns"
    }
  },
  "json_validation/simple": {
    "current": {
      "mean": 98.87486511342824,
      "stddev": 0.683960353719167,
      "unit": "ns"
    },
    "new": {
      "mean": 98.87486511342824,
      "stddev": 0.683960353719167,
      "unit": "ns"
    }
  },
  "memory/deep_template_rendering": {
    "current": {
      "mean": 1461.964507511068,
      "stddev": 2.0491821004164756,
      "unit": "ns"
    },
    "new": {
      "mean": 1461.964507511068,
      "stddev": 2.0491821004164756,
      "unit": "ns"
    }
  },
  "memory/large_data_validation": {
    "current": {
      "mean": 106934.2078338197,
      "stddev": 1330.907682139057,
      "unit": "ns"
    },
    "new": {
      "mean": 106934.2078338197,
      "stddev": 1330.907682139057,
      "unit": "ns"
    }
  },
  "memory/large_spec_parsing": {
    "current": {
      "mean": 7220518.686482685,
      "stddev": 43578.71459635288,
      "unit": "ns"
    },
    "new": {
      "mean": 7220518.686482685,
      "stddev": 43578.71459635288,
      "unit": "ns"
    }
  },
  "openapi_parsing/medium_spec_10_paths": {
    "current": {
      "mean": 174405.29886747082,
      "stddev": 2417.9099376087247,
      "unit": "ns"
    },
    "new": {
      "mean": 174405.29886747082,
      "stddev": 2417.9099376087247,
      "unit": "ns"
    }
  },
  "openapi_parsing/small_spec": {
    "current": {
      "mean": 24736.132518271395,
      "stddev": 412.3286183219569,
      "unit": "ns"
    },
    "new": {
      "mean": 24736.132518271395,
      "stddev": 412.3286183219569,
      "unit": "ns"
    }
  },
  "template_rendering/arrays": {
    "current": {
      "mean": 316.22483162644204,
      "stddev": 6.294335611633696,
      "unit": "ns"
    },
    "new": {
      "mean": 316.22483162644204,
      "stddev": 6.294335611633696,
      "unit": "ns"
    }
  },
  "template_rendering/complex": {
    "current": {
      "mean": 373.0695078027635,
      "stddev": 6.152793583269627,
      "unit": "ns"
    },
    "new": {
      "mean": 373.0695078027635,
      "stddev": 6.152793583269627,
      "unit": "ns"
    }
  },
  "template_rendering/simple": {
    "current": {
      "mean": 879.0717350691626,
      "stddev": 11.010305131326046,
      "unit": "ns"
    },
    "new": {
      "mean": 879.0717350691626,
      "stddev": 11.010305131326046,
      "unit": "ns"
    }
  }
}