{
  "data_generation/generate_single_record": {
    "current": {
      "mean": 758.1662090528421,
      "stddev": 20.914327419193256,
      "unit": "ns"
    },
    "new": {
      "mean": 758.1662090528421,
      "stddev": 20.914327419193256,
      "unit": "ns"
    }
  },
  "encryption/aes256_gcm": {
    "current": {
      "mean": 1101.659302010482,
      "stddev": 11.444993838128124,
      "unit": "ns"
    },
    "new": {
      "mean": 1101.659302010482,
      "stddev": 11.444993838128124,
      "unit": "ns"
    }
  },
  "encryption/chacha20_poly1305": {
    "current": {
      "mean": 4185.005664645677,
      "stddev": 22.662209421144826,
      "unit": "ns"
    },
    "new": {
      "mean": 4185.005664645677,
      "stddev": 22.662209421144826,
      "unit": "ns"
    }
  },
  "json_validation/complex": {
    "current": {
      "mean": 579.2442847484351,
      "stddev": 8.909689043308813,
      "unit": "ns"
    },
    "new": {
      "mean": 579.2442847484351,
      "stddev": 8.909689043308813,
      "unit": "ns"
    }
  },
  "json_validation/simple": {
    "current": {
      "mean": 98.45148011533749,
      "stddev": 2.5986030036895915,
      "unit": "ns"
    },
    "new": {
      "mean": 98.45148011533749,
      "stddev": 2.5986030036895915,
      "unit": "ns"
    }
  },
  "memory/deep_template_rendering": {
    "current": {
      "mean": 1484.6754348009476,
      "stddev": 2.667212733321363,
      "unit": "ns"
    },
    "new": {
      "mean": 1484.6754348009476,
      "stddev": 2.667212733321363,
      "unit": "ns"
    }
  },
  "memory/large_data_validation": {
    "current": {
      "mean": 104662.97303170266,
      "stddev": 267.60639621949133,
      "unit": "ns"
    },
    "new": {
      "mean": 104662.97303170266,
      "stddev": 267.60639621949133,
      "unit": "ns"
    }
  },
  "memory/large_spec_parsing": {
    "current": {
      "mean": 6875426.727208994,
      "stddev": 16005.668685528732,
      "unit": "ns"
    },
    "new": {
      "mean": 6875426.727208994,
      "stddev": 16005.668685528732,
      "unit": "ns"
    }
  },
  "openapi_parsing/medium_spec_10_paths": {
    "current": {
      "mean": 168121.793045958,
      "stddev": 1440.7578070004606,
      "unit": "ns"
    },
    "new": {
      "mean": 168121.793045958,
      "stddev": 1440.7578070004606,
      "unit": "ns"
    }
  },
  "openapi_parsing/small_spec": {
    "current": {
      "mean": 24223.269567045503,
      "stddev": 765.8521084698281,
      "unit": "ns"
    },
    "new": {
      "mean": 24223.269567045503,
      "stddev": 765.8521084698281,
      "unit": "ns"
    }
  },
  "template_rendering/arrays": {
    "current": {
      "mean": 306.8250859189656,
      "stddev": 7.135208458942914,
      "unit": "ns"
    },
    "new": {
      "mean": 306.8250859189656,
      "stddev": 7.135208458942914,
      "unit": "ns"
    }
  },
  "template_rendering/complex": {
    "current": {
      "mean": 369.55385005271376,
      "stddev": 6.738051376713043,
      "unit": "ns"
    },
    "new": {
      "mean": 369.55385005271376,
      "stddev": 6.738051376713043,
      "unit": "ns"
    }
  },
  "template_rendering/simple": {
    "current": {
      "mean": 1218.0354003371292,
      "stddev": 23.973494057734698,
      "unit": "ns"
    },
    "new": {
      "mean": 1218.0354003371292,
      "stddev": 23.973494057734698,
      "unit": "ns"
    }
  }
}