{
  "data_generation/generate_single_record": {
    "current": {
      "mean": 778.6223264006984,
      "stddev": 11.329261346359171,
      "unit": "ns"
    },
    "new": {
      "mean": 778.6223264006984,
      "stddev": 11.329261346359171,
      "unit": "ns"
    }
  },
  "encryption/aes256_gcm": {
    "current": {
      "mean": 1120.4072290297595,
      "stddev": 25.28624526610059,
      "unit": "ns"
    },
    "new": {
      "mean": 1120.4072290297595,
      "stddev": 25.28624526610059,
      "unit": "ns"
    }
  },
  "encryption/chacha20_poly1305": {
    "current": {
      "mean": 4117.358276872864,
      "stddev": 12.042456148790498,
      "unit": "ns"
    },
    "new": {
      "mean": 4117.358276872864,
      "stddev": 12.042456148790498,
      "unit": "ns"
    }
  },
  "json_validation/complex": {
    "current": {
      "mean": 577.6856620540551,
      "stddev": 10.018892319385092,
      "unit": "ns"
    },
    "new": {
      "mean": 577.6856620540551,
      "stddev": 10.018892319385092,
      "unit": "ns"
    }
  },
  "json_validation/simple": {
    "current": {
      "mean": 104.16449168610961,
      "stddev": 2.38447632735567,
      "unit": "ns"
    },
    "new": {
      "mean": 104.16449168610961,
      "stddev": 2.38447632735567,
      "unit": "ns"
    }
  },
  "memory/deep_template_rendering": {
    "current": {
      "mean": 1433.0559130126535,
      "stddev": 1.1221816511907385,
      "unit": "ns"
    },
    "new": {
      "mean": 1433.0559130126535,
      "stddev": 1.1221816511907385,
      "unit": "ns"
    }
  },
  "memory/large_data_validation": {
    "current": {
      "mean": 106961.4825270413,
      "stddev": 474.48158160047416,
      "unit": "ns"
    },
    "new": {
      "mean": 106961.4825270413,
      "stddev": 474.48158160047416,
      "unit": "ns"
    }
  },
  "memory/large_spec_parsing": {
    "current": {
      "mean": 6908459.619500662,
      "stddev": 21601.19419347079,
      "unit": "ns"
    },
    "new": {
      "mean": 6908459.619500662,
      "stddev": 21601.19419347079,
      "unit": "ns"
    }
  },
  "openapi_parsing/medium_spec_10_paths": {
    "current": {
      "mean": 168998.5520057155,
      "stddev": 1711.3093187952197,
      "unit": "ns"
    },
    "new": {
      "mean": 168998.5520057155,
      "stddev": 1711.3093187952197,
      "unit": "ns"
    }
  },
  "openapi_parsing/small_spec": {
    "current": {
      "mean": 24016.408683995578,
      "stddev": 393.8112006234145,
      "unit": "ns"
    },
    "new": {
      "mean": 24016.408683995578,
      "stddev": 393.8112006234145,
      "unit": "ns"
    }
  },
  "template_rendering/arrays": {
    "current": {
      "mean": 315.90678792196815,
      "stddev": 5.708348236313115,
      "unit": "ns"
    },
    "new": {
      "mean": 315.90678792196815,
      "stddev": 5.708348236313115,
      "unit": "ns"
    }
  },
  "template_rendering/complex": {
    "current": {
      "mean": 381.5628460246553,
      "stddev": 3.6813695538122992,
      "unit": "ns"
    },
    "new": {
      "mean": 381.5628460246553,
      "stddev": 3.6813695538122992,
      "unit": "ns"
    }
  },
  "template_rendering/simple": {
    "current": {
      "mean": 1250.2052236827756,
      "stddev": 55.91739490710349,
      "unit": "ns"
    },
    "new": {
      "mean": 1250.2052236827756,
      "stddev": 55.91739490710349,
      "unit": "ns"
    }
  }
}