{
  "data_generation/generate_single_record": {
    "current": {
      "mean": 760.9604330671605,
      "stddev": 12.769082749553927,
      "unit": "ns"
    },
    "new": {
      "mean": 760.9604330671605,
      "stddev": 12.769082749553927,
      "unit": "ns"
    }
  },
  "encryption/aes256_gcm": {
    "current": {
      "mean": 1076.7754430180423,
      "stddev": 10.397252754317913,
      "unit": "ns"
    },
    "new": {
      "mean": 1076.7754430180423,
      "stddev": 10.397252754317913,
      "unit": "ns"
    }
  },
  "encryption/chacha20_poly1305": {
    "current": {
      "mean": 4134.023002481325,
      "stddev": 9.963919260142024,
      "unit": "ns"
    },
    "new": {
      "mean": 4134.023002481325,
      "stddev": 9.963919260142024,
      "unit": "ns"
    }
  },
  "json_validation/complex": {
    "current": {
      "mean": 580.1073309933553,
      "stddev": 8.9386628657379,
      "unit": "ns"
    },
    "new": {
      "mean": 580.1073309933553,
      "stddev": 8.9386628657379,
      "unit": "ns"
    }
  },
  "json_validation/simple": {
    "current": {
      "mean": 99.86011509343396,
      "stddev": 1.5256331743149163,
      "unit": "ns"
    },
    "new": {
      "mean": 99.86011509343396,
      "stddev": 1.5256331743149163,
      "unit": "ns"
    }
  },
  "memory/deep_template_rendering": {
    "current": {
      "mean": 1587.4691652309066,
      "stddev": 16.96230294850832,
      "unit": "ns"
    },
    "new": {
      "mean": 1587.4691652309066,
      "stddev": 16.96230294850832,
      "unit": "ns"
    }
  },
  "memory/large_data_validation": {
    "current": {
      "mean": 105820.02047779057,
      "stddev": 161.45023868895686,
      "unit": "ns"
    },
    "new": {
      "mean": 105820.02047779057,
      "stddev": 161.45023868895686,
      "unit": "ns"
    }
  },
  "memory/large_spec_parsing": {
    "current": {
      "mean": 7037657.317281745,
      "stddev": 17938.641144751084,
      "unit": "ns"
    },
    "new": {
      "mean": 7037657.317281745,
      "stddev": 17938.641144751084,
      "unit": "ns"
    }
  },
  "openapi_parsing/medium_spec_10_paths": {
    "current": {
      "mean": 171465.27586559762,
      "stddev": 2549.8413222499744,
      "unit": "ns"
    },
    "new": {
      "mean": 171465.27586559762,
      "stddev": 2549.8413222499744,
      "unit": "ns"
    }
  },
  "openapi_parsing/small_spec": {
    "current": {
      "mean": 24390.41925038728,
      "stddev": 243.63955575651497,
      "unit": "ns"
    },
    "new": {
      "mean": 24390.41925038728,
      "stddev": 243.63955575651497,
      "unit": "ns"
    }
  },
  "template_rendering/arrays": {
    "current": {
      "mean": 324.80032322375195,
      "stddev": 6.4355629920914375,
      "unit": "ns"
    },
    "new": {
      "mean": 324.80032322375195,
      "stddev": 6.4355629920914375,
      "unit": "ns"
    }
  },
  "template_rendering/complex": {
    "current": {
      "mean": 382.7125548746624,
      "stddev": 2.537189418978142,
      "unit": "ns"
    },
    "new": {
      "mean": 382.7125548746624,
      "stddev": 2.537189418978142,
      "unit": "ns"
    }
  },
  "template_rendering/simple": {
    "current": {
      "mean": 915.777929982935,
      "stddev": 13.578598577563508,
      "unit": "ns"
    },
    "new": {
      "mean": 915.777929982935,
      "stddev": 13.578598577563508,
      "unit": "ns"
    }
  }
}