{
  "data_generation/generate_single_record": {
    "current": {
      "mean": 752.1916757528487,
      "stddev": 7.020357724929972,
      "unit": "ns"
    },
    "new": {
      "mean": 752.1916757528487,
      "stddev": 7.020357724929972,
      "unit": "ns"
    }
  },
  "encryption/aes256_gcm": {
    "current": {
      "mean": 922.6191027624596,
      "stddev": 29.780545938632468,
      "unit": "ns"
    },
    "new": {
      "mean": 922.6191027624596,
      "stddev": 29.780545938632468,
      "unit": "ns"
    }
  },
  "encryption/chacha20_poly1305": {
    "current": {
      "mean": 3534.7086514212847,
      "stddev": 18.84030409505908,
      "unit": "ns"
    },
    "new": {
      "mean": 3534.7086514212847,
      "stddev": 18.84030409505908,
      "unit": "ns"
    }
  },
  "json_validation/complex": {
    "current": {
      "mean": 638.175199833329,
      "stddev": 8.07129472835548,
      "unit": "ns"
    },
    "new": {
      "mean": 638.175199833329,
      "stddev": 8.07129472835548,
      "unit": "ns"
    }
  },
  "json_validation/simple": {
    "current": {
      "mean": 85.29995015616404,
      "stddev": 0.7729008377716715,
      "unit": "ns"
    },
    "new": {
      "mean": 85.29995015616404,
      "stddev": 0.7729008377716715,
      "unit": "ns"
    }
  },
  "memory/deep_template_rendering": {
    "current": {
      "mean": 1528.8877174381062,
      "stddev": 3.0544905803524403,
      "unit": "ns"
    },
    "new": {
      "mean": 1528.8877174381062,
      "stddev": 3.0544905803524403,
      "unit": "ns"
    }
  },
  "memory/large_data_validation": {
    "current": {
      "mean": 103069.85309804848,
      "stddev": 1045.6002349182722,
      "unit": "ns"
    },
    "new": {
      "mean": 103069.85309804848,
      "stddev": 1045.6002349182722,
      "unit": "ns"
    }
  },
  "memory/large_spec_parsing": {
    "current": {
      "mean": 7269767.7964285705,
      "stddev": 64189.53957903648,
      "unit": "ns"
    },
    "new": {
      "mean": 7269767.7964285705,
      "stddev": 64189.53957903648,
      "unit": "ns"
    }
  },
  "openapi_parsing/medium_spec_10_paths": {
    "current": {
      "mean": 161173.9053661853,
      "stddev": 3531.288021303575,
      "unit": "ns"
    },
    "new": {
      "mean": 161173.9053661853,
      "stddev": 3531.288021303575,
      "unit": "ns"
    }
  },
  "openapi_parsing/small_spec": {
    "current": {
      "mean": 22964.04129563954,
      "stddev": 578.677644354201,
      "unit": "ns"
    },
    "new": {
      "mean": 22964.04129563954,
      "stddev": 578.677644354201,
      "unit": "ns"
    }
  },
  "template_rendering/arrays": {
    "current": {
      "mean": 302.6441029710246,
      "stddev": 5.860444315504901,
      "unit": "ns"
    },
    "new": {
      "mean": 302.6441029710246,
      "stddev": 5.860444315504901,
      "unit": "ns"
    }
  },
  "template_rendering/complex": {
    "current": {
      "mean": 363.01428968002875,
      "stddev": 5.295734986298773,
      "unit": "ns"
    },
    "new": {
      "mean": 363.01428968002875,
      "stddev": 5.295734986298773,
      "unit": "ns"
    }
  },
  "template_rendering/simple": {
    "current": {
      "mean": 754.2539301808541,
      "stddev": 56.411674848771995,
      "unit": "ns"
    },
    "new": {
      "mean": 754.2539301808541,
      "stddev": 56.411674848771995,
      "unit": "ns"
    }
  }
}