{
  "data_generation/generate_single_record": {
    "current": {
      "mean": 793.9692037066047,
      "stddev": 6.262344291139266,
      "unit": "ns"
    },
    "new": {
      "mean": 793.9692037066047,
      "stddev": 6.262344291139266,
      "unit": "ns"
    }
  },
  "encryption/aes256_gcm": {
    "current": {
      "mean": 1096.7122788423794,
      "stddev": 12.192975518639509,
      "unit": "ns"
    },
    "new": {
      "mean": 1096.7122788423794,
      "stddev": 12.192975518639509,
      "unit": "ns"
    }
  },
  "encryption/chacha20_poly1305": {
    "current": {
      "mean": 4185.943254538189,
      "stddev": 50.34090651962436,
      "unit": "ns"
    },
    "new": {
      "mean": 4185.943254538189,
      "stddev": 50.34090651962436,
      "unit": "ns"
    }
  },
  "json_validation/complex": {
    "current": {
      "mean": 581.2181638877817,
      "stddev": 11.223393811505598,
      "unit": "ns"
    },
    "new": {
      "mean": 581.2181638877817,
      "stddev": 11.223393811505598,
      "unit": "ns"
    }
  },
  "json_validation/simple": {
    "current": {
      "mean": 99.86677363549592,
      "stddev": 0.8354892694420132,
      "unit": "ns"
    },
    "new": {
      "mean": 99.86677363549592,
      "stddev": 0.8354892694420132,
      "unit": "ns"
    }
  },
  "memory/deep_template_rendering": {
    "current": {
      "mean": 1446.8815901661487,
      "stddev": 1.6613055800831682,
      "unit": "ns"
    },
    "new": {
      "mean": 1446.8815901661487,
      "stddev": 1.6613055800831682,
      "unit": "ns"
    }
  },
  "memory/large_data_validation": {
    "current": {
      "mean": 105889.12123255711,
      "stddev": 649.3045186716399,
      "unit": "ns"
    },
    "new": {
      "mean": 105889.12123255711,
      "stddev": 649.3045186716399,
      "unit": "ns"
    }
  },
  "memory/large_spec_parsing": {
    "current": {
      "mean": 6970445.112711641,
      "stddev": 31930.08112145689,
      "unit": "ns"
    },
    "new": {
      "mean": 6970445.112711641,
      "stddev": 31930.08112145689,
      "unit": "ns"
    }
  },
  "openapi_parsing/medium_spec_10_paths": {
    "current": {
      "mean": 170563.71951188825,
      "stddev": 2749.2201061770666,
      "unit": "ns"
    },
    "new": {
      "mean": 170563.71951188825,
      "stddev": 2749.2201061770666,
      "unit": "ns"
    }
  },
  "openapi_parsing/small_spec": {
    "current": {
      "mean": 24269.638405526915,
      "stddev": 863.8758879895703,
      "unit": "ns"
    },
    "new": {
      "mean": 24269.638405526915,
      "stddev": 863.8758879895703,
      "unit": "ns"
    }
  },
  "template_rendering/arrays": {
    "current": {
      "mean": 307.83587912492334,
      "stddev": 9.559718058334825,
      "unit": "ns"
    },
    "new": {
      "mean": 307.83587912492334,
      "stddev": 9.559718058334825,
      "unit": "ns"
    }
  },
  "template_rendering/complex": {
    "current": {
      "mean": 370.1652182852394,
      "stddev": 4.253636543528516,
      "unit": "ns"
    },
    "new": {
      "mean": 370.1652182852394,
      "stddev": 4.253636543528516,
      "unit": "ns"
    }
  },
  "template_rendering/simple": {
    "current": {
      "mean": 893.7388647477637,
      "stddev": 14.762282044561031,
      "unit": "ns"
    },
    "new": {
      "mean": 893.7388647477637,
      "stddev": 14.762282044561031,
      "unit": "ns"
    }
  }
}