{
  "data_generation/generate_single_record": {
    "current": {
      "mean": 768.205747595043,
      "stddev": 15.911155967529549,
      "unit": "ns"
    },
    "new": {
      "mean": 768.205747595043,
      "stddev": 15.911155967529549,
      "unit": "ns"
    }
  },
  "encryption/aes256_gcm": {
    "current": {
      "mean": 1087.5556706114296,
      "stddev": 12.319324574036624,
      "unit": "ns"
    },
    "new": {
      "mean": 1087.5556706114296,
      "stddev": 12.319324574036624,
      "unit": "ns"
    }
  },
  "encryption/chacha20_poly1305": {
    "current": {
      "mean": 4168.8028684582505,
      "stddev": 21.873077991489765,
      "unit": "ns"
    },
    "new": {
      "mean": 4168.8028684582505,
      "stddev": 21.873077991489765,
      "unit": "ns"
    }
  },
  "json_validation/complex": {
    "current": {
      "mean": 567.015508388802,
      "stddev": 4.77537838322822,
      "unit": "ns"
    },
    "new": {
      "mean": 567.015508388802,
      "stddev": 4.77537838322822,
      "unit": "ns"
    }
  },
  "json_validation/simple": {
    "current": {
      "mean": 99.98277541971427,
      "stddev": 1.1082074278274396,
      "unit": "ns"
    },
    "new": {
      "mean": 99.98277541971427,
      "stddev": 1.1082074278274396,
      "unit": "ns"
    }
  },
  "memory/deep_template_rendering": {
    "current": {
      "mean": 1454.687896719571,
      "stddev": 11.767868585116682,
      "unit": "ns"
    },
    "new": {
      "mean": 1454.687896719571,
      "stddev": 11.767868585116682,
      "unit": "ns"
    }
  },
  "memory/large_data_validation": {
    "current": {
      "mean": 106510.68714898787,
      "stddev": 362.8089511030245,
      "unit": "ns"
    },
    "new": {
      "mean": 106510.68714898787,
      "stddev": 362.8089511030245,
      "unit": "ns"
    }
  },
  "memory/large_spec_parsing": {
    "current": {
      "mean": 7908776.35620635,
      "stddev": 135824.69048673814,
      "unit": "ns"
    },
    "new": {
      "mean": 7908776.35620635,
      "stddev": 135824.69048673814,
      "unit": "ns"
    }
  },
  "openapi_parsing/medium_spec_10_paths": {
    "current": {
      "mean": 168660.78974385827,
      "stddev": 3195.7931756500057,
      "unit": "ns"
    },
    "new": {
      "mean": 168660.78974385827,
      "stddev": 3195.7931756500057,
      "unit": "ns"
    }
  },
  "openapi_parsing/small_spec": {
    "current": {
      "mean": 24477.560463928534,
      "stddev": 187.70688988132372,
      "unit": "ns"
    },
    "new": {
      "mean": 24477.560463928534,
      "stddev": 187.70688988132372,
      "unit": "ns"
    }
  },
  "template_rendering/arrays": {
    "current": {
      "mean": 308.8011962929984,
      "stddev": 9.67868846132072,
      "unit": "ns"
    },
    "new": {
      "mean": 308.8011962929984,
      "stddev": 9.67868846132072,
      "unit": "ns"
    }
  },
  "template_rendering/complex": {
    "current": {
      "mean": 374.2467192195378,
      "stddev": 6.809241668341659,
      "unit": "ns"
    },
    "new": {
      "mean": 374.2467192195378,
      "stddev": 6.809241668341659,
      "unit": "ns"
    }
  },
  "template_rendering/simple": {
    "current": {
      "mean": 899.0367376945,
      "stddev": 21.67198136736543,
      "unit": "ns"
    },
    "new": {
      "mean": 899.0367376945,
      "stddev": 21.67198136736543,
      "unit": "ns"
    }
  }
}