{
  "data_generation/generate_single_record": {
    "current": {
      "mean": 772.914354395232,
      "stddev": 12.857545491934847,
      "unit": "ns"
    },
    "new": {
      "mean": 772.914354395232,
      "stddev": 12.857545491934847,
      "unit": "ns"
    }
  },
  "encryption/aes256_gcm": {
    "current": {
      "mean": 1087.3748607920359,
      "stddev": 18.44995729346748,
      "unit": "ns"
    },
    "new": {
      "mean": 1087.3748607920359,
      "stddev": 18.44995729346748,
      "unit": "ns"
    }
  },
  "encryption/chacha20_poly1305": {
    "current": {
      "mean": 4181.0838296205275,
      "stddev": 12.201040395313631,
      "unit": "ns"
    },
    "new": {
      "mean": 4181.0838296205275,
      "stddev": 12.201040395313631,
      "unit": "ns"
    }
  },
  "json_validation/complex": {
    "current": {
      "mean": 575.8708834492097,
      "stddev": 4.307695466046883,
      "unit": "ns"
    },
    "new": {
      "mean": 575.8708834492097,
      "stddev": 4.307695466046883,
      "unit": "ns"
    }
  },
  "json_validation/simple": {
    "current": {
      "mean": 98.82048202813789,
      "stddev": 0.6727288699902592,
      "unit": "ns"
    },
    "new": {
      "mean": 98.82048202813789,
      "stddev": 0.6727288699902592,
      "unit": "ns"
    }
  },
  "memory/deep_template_rendering": {
    "current": {
      "mean": 1441.2648966061802,
      "stddev": 1.6841084960585357,
      "unit": "ns"
    },
    "new": {
      "mean": 1441.2648966061802,
      "stddev": 1.6841084960585357,
      "unit": "ns"
    }
  },
  "memory/large_data_validation": {
    "current": {
      "mean": 105654.38784030783,
      "stddev": 882.7702697470211,
      "unit": "ns"
    },
    "new": {
      "mean": 105654.38784030783,
      "stddev": 882.7702697470211,
      "unit": "ns"
    }
  },
  "memory/large_spec_parsing": {
    "current": {
      "mean": 7158129.407132034,
      "stddev": 112155.17716099539,
      "unit": "ns"
    },
    "new": {
      "mean": 7158129.407132034,
      "stddev": 112155.17716099539,
      "unit": "ns"
    }
  },
  "openapi_parsing/medium_spec_10_paths": {
    "current": {
      "mean": 169102.97337983485,
      "stddev": 1535.0848264556596,
      "unit": "ns"
    },
    "new": {
      "mean": 169102.97337983485,
      "stddev": 1535.0848264556596,
      "unit": "ns"
    }
  },
  "openapi_parsing/small_spec": {
    "current": {
      "mean": 23570.509165252224,
      "stddev": 232.80260017341635,
      "unit": "ns"
    },
    "new": {
      "mean": 23570.509165252224,
      "stddev": 232.80260017341635,
      "unit": "ns"
    }
  },
  "template_rendering/arrays": {
    "current": {
      "mean": 306.30239730163163,
      "stddev": 4.888418138467378,
      "unit": "ns"
    },
    "new": {
      "mean": 306.30239730163163,
      "stddev": 4.888418138467378,
      "unit": "ns"
    }
  },
  "template_rendering/complex": {
    "current": {
      "mean": 371.81870848822143,
      "stddev": 3.3333057295984956,
      "unit": "ns"
    },
    "new": {
      "mean": 371.81870848822143,
      "stddev": 3.3333057295984956,
      "unit": "ns"
    }
  },
  "template_rendering/simple": {
    "current": {
      "mean": 917.5103257591238,
      "stddev": 18.407991951965222,
      "unit": "ns"
    },
    "new": {
      "mean": 917.5103257591238,
      "stddev": 18.407991951965222,
      "unit": "ns"
    }
  }
}