{
  "data_generation/generate_single_record": {
    "current": {
      "mean": 817.99546564189,
      "stddev": 54.443285098361905,
      "unit": "ns"
    },
    "new": {
      "mean": 817.99546564189,
      "stddev": 54.443285098361905,
      "unit": "ns"
    }
  },
  "encryption/aes256_gcm": {
    "current": {
      "mean": 1230.436577517369,
      "stddev": 120.25221680184318,
      "unit": "ns"
    },
    "new": {
      "mean": 1230.436577517369,
      "stddev": 120.25221680184318,
      "unit": "ns"
    }
  },
  "encryption/chacha20_poly1305": {
    "current": {
      "mean": 4350.739450865212,
      "stddev": 115.7401903832817,
      "unit": "ns"
    },
    "new": {
      "mean": 4350.739450865212,
      "stddev": 115.7401903832817,
      "unit": "ns"
    }
  },
  "json_validation/complex": {
    "current": {
      "mean": 638.8829387619594,
      "stddev": 80.42064406746574,
      "unit": "ns"
    },
    "new": {
      "mean": 638.8829387619594,
      "stddev": 80.42064406746574,
      "unit": "ns"
    }
  },
  "json_validation/simple": {
    "current": {
      "mean": 108.65712910464737,
      "stddev": 12.950744038907107,
      "unit": "ns"
    },
    "new": {
      "mean": 108.65712910464737,
      "stddev": 12.950744038907107,
      "unit": "ns"
    }
  },
  "memory/deep_template_rendering": {
    "current": {
      "mean": 1658.9151539921816,
      "stddev": 44.67216527516384,
      "unit": "ns"
    },
    "new": {
      "mean": 1658.9151539921816,
      "stddev": 44.67216527516384,
      "unit": "ns"
    }
  },
  "memory/large_data_validation": {
    "current": {
      "mean": 116915.15473214288,
      "stddev": 5735.28903356226,
      "unit": "ns"
    },
    "new": {
      "mean": 116915.15473214288,
      "stddev": 5735.28903356226,
      "unit": "ns"
    }
  },
  "memory/large_spec_parsing": {
    "current": {
      "mean": 8224068.642645502,
      "stddev": 404156.42375590047,
      "unit": "ns"
    },
    "new": {
      "mean": 8224068.642645502,
      "stddev": 404156.42375590047,
      "unit": "ns"
    }
  },
  "openapi_parsing/medium_spec_10_paths": {
    "current": {
      "mean": 189340.72695363016,
      "stddev": 19024.374526329877,
      "unit": "ns"
    },
    "new": {
      "mean": 189340.72695363016,
      "stddev": 19024.374526329877,
      "unit": "ns"
    }
  },
  "openapi_parsing/small_spec": {
    "current": {
      "mean": 25786.72491923529,
      "stddev": 1716.1468249322438,
      "unit": "ns"
    },
    "new": {
      "mean": 25786.72491923529,
      "stddev": 1716.1468249322438,
      "unit": "ns"
    }
  },
  "template_rendering/arrays": {
    "current": {
      "mean": 382.81341569685685,
      "stddev": 62.03639045281222,
      "unit": "ns"
    },
    "new": {
      "mean": 382.81341569685685,
      "stddev": 62.03639045281222,
      "unit": "ns"
    }
  },
  "template_rendering/complex": {
    "current": {
      "mean": 430.80399554837976,
      "stddev": 36.97666247570732,
      "unit": "ns"
    },
    "new": {
      "mean": 430.80399554837976,
      "stddev": 36.97666247570732,
      "unit": "ns"
    }
  },
  "template_rendering/simple": {
    "current": {
      "mean": 750.3816522401977,
      "stddev": 39.690411733115276,
      "unit": "ns"
    },
    "new": {
      "mean": 750.3816522401977,
      "stddev": 39.690411733115276,
      "unit": "ns"
    }
  }
}