{
  "data_generation/generate_single_record": {
    "current": {
      "mean": 763.9514844473831,
      "stddev": 26.457066248412204,
      "unit": "ns"
    },
    "new": {
      "mean": 763.9514844473831,
      "stddev": 26.457066248412204,
      "unit": "ns"
    }
  },
  "encryption/aes256_gcm": {
    "current": {
      "mean": 1104.4599728671544,
      "stddev": 13.383587832488175,
      "unit": "ns"
    },
    "new": {
      "mean": 1104.4599728671544,
      "stddev": 13.383587832488175,
      "unit": "ns"
    }
  },
  "encryption/chacha20_poly1305": {
    "current": {
      "mean": 4125.710450691633,
      "stddev": 13.005830629366123,
      "unit": "ns"
    },
    "new": {
      "mean": 4125.710450691633,
      "stddev": 13.005830629366123,
      "unit": "ns"
    }
  },
  "json_validation/complex": {
    "current": {
      "mean": 597.9938606064535,
      "stddev": 5.857569382429016,
      "unit": "ns"
    },
    "new": {
      "mean": 597.9938606064535,
      "stddev": 5.857569382429016,
      "unit": "ns"
    }
  },
  "json_validation/simple": {
    "current": {
      "mean": 101.96183819592659,
      "stddev": 2.1419054668467594,
      "unit": "ns"
    },
    "new": {
      "mean": 101.96183819592659,
      "stddev": 2.1419054668467594,
      "unit": "ns"
    }
  },
  "memory/deep_template_rendering": {
    "current": {
      "mean": 1435.3618973221742,
      "stddev": 2.8108277352059265,
      "unit": "ns"
    },
    "new": {
      "mean": 1435.3618973221742,
      "stddev": 2.8108277352059265,
      "unit": "ns"
    }
  },
  "memory/large_data_validation": {
    "current": {
      "mean": 106655.57038600286,
      "stddev": 591.1843782741922,
      "unit": "ns"
    },
    "new": {
      "mean": 106655.57038600286,
      "stddev": 591.1843782741922,
      "unit": "ns"
    }
  },
  "memory/large_spec_parsing": {
    "current": {
      "mean": 7897527.423583333,
      "stddev": 256748.774696519,
      "unit": "ns"
    },
    "new": {
      "mean": 7897527.423583333,
      "stddev": 256748.774696519,
      "unit": "ns"
    }
  },
  "openapi_parsing/medium_spec_10_paths": {
    "current": {
      "mean": 173501.0170077587,
      "stddev": 5509.057969228525,
      "unit": "ns"
    },
    "new": {
      "mean": 173501.0170077587,
      "stddev": 5509.057969228525,
      "unit": "ns"
    }
  },
  "openapi_parsing/small_spec": {
    "current": {
      "mean": 24864.989527258895,
      "stddev": 569.13073407795,
      "unit": "ns"
    },
    "new": {
      "mean": 24864.989527258895,
      "stddev": 569.13073407795,
      "unit": "ns"
    }
  },
  "template_rendering/arrays": {
    "current": {
      "mean": 311.13530235691644,
      "stddev": 3.2551399711906086,
      "unit": "ns"
    },
    "new": {
      "mean": 311.13530235691644,
      "stddev": 3.2551399711906086,
      "unit": "ns"
    }
  },
  "template_rendering/complex": {
    "current": {
      "mean": 374.80926279910955,
      "stddev": 6.123812788439586,
      "unit": "ns"
    },
    "new": {
      "mean": 374.80926279910955,
      "stddev": 6.123812788439586,
      "unit": "ns"
    }
  },
  "template_rendering/simple": {
    "current": {
      "mean": 1230.3367392882567,
      "stddev": 69.92833874789622,
      "unit": "ns"
    },
    "new": {
      "mean": 1230.3367392882567,
      "stddev": 69.92833874789622,
      "unit": "ns"
    }
  }
}