{
  "data_generation/generate_single_record": {
    "current": {
      "mean": 771.1827177412544,
      "stddev": 9.718884970860369,
      "unit": "ns"
    },
    "new": {
      "mean": 771.1827177412544,
      "stddev": 9.718884970860369,
      "unit": "ns"
    }
  },
  "encryption/aes256_gcm": {
    "current": {
      "mean": 1075.9681048120174,
      "stddev": 10.734964534579593,
      "unit": "ns"
    },
    "new": {
      "mean": 1075.9681048120174,
      "stddev": 10.734964534579593,
      "unit": "ns"
    }
  },
  "encryption/chacha20_poly1305": {
    "current": {
      "mean": 4150.469244934498,
      "stddev": 22.509331235654713,
      "unit": "ns"
    },
    "new": {
      "mean": 4150.469244934498,
      "stddev": 22.509331235654713,
      "unit": "ns"
    }
  },
  "json_validation/complex": {
    "current": {
      "mean": 575.8562633063532,
      "stddev": 8.446998495294311,
      "unit": "ns"
    },
    "new": {
      "mean": 575.8562633063532,
      "stddev": 8.446998495294311,
      "unit": "ns"
    }
  },
  "json_validation/simple": {
    "current": {
      "mean": 102.0540373857171,
      "stddev": 2.7460621824790876,
      "unit": "ns"
    },
    "new": {
      "mean": 102.0540373857171,
      "stddev": 2.7460621824790876,
      "unit": "ns"
    }
  },
  "memory/deep_template_rendering": {
    "current": {
      "mean": 1489.3907169064796,
      "stddev": 2.809200052149713,
      "unit": "ns"
    },
    "new": {
      "mean": 1489.3907169064796,
      "stddev": 2.809200052149713,
      "unit": "ns"
    }
  },
  "memory/large_data_validation": {
    "current": {
      "mean": 104524.04588984128,
      "stddev": 364.49333985834556,
      "unit": "ns"
    },
    "new": {
      "mean": 104524.04588984128,
      "stddev": 364.49333985834556,
      "unit": "ns"
    }
  },
  "memory/large_spec_parsing": {
    "current": {
      "mean": 6998933.532271825,
      "stddev": 24455.391590260384,
      "unit": "ns"
    },
    "new": {
      "mean": 6998933.532271825,
      "stddev": 24455.391590260384,
      "unit": "ns"
    }
  },
  "openapi_parsing/medium_spec_10_paths": {
    "current": {
      "mean": 169784.54457126625,
      "stddev": 1769.009680928063,
      "unit": "ns"
    },
    "new": {
      "mean": 169784.54457126625,
      "stddev": 1769.009680928063,
      "unit": "ns"
    }
  },
  "openapi_parsing/small_spec": {
    "current": {
      "mean": 23826.379996098523,
      "stddev": 221.97237848065598,
      "unit": "ns"
    },
    "new": {
      "mean": 23826.379996098523,
      "stddev": 221.97237848065598,
      "unit": "ns"
    }
  },
  "template_rendering/arrays": {
    "current": {
      "mean": 327.32548414393017,
      "stddev": 2.2182367482926506,
      "unit": "ns"
    },
    "new": {
      "mean": 327.32548414393017,
      "stddev": 2.2182367482926506,
      "unit": "ns"
    }
  },
  "template_rendering/complex": {
    "current": {
      "mean": 384.52097538409976,
      "stddev": 6.556401902090538,
      "unit": "ns"
    },
    "new": {
      "mean": 384.52097538409976,
      "stddev": 6.556401902090538,
      "unit": "ns"
    }
  },
  "template_rendering/simple": {
    "current": {
      "mean": 925.3027418034802,
      "stddev": 25.05266492756603,
      "unit": "ns"
    },
    "new": {
      "mean": 925.3027418034802,
      "stddev": 25.05266492756603,
      "unit": "ns"
    }
  }
}