{
  "data_generation/generate_single_record": {
    "current": {
      "mean": 758.2039934788372,
      "stddev": 7.757799273877873,
      "unit": "ns"
    },
    "new": {
      "mean": 758.2039934788372,
      "stddev": 7.757799273877873,
      "unit": "ns"
    }
  },
  "encryption/aes256_gcm": {
    "current": {
      "mean": 1125.8179856873285,
      "stddev": 28.442478188124326,
      "unit": "ns"
    },
    "new": {
      "mean": 1125.8179856873285,
      "stddev": 28.442478188124326,
      "unit": "ns"
    }
  },
  "encryption/chacha20_poly1305": {
    "current": {
      "mean": 4136.4560336747745,
      "stddev": 52.73096695223168,
      "unit": "ns"
    },
    "new": {
      "mean": 4136.4560336747745,
      "stddev": 52.73096695223168,
      "unit": "ns"
    }
  },
  "json_validation/complex": {
    "current": {
      "mean": 597.0789926751348,
      "stddev": 16.76626976925297,
      "unit": "ns"
    },
    "new": {
      "mean": 597.0789926751348,
      "stddev": 16.76626976925297,
      "unit": "ns"
    }
  },
  "json_validation/simple": {
    "current": {
      "mean": 100.53390241058209,
      "stddev": 1.1579204343098368,
      "unit": "ns"
    },
    "new": {
      "mean": 100.53390241058209,
      "stddev": 1.1579204343098368,
      "unit": "ns"
    }
  },
  "memory/deep_template_rendering": {
    "current": {
      "mean": 1506.2601535658548,
      "stddev": 5.091901701041916,
      "unit": "ns"
    },
    "new": {
      "mean": 1506.2601535658548,
      "stddev": 5.091901701041916,
      "unit": "ns"
    }
  },
  "memory/large_data_validation": {
    "current": {
      "mean": 106813.40337535669,
      "stddev": 249.31105474834163,
      "unit": "ns"
    },
    "new": {
      "mean": 106813.40337535669,
      "stddev": 249.31105474834163,
      "unit": "ns"
    }
  },
  "memory/large_spec_parsing": {
    "current": {
      "mean": 7882697.497218253,
      "stddev": 188767.705307441,
      "unit": "ns"
    },
    "new": {
      "mean": 7882697.497218253,
      "stddev": 188767.705307441,
      "unit": "ns"
    }
  },
  "openapi_parsing/medium_spec_10_paths": {
    "current": {
      "mean": 169394.13909851402,
      "stddev": 2198.0482965917454,
      "unit": "ns"
    },
    "new": {
      "mean": 169394.13909851402,
      "stddev": 2198.0482965917454,
      "unit": "ns"
    }
  },
  "openapi_parsing/small_spec": {
    "current": {
      "mean": 24636.36192127468,
      "stddev": 580.538331537166,
      "unit": "ns"
    },
    "new": {
      "mean": 24636.36192127468,
      "stddev": 580.538331537166,
      "unit": "ns"
    }
  },
  "template_rendering/arrays": {
    "current": {
      "mean": 317.1597886924948,
      "stddev": 13.658479432779874,
      "unit": "ns"
    },
    "new": {
      "mean": 317.1597886924948,
      "stddev": 13.658479432779874,
      "unit": "ns"
    }
  },
  "template_rendering/complex": {
    "current": {
      "mean": 394.1275630601228,
      "stddev": 10.829830015087898,
      "unit": "ns"
    },
    "new": {
      "mean": 394.1275630601228,
      "stddev": 10.829830015087898,
      "unit": "ns"
    }
  },
  "template_rendering/simple": {
    "current": {
      "mean": 928.4225861893079,
      "stddev": 49.78179364737974,
      "unit": "ns"
    },
    "new": {
      "mean": 928.4225861893079,
      "stddev": 49.78179364737974,
      "unit": "ns"
    }
  }
}