{
  "data_generation/generate_single_record": {
    "current": {
      "mean": 772.1243806606794,
      "stddev": 5.637143102457554,
      "unit": "ns"
    },
    "new": {
      "mean": 772.1243806606794,
      "stddev": 5.637143102457554,
      "unit": "ns"
    }
  },
  "encryption/aes256_gcm": {
    "current": {
      "mean": 1105.522813500466,
      "stddev": 14.851914382059674,
      "unit": "ns"
    },
    "new": {
      "mean": 1105.522813500466,
      "stddev": 14.851914382059674,
      "unit": "ns"
    }
  },
  "encryption/chacha20_poly1305": {
    "current": {
      "mean": 4171.377689229806,
      "stddev": 26.35026849049497,
      "unit": "ns"
    },
    "new": {
      "mean": 4171.377689229806,
      "stddev": 26.35026849049497,
      "unit": "ns"
    }
  },
  "json_validation/complex": {
    "current": {
      "mean": 580.2555315899381,
      "stddev": 4.9910370784162374,
      "unit": "ns"
    },
    "new": {
      "mean": 580.2555315899381,
      "stddev": 4.9910370784162374,
      "unit": "ns"
    }
  },
  "json_validation/simple": {
    "current": {
      "mean": 100.72315025308446,
      "stddev": 1.1908580947415905,
      "unit": "ns"
    },
    "new": {
      "mean": 100.72315025308446,
      "stddev": 1.1908580947415905,
      "unit": "ns"
    }
  },
  "memory/deep_template_rendering": {
    "current": {
      "mean": 1479.9398858900945,
      "stddev": 1.2006842425449422,
      "unit": "ns"
    },
    "new": {
      "mean": 1479.9398858900945,
      "stddev": 1.2006842425449422,
      "unit": "ns"
    }
  },
  "memory/large_data_validation": {
    "current": {
      "mean": 104766.43308352849,
      "stddev": 425.111643605333,
      "unit": "ns"
    },
    "new": {
      "mean": 104766.43308352849,
      "stddev": 425.111643605333,
      "unit": "ns"
    }
  },
  "memory/large_spec_parsing": {
    "current": {
      "mean": 6956039.429236111,
      "stddev": 18282.782881016545,
      "unit": "ns"
    },
    "new": {
      "mean": 6956039.429236111,
      "stddev": 18282.782881016545,
      "unit": "ns"
    }
  },
  "openapi_parsing/medium_spec_10_paths": {
    "current": {
      "mean": 170377.3342871952,
      "stddev": 1980.7176563678763,
      "unit": "ns"
    },
    "new": {
      "mean": 170377.3342871952,
      "stddev": 1980.7176563678763,
      "unit": "ns"
    }
  },
  "openapi_parsing/small_spec": {
    "current": {
      "mean": 24381.517741930038,
      "stddev": 637.1579297562433,
      "unit": "ns"
    },
    "new": {
      "mean": 24381.517741930038,
      "stddev": 637.1579297562433,
      "unit": "ns"
    }
  },
  "template_rendering/arrays": {
    "current": {
      "mean": 317.4806217396996,
      "stddev": 9.227063867845244,
      "unit": "ns"
    },
    "new": {
      "mean": 317.4806217396996,
      "stddev": 9.227063867845244,
      "unit": "ns"
    }
  },
  "template_rendering/complex": {
    "current": {
      "mean": 371.3510178350951,
      "stddev": 9.205655032025408,
      "unit": "ns"
    },
    "new": {
      "mean": 371.3510178350951,
      "stddev": 9.205655032025408,
      "unit": "ns"
    }
  },
  "template_rendering/simple": {
    "current": {
      "mean": 1270.0874871143888,
      "stddev": 82.79156876869807,
      "unit": "ns"
    },
    "new": {
      "mean": 1270.0874871143888,
      "stddev": 82.79156876869807,
      "unit": "ns"
    }
  }
}