{
  "data_generation/generate_single_record": {
    "current": {
      "mean": 774.5135632198082,
      "stddev": 7.101081633162599,
      "unit": "ns"
    },
    "new": {
      "mean": 774.5135632198082,
      "stddev": 7.101081633162599,
      "unit": "ns"
    }
  },
  "encryption/aes256_gcm": {
    "current": {
      "mean": 1097.4065987584163,
      "stddev": 7.833646247392645,
      "unit": "ns"
    },
    "new": {
      "mean": 1097.4065987584163,
      "stddev": 7.833646247392645,
      "unit": "ns"
    }
  },
  "encryption/chacha20_poly1305": {
    "current": {
      "mean": 4164.271882901899,
      "stddev": 8.343223865088376,
      "unit": "ns"
    },
    "new": {
      "mean": 4164.271882901899,
      "stddev": 8.343223865088376,
      "unit": "ns"
    }
  },
  "json_validation/complex": {
    "current": {
      "mean": 579.6777494823574,
      "stddev": 9.40192739166143,
      "unit": "ns"
    },
    "new": {
      "mean": 579.6777494823574,
      "stddev": 9.40192739166143,
      "unit": "ns"
    }
  },
  "json_validation/simple": {
    "current": {
      "mean": 100.97052527808938,
      "stddev": 5.100331673525345,
      "unit": "ns"
    },
    "new": {
      "mean": 100.97052527808938,
      "stddev": 5.100331673525345,
      "unit": "ns"
    }
  },
  "memory/deep_template_rendering": {
    "current": {
      "mean": 1472.5349439504546,
      "stddev": 1.3345392956885005,
      "unit": "ns"
    },
    "new": {
      "mean": 1472.5349439504546,
      "stddev": 1.3345392956885005,
      "unit": "ns"
    }
  },
  "memory/large_data_validation": {
    "current": {
      "mean": 105955.98021847321,
      "stddev": 335.3731528367285,
      "unit": "ns"
    },
    "new": {
      "mean": 105955.98021847321,
      "stddev": 335.3731528367285,
      "unit": "ns"
    }
  },
  "memory/large_spec_parsing": {
    "current": {
      "mean": 6999227.998799604,
      "stddev": 23870.94690750785,
      "unit": "ns"
    },
    "new": {
      "mean": 6999227.998799604,
      "stddev": 23870.94690750785,
      "unit": "ns"
    }
  },
  "openapi_parsing/medium_spec_10_paths": {
    "current": {
      "mean": 171822.4710686913,
      "stddev": 2690.646142923009,
      "unit": "ns"
    },
    "new": {
      "mean": 171822.4710686913,
      "stddev": 2690.646142923009,
      "unit": "ns"
    }
  },
  "openapi_parsing/small_spec": {
    "current": {
      "mean": 24372.690511326186,
      "stddev": 403.2723304119977,
      "unit": "ns"
    },
    "new": {
      "mean": 24372.690511326186,
      "stddev": 403.2723304119977,
      "unit": "ns"
    }
  },
  "template_rendering/arrays": {
    "current": {
      "mean": 308.5638896542382,
      "stddev": 2.290398836373068,
      "unit": "ns"
    },
    "new": {
      "mean": 308.5638896542382,
      "stddev": 2.290398836373068,
      "unit": "ns"
    }
  },
  "template_rendering/complex": {
    "current": {
      "mean": 380.5408423232964,
      "stddev": 12.091262567896463,
      "unit": "ns"
    },
    "new": {
      "mean": 380.5408423232964,
      "stddev": 12.091262567896463,
      "unit": "ns"
    }
  },
  "template_rendering/simple": {
    "current": {
      "mean": 921.4837778317477,
      "stddev": 31.779839544014454,
      "unit": "ns"
    },
    "new": {
      "mean": 921.4837778317477,
      "stddev": 31.779839544014454,
      "unit": "ns"
    }
  }
}