{
  "data_generation/generate_single_record": {
    "current": {
      "mean": 797.5119590885529,
      "stddev": 17.438845490792897,
      "unit": "ns"
    },
    "new": {
      "mean": 797.5119590885529,
      "stddev": 17.438845490792897,
      "unit": "ns"
    }
  },
  "encryption/aes256_gcm": {
    "current": {
      "mean": 1105.5135802538489,
      "stddev": 27.592822348274325,
      "unit": "ns"
    },
    "new": {
      "mean": 1105.5135802538489,
      "stddev": 27.592822348274325,
      "unit": "ns"
    }
  },
  "encryption/chacha20_poly1305": {
    "current": {
      "mean": 4133.488302423983,
      "stddev": 14.064699217410816,
      "unit": "ns"
    },
    "new": {
      "mean": 4133.488302423983,
      "stddev": 14.064699217410816,
      "unit": "ns"
    }
  },
  "json_validation/complex": {
    "current": {
      "mean": 587.6492055272784,
      "stddev": 8.267027900494798,
      "unit": "ns"
    },
    "new": {
      "mean": 587.6492055272784,
      "stddev": 8.267027900494798,
      "unit": "ns"
    }
  },
  "json_validation/simple": {
    "current": {
      "mean": 98.1635413591418,
      "stddev": 1.7245607931362612,
      "unit": "ns"
    },
    "new": {
      "mean": 98.1635413591418,
      "stddev": 1.7245607931362612,
      "unit": "ns"
    }
  },
  "memory/deep_template_rendering": {
    "current": {
      "mean": 1447.3271646875442,
      "stddev": 67.893039606313,
      "unit": "ns"
    },
    "new": {
      "mean": 1447.3271646875442,
      "stddev": 67.893039606313,
      "unit": "ns"
    }
  },
  "memory/large_data_validation": {
    "current": {
      "mean": 106143.30933518006,
      "stddev": 257.78197270402757,
      "unit": "ns"
    },
    "new": {
      "mean": 106143.30933518006,
      "stddev": 257.78197270402757,
      "unit": "ns"
    }
  },
  "memory/large_spec_parsing": {
    "current": {
      "mean": 7011944.779426406,
      "stddev": 99442.86326004448,
      "unit": "ns"
    },
    "new": {
      "mean": 7011944.779426406,
      "stddev": 99442.86326004448,
      "unit": "ns"
    }
  },
  "openapi_parsing/medium_spec_10_paths": {
    "current": {
      "mean": 173302.33566720507,
      "stddev": 3380.950419814715,
      "unit": "ns"
    },
    "new": {
      "mean": 173302.33566720507,
      "stddev": 3380.950419814715,
      "unit": "ns"
    }
  },
  "openapi_parsing/small_spec": {
    "current": {
      "mean": 24207.265286795606,
      "stddev": 456.39807057596187,
      "unit": "ns"
    },
    "new": {
      "mean": 24207.265286795606,
      "stddev": 456.39807057596187,
      "unit": "ns"
    }
  },
  "template_rendering/arrays": {
    "current": {
      "mean": 311.8994302819745,
      "stddev": 5.329686162780185,
      "unit": "ns"
    },
    "new": {
      "mean": 311.8994302819745,
      "stddev": 5.329686162780185,
      "unit": "ns"
    }
  },
  "template_rendering/complex": {
    "current": {
      "mean": 366.2090348367471,
      "stddev": 6.534767685296117,
      "unit": "ns"
    },
    "new": {
      "mean": 366.2090348367471,
      "stddev": 6.534767685296117,
      "unit": "ns"
    }
  },
  "template_rendering/simple": {
    "current": {
      "mean": 1183.4562382385488,
      "stddev": 15.494734688286984,
      "unit": "ns"
    },
    "new": {
      "mean": 1183.4562382385488,
      "stddev": 15.494734688286984,
      "unit": "ns"
    }
  }
}