{
  "data_generation/generate_single_record": {
    "current": {
      "mean": 775.7791707920271,
      "stddev": 9.998917376225844,
      "unit": "ns"
    },
    "new": {
      "mean": 775.7791707920271,
      "stddev": 9.998917376225844,
      "unit": "ns"
    }
  },
  "encryption/aes256_gcm": {
    "current": {
      "mean": 1090.8566789836693,
      "stddev": 13.375712410863427,
      "unit": "ns"
    },
    "new": {
      "mean": 1090.8566789836693,
      "stddev": 13.375712410863427,
      "unit": "ns"
    }
  },
  "encryption/chacha20_poly1305": {
    "current": {
      "mean": 4123.649094698425,
      "stddev": 19.965462724785013,
      "unit": "ns"
    },
    "new": {
      "mean": 4123.649094698425,
      "stddev": 19.965462724785013,
      "unit": "ns"
    }
  },
  "json_validation/complex": {
    "current": {
      "mean": 581.627206971755,
      "stddev": 10.148951828460614,
      "unit": "ns"
    },
    "new": {
      "mean": 581.627206971755,
      "stddev": 10.148951828460614,
      "unit": "ns"
    }
  },
  "json_validation/simple": {
    "current": {
      "mean": 99.58108628673276,
      "stddev": 1.0903271273156157,
      "unit": "ns"
    },
    "new": {
      "mean": 99.58108628673276,
      "stddev": 1.0903271273156157,
      "unit": "ns"
    }
  },
  "memory/deep_template_rendering": {
    "current": {
      "mean": 1437.1251691939274,
      "stddev": 1.633212244662544,
      "unit": "ns"
    },
    "new": {
      "mean": 1437.1251691939274,
      "stddev": 1.633212244662544,
      "unit": "ns"
    }
  },
  "memory/large_data_validation": {
    "current": {
      "mean": 106159.81875595238,
      "stddev": 265.5003767107208,
      "unit": "ns"
    },
    "new": {
      "mean": 106159.81875595238,
      "stddev": 265.5003767107208,
      "unit": "ns"
    }
  },
  "memory/large_spec_parsing": {
    "current": {
      "mean": 7111779.962890212,
      "stddev": 150264.84737230884,
      "unit": "ns"
    },
    "new": {
      "mean": 7111779.962890212,
      "stddev": 150264.84737230884,
      "unit": "ns"
    }
  },
  "openapi_parsing/medium_spec_10_paths": {
    "current": {
      "mean": 168548.9479670273,
      "stddev": 1921.9988696323544,
      "unit": "ns"
    },
    "new": {
      "mean": 168548.9479670273,
      "stddev": 1921.9988696323544,
      "unit": "ns"
    }
  },
  "openapi_parsing/small_spec": {
    "current": {
      "mean": 24057.387810110253,
      "stddev": 262.09023600691586,
      "unit": "ns"
    },
    "new": {
      "mean": 24057.387810110253,
      "stddev": 262.09023600691586,
      "unit": "ns"
    }
  },
  "template_rendering/arrays": {
    "current": {
      "mean": 313.20221076948775,
      "stddev": 6.474506780868505,
      "unit": "ns"
    },
    "new": {
      "mean": 313.20221076948775,
      "stddev": 6.474506780868505,
      "unit": "ns"
    }
  },
  "template_rendering/complex": {
    "current": {
      "mean": 369.22079001646705,
      "stddev": 5.544375107632823,
      "unit": "ns"
    },
    "new": {
      "mean": 369.22079001646705,
      "stddev": 5.544375107632823,
      "unit": "ns"
    }
  },
  "template_rendering/simple": {
    "current": {
      "mean": 1233.139618735926,
      "stddev": 61.39201532194061,
      "unit": "ns"
    },
    "new": {
      "mean": 1233.139618735926,
      "stddev": 61.39201532194061,
      "unit": "ns"
    }
  }
}